# Blender 5.2.0 LTS
# www.blender.org
o hangar_midorian_x2_WELDED
v 58.738964 -2.146818 -129.625839
v 57.528259 -2.322803 -129.615280
v 57.765732 -2.322803 -128.905685
v 58.374889 -2.322803 -128.471161
v 59.123161 -2.322803 -128.477676
v 60.607292 -9.371696 -133.440598
v 59.949707 -2.322803 -129.636444
v 57.164207 -3.352720 -128.460571
v 56.780018 -3.352720 -129.608780
v 58.149902 -3.352720 -127.757507
v 59.360584 -3.352720 -127.768074
v 60.333916 -3.352720 -128.488297
v 57.164207 -9.371696 -128.460571
v 56.780018 -9.371696 -129.608780
v 58.149902 -9.371696 -127.757507
v 59.360584 -9.371696 -127.768074
v 59.904236 -9.371696 -132.454895
v 57.765732 -10.401612 -128.905685
v 57.528259 -10.401612 -129.615280
v 58.374889 -10.401612 -128.471161
v 59.123161 -10.401612 -128.477676
v 59.724705 -10.401612 -128.922806
v 59.712215 -2.322803 -130.346024
v 59.103046 -2.322803 -130.780533
v 58.354763 -2.322803 -130.774017
v 57.753281 -2.322803 -130.328918
v 58.117344 -3.352720 -131.483643
v 59.328026 -3.352720 -131.494202
v 57.144081 -3.352720 -130.763428
v 58.117344 -9.371696 -131.483643
v 59.876522 -3.352720 -135.624527
v 57.144081 -9.371696 -130.763428
v 58.354763 -10.401612 -130.774017
v 59.103046 -10.401612 -130.780533
v 57.753281 -10.401612 -130.328918
v 58.738972 -2.146818 -134.029633
v 58.728397 -2.322803 -135.240356
v 58.018818 -2.322803 -135.002884
v 57.584274 -2.322803 -134.393723
v 57.590809 -2.322803 -133.645432
v 58.035896 -2.322803 -133.043945
v 58.749531 -2.322803 -132.818954
v 57.573711 -3.352720 -135.604401
v 58.721893 -3.352720 -135.988617
v 56.870632 -3.352720 -134.618713
v 56.881191 -3.352720 -133.408035
v 57.601376 -3.352720 -132.434769
v 58.756042 -3.352720 -132.070694
v 57.573711 -9.371696 -135.604401
v 58.721893 -9.371696 -135.988617
v 56.870632 -9.371696 -134.618713
v 56.881191 -9.371696 -133.408035
v 57.601376 -9.371696 -132.434769
v 58.756042 -9.371696 -132.070694
v 58.018818 -10.401612 -135.002884
v 58.728397 -10.401612 -135.240356
v 57.584274 -10.401612 -134.393723
v 57.590809 -10.401612 -133.645432
v 58.035896 -10.401612 -133.043945
v 58.749531 -10.401612 -132.818954
v 59.459118 -2.322803 -133.056412
v 58.629101 -8.370617 -122.240952
v 59.904236 -3.352720 -132.454895
v 59.155781 6.035128 -129.026611
v 58.629402 -10.533565 -126.283920
v 58.943729 6.540333 -128.791702
v 59.459118 -10.401612 -133.056412
v 59.442009 -10.401612 -135.015335
v 56.304775 -7.552636 -129.909027
v 56.304775 -10.407326 -129.909027
v 56.558319 -10.407326 -129.968048
v 56.558319 -7.603090 -129.968048
v 56.100525 -7.512176 -130.070450
v 56.100525 -10.407326 -130.070450
v 56.099403 -7.512176 -130.330765
v 56.099403 -10.407326 -130.330765
v 56.430233 -7.249541 -129.909576
v 56.637058 -7.412878 -129.968399
v 56.263474 -7.118556 -130.071136
v 56.262321 -7.118556 -130.331467
v 56.736580 -7.027323 -129.910904
v 56.819588 -7.280481 -129.969193
v 56.669121 -6.824306 -130.072922
v 56.667988 -6.824306 -130.333252
v 57.074451 -7.024675 -129.912384
v 57.076199 -7.278471 -129.970322
v 57.072147 -6.821148 -130.074677
v 57.071014 -6.821148 -130.335007
v 56.309315 -7.552636 -128.713211
v 56.309315 -10.407326 -128.713211
v 56.562851 -10.407326 -128.772232
v 56.562851 -7.603090 -128.772232
v 56.105068 -7.512176 -128.874634
v 56.105068 -10.407326 -128.874634
v 56.103943 -7.512176 -129.134949
v 56.103943 -10.407326 -129.134949
v 56.306755 -7.552636 -129.298172
v 56.306755 -10.407326 -129.298172
v 56.434772 -7.249541 -128.713760
v 56.641602 -7.412878 -128.772583
v 56.268005 -7.118556 -128.875336
v 56.266872 -7.118556 -129.135666
v 56.741123 -7.027323 -128.715088
v 56.824120 -7.280481 -128.773361
v 56.673653 -6.824306 -128.877090
v 56.672520 -6.824306 -129.137436
v 57.079002 -7.024675 -128.716568
v 57.080730 -7.278471 -128.774506
v 57.076687 -6.821148 -128.878876
v 57.075554 -6.821148 -129.139191
v 58.947598 1.693088 -132.080048
v 58.541172 1.694860 -132.080063
v 58.541191 1.694860 -120.931175
v 58.947586 1.693086 -120.931160
v 58.330761 1.179910 -132.080048
v 58.330761 1.179911 -120.931175
v 58.745682 0.802491 -132.080063
v 58.744385 0.802782 -120.931152
v 59.158699 1.018741 -133.663895
v 59.158005 1.178138 -133.278809
v 58.744385 0.802785 -133.204391
v 58.740116 0.713215 -133.422943
v 58.540077 1.440490 -133.995880
v 58.541180 1.694861 -133.381409
v 58.947586 1.438718 -133.995880
v 58.330067 1.020514 -133.663910
v 58.330761 1.179911 -133.278839
v 59.160381 0.637147 -133.940689
v 58.739246 0.514306 -133.567200
v 58.537304 0.807207 -134.455261
v 58.947598 0.805433 -134.455246
v 58.328388 0.638918 -133.940704
v 58.739120 -2.244494 -133.567856
v 59.160194 -2.243903 -133.943176
v 58.537868 -2.240564 -134.458603
v 58.328571 -2.242130 -133.943192
v 58.684872 -10.723790 -137.345901
v 58.383045 -10.723790 -137.136536
v 58.383057 2.133666 -137.136536
v 58.684872 2.133663 -137.345901
v 58.494217 -10.723790 -136.646194
v 58.494217 2.133663 -136.646194
v 58.992615 -10.723790 -136.580078
v 58.992615 2.133663 -136.580078
v 58.740505 5.668411 -136.095169
v 58.740105 5.577955 -136.313675
v 58.540077 6.305231 -136.886642
v 58.541191 6.559600 -136.272156
v 58.330059 5.885255 -136.554657
v 58.330761 6.044652 -136.169601
v 59.157059 5.502326 -136.831924
v 58.739239 5.379046 -136.457962
v 58.537304 5.671947 -137.346024
v 58.945934 5.670394 -137.346252
v 58.328396 5.503658 -136.831451
v 58.739120 2.620248 -136.458618
v 59.156895 2.621279 -136.834427
v 58.537880 2.624176 -137.349350
v 58.328564 2.622611 -136.833954
v 58.539532 6.551631 -134.963974
v 58.329666 6.036458 -134.964767
v 58.739803 5.660667 -134.965942
v 59.150967 5.748978 -128.578400
v 58.740505 5.289478 -128.793488
v 58.740116 5.508001 -128.883926
v 58.540077 6.080965 -128.156662
v 58.541199 5.466465 -127.902290
v 58.943718 5.466465 -127.904060
v 58.330078 5.748980 -128.576645
v 58.330761 5.363917 -128.417236
v 58.739239 5.652286 -129.082840
v 58.537312 6.540335 -128.789948
v 58.328396 6.025784 -128.958237
v 59.155781 6.035125 -134.965240
v 58.541180 4.165125 -127.902290
v 58.330761 4.165125 -128.417236
v 58.740505 4.165128 -128.793488
v 58.541180 2.771514 -127.902290
v 58.330761 2.771517 -128.417236
v 58.740505 2.771517 -128.793488
v 57.912792 1.974265 -130.019531
v 57.912792 2.832422 -129.372864
v 59.682049 2.832422 -129.372864
v 59.682049 1.974265 -130.019516
v 57.912800 0.899899 -130.038284
v 59.682049 0.899899 -130.038284
v 57.912800 0.019698 -129.421936
v 59.682041 0.019698 -129.421967
v 57.912792 -0.330135 -128.405960
v 59.682030 -0.330135 -128.405991
v 57.912792 -0.015972 -127.378403
v 59.682049 -0.015972 -127.378403
v 57.912792 0.842184 -126.731743
v 59.682049 0.842184 -126.731728
v 57.912792 1.916550 -126.712975
v 59.682049 1.916550 -126.712975
v 57.912800 2.796752 -127.329308
v 59.682049 2.796752 -127.329323
v 57.912792 3.146584 -128.345276
v 59.682049 3.146584 -128.345306
v 57.694511 2.485364 -129.129852
v 57.694511 1.836329 -129.618927
v 57.694511 1.023772 -129.633133
v 57.694511 0.358063 -129.166977
v 57.694511 0.093480 -128.398575
v 57.694511 0.331086 -127.621414
v 57.694511 0.980121 -127.132309
v 57.694519 1.792678 -127.118134
v 57.694511 2.458387 -127.584282
v 57.694511 2.722970 -128.352676
v 58.737167 0.147375 -121.720573
v 57.791912 0.693058 -121.720573
v 57.791912 0.693058 -123.131882
v 58.737167 0.147375 -123.131882
v 57.791912 1.784425 -121.720573
v 57.791912 1.784425 -123.131882
v 58.737068 2.330109 -121.720573
v 58.737068 2.330109 -123.131882
v 59.682243 1.784466 -121.720573
v 59.682304 0.693099 -123.131882
v 59.682243 1.784466 -123.131882
v 58.737068 2.733143 -129.085419
v 58.083008 2.733142 -128.707794
v 58.083008 3.709796 -128.707794
v 58.737068 3.709796 -129.085419
v 58.083008 2.733141 -127.952545
v 58.083008 3.709795 -127.952545
v 58.737118 2.733143 -127.574928
v 58.737118 3.709795 -127.574928
v 59.391151 2.733143 -128.707809
v 59.391171 2.733143 -127.952576
v 59.391171 3.709795 -127.952576
v 58.737068 1.868080 -137.703629
v 58.083008 1.868080 -137.326004
v 58.083008 2.844733 -137.326004
v 58.737080 2.844733 -137.703613
v 58.083015 1.868080 -136.570755
v 58.083015 2.844733 -136.570755
v 58.737068 1.868080 -136.193146
v 58.737068 2.844733 -136.193146
v 59.391132 1.868080 -137.326019
v 59.391132 1.868080 -136.570755
v 59.391132 2.844733 -137.326019
v 59.391132 2.844733 -136.570755
v 58.737080 -1.527747 -134.786728
v 58.083008 -1.527747 -134.409103
v 58.083008 -0.551093 -134.409103
v 58.737080 -0.551093 -134.786728
v 58.083015 -1.527747 -133.653854
v 58.083015 -0.551093 -133.653854
v 58.737019 -1.527747 -133.276230
v 59.391132 -1.527747 -134.409058
v 59.391132 -0.551093 -134.409058
v 56.354637 -10.452915 -129.556351
v 55.828007 -10.452915 -129.252274
v 55.828007 -9.666482 -129.252274
v 56.354637 -9.666482 -129.556351
v 55.828007 -10.452915 -128.644150
v 55.828007 -9.666482 -128.644150
v 56.354675 -9.666482 -128.340073
v 54.278320 -4.322374 -124.021767
v 54.278320 -3.927311 -125.274765
v 60.596699 -3.352720 -134.651291
v 61.227695 -4.322375 -124.021782
v 54.278320 -3.905550 -122.776024
v 61.227684 -3.905551 -122.776024
v 54.278320 -2.836097 -122.013191
v 61.227695 -2.836097 -122.013191
v 54.278320 -1.522508 -122.024658
v 61.227684 -1.522509 -122.024658
v 54.278320 -0.466531 -122.806046
v 61.227695 -0.466531 -122.806023
v 60.697987 -3.352720 -129.643005
v 61.227695 -0.071513 -124.058876
v 52.819939 -1.657420 -125.751472
v 52.819931 -2.766248 -125.741806
v 52.819939 -3.657621 -125.082214
v 52.819931 -3.991065 -124.024673
v 52.819939 -3.639215 -122.973114
v 52.819939 -2.736467 -122.329185
v 52.819939 -1.627639 -122.338837
v 52.819939 -0.736265 -122.998428
v 52.819931 -0.402822 -124.055984
v 52.819939 -0.754671 -125.107544
v 53.123661 -1.557789 -126.067467
v 53.123672 -2.871377 -126.056000
v 60.313728 -3.352720 -130.791183
v 53.123661 -4.322374 -124.021782
v 53.123661 -3.905550 -122.776024
v 53.123661 -2.836097 -122.013191
v 53.123672 -1.522508 -122.024658
v 53.123661 -0.466531 -122.806023
v 53.123672 -0.071513 -124.058876
v 53.123672 -0.488337 -125.304619
v 56.252712 -8.370617 -123.013092
v 55.846786 -8.370617 -124.262451
v 55.846786 -10.533565 -124.262451
v 56.252712 -10.533565 -123.013092
v 57.315468 -8.370617 -122.240967
v 57.315468 -10.533565 -122.240967
v 58.945934 6.550301 -134.964447
v 56.252712 -8.370617 -125.511803
v 57.315613 -8.370617 -126.283981
v 57.315613 -10.533565 -126.283981
v 56.252712 -10.533565 -125.511803
v 56.671757 -8.103760 -123.317543
v 56.364735 -8.103760 -124.262466
v 57.475536 -8.103760 -122.733559
v 58.469051 -8.103760 -122.733582
v 59.272831 -8.103760 -123.317543
v 59.691875 -8.370617 -123.013054
v 59.579842 -8.103760 -124.262451
v 60.097858 -8.370617 -124.262398
v 59.272820 -8.103760 -125.207352
v 59.691971 -8.370617 -125.511757
v 58.469051 -8.103760 -125.791336
v 58.629257 -8.370617 -126.283920
v 57.475525 -8.103760 -125.791336
v 56.671757 -8.103760 -125.207352
v 56.565720 -6.547962 -123.240517
v 56.233662 -6.547962 -124.262466
v 56.233662 -8.317208 -124.262466
v 56.565720 -8.317208 -123.240517
v 57.435017 -6.547962 -122.608932
v 57.435017 -8.317208 -122.608932
v 58.509560 -6.547962 -122.608910
v 58.509560 -8.317208 -122.608910
v 56.565712 -6.547962 -125.284401
v 57.435154 -6.547962 -125.916023
v 57.435154 -8.317208 -125.916023
v 56.565712 -8.317208 -125.284401
v 56.657352 -6.329679 -124.262451
v 56.908474 -6.329679 -123.489555
v 57.565956 -6.329679 -123.011864
v 58.378632 -6.329679 -123.011879
v 59.036102 -6.329679 -123.489555
v 59.287224 -6.329679 -124.262451
v 59.036114 -6.329679 -125.035339
v 58.378632 -6.329678 -125.513054
v 57.565956 -6.329678 -125.513031
v 56.908474 -6.329679 -125.035362
v 59.378887 -6.547962 -123.240463
v 59.710983 -6.547962 -124.262390
v 54.278320 -0.071513 -124.058884
v 60.607292 -3.352720 -133.440598
v 54.278320 -0.488247 -125.304665
v 61.227684 -0.488246 -125.304665
v 54.278320 -1.557644 -126.067574
v 61.227695 -1.557644 -126.067574
v 54.278320 -2.871233 -126.056206
v 61.227684 -2.871232 -126.056206
v 59.692097 -10.533565 -125.511703
v 61.227695 -3.927311 -125.274765
v 59.442009 -2.322803 -135.015335
v 53.123661 -0.488247 -125.304665
v 53.123661 -1.557644 -126.067574
v 53.123672 -2.871233 -126.056206
v 53.123672 -3.927311 -125.274765
v 60.313728 -9.371696 -130.791183
v 60.697987 -9.371696 -129.643005
v 59.328026 -9.371696 -131.494202
v 59.712227 -10.401612 -130.346039
v 59.949745 -10.401612 -129.636459
v 59.887108 -2.322803 -134.413849
v 59.724705 -2.322803 -128.922806
v 59.893650 -2.322803 -133.665588
v 60.333916 -9.371696 -128.488297
v 60.097927 -10.533565 -124.262321
v 60.596699 -9.371696 -134.651291
v 59.876522 -9.371696 -135.624527
v 58.945934 2.623067 -137.349136
v 59.893642 -10.401612 -133.665588
v 59.887089 -10.401612 -134.413864
v 58.629101 -10.533565 -122.240952
v 59.691895 -10.533565 -123.012993
v 59.378963 -6.547962 -125.284355
v 59.711052 -8.317208 -124.262329
v 59.379070 -8.317208 -125.284317
v 58.509686 -6.547962 -125.915977
v 58.509823 -8.317208 -125.915962
v 59.682304 0.693099 -121.720573
v 59.154697 6.043320 -136.170059
v 59.155399 5.883922 -136.555130
v 58.945934 6.558048 -136.272385
v 58.945934 6.303678 -136.886887
v 59.378914 -8.317208 -123.240425
v 59.158005 1.178139 -120.931160
v 59.158005 1.178138 -132.080032
v 58.943729 6.080964 -128.158432
v 58.943729 4.165125 -127.904060
v 58.737019 -0.551093 -133.276230
v 58.943729 2.771514 -127.904060
v 59.391102 -0.551093 -133.653824
v 59.391102 -1.527746 -133.653824
v 59.150272 5.363914 -128.418991
v 59.150272 4.165123 -128.418991
v 59.150272 2.771514 -128.418991
v 58.947598 -2.241895 -134.458130
v 59.391151 3.709796 -128.707809
v 58.947598 1.693088 -133.381378
v 59.103786 -10.723790 -137.070419
v 59.103779 2.133666 -137.070419
v 56.297665 -7.552636 -129.304871
v 56.297665 -10.407326 -129.304871
v 56.551208 -10.407326 -129.245850
v 56.551208 -7.603090 -129.245850
v 56.427673 -7.249541 -129.301514
v 56.629951 -7.412878 -129.245499
v 56.734024 -7.027323 -129.301514
v 56.812481 -7.280482 -129.244720
v 57.071892 -7.024676 -129.301514
v 57.069092 -7.278472 -129.243576
v 56.302216 -7.552636 -130.497330
v 56.302216 -10.407326 -130.497330
v 56.555740 -10.407326 -130.441666
v 56.555740 -7.603090 -130.441666
v 56.427673 -7.249541 -130.497345
v 56.634491 -7.412878 -130.441315
v 56.734024 -7.027323 -130.497330
v 56.817009 -7.280482 -130.440536
v 57.071892 -7.024676 -130.497330
v 57.073624 -7.278472 -130.439407
v 56.354675 -10.452915 -128.340073
v 56.881329 -10.452915 -128.644180
v 56.881336 -9.666481 -128.644150
v 56.881287 -10.452915 -129.252304
v 56.881317 -9.666481 -129.252289
v -60.061760 -9.371695 -7.481538
v -61.047421 -9.371695 -8.184658
v -57.877792 -3.352719 -8.212163
v -59.472610 -2.146817 -9.349819
v -58.261887 -2.322803 -9.360317
v -58.499325 -2.322803 -10.069912
v -59.108456 -2.322803 -10.504492
v -59.856735 -2.322803 -10.498008
v -60.458252 -2.322803 -10.052958
v -60.683300 -2.322803 -9.339340
v -57.897774 -3.352719 -10.514980
v -57.513626 -3.352719 -9.366767
v -58.883408 -3.352720 -11.218120
v -60.094090 -3.352720 -11.207642
v -61.067402 -3.352720 -10.487519
v -61.431561 -3.352720 -9.332876
v -57.897774 -9.371695 -10.514980
v -57.513626 -9.371695 -9.366767
v -58.883408 -9.371694 -11.218120
v -60.094090 -9.371694 -11.207642
v -61.067402 -9.371695 -10.487519
v -61.431561 -9.371695 -9.332876
v -58.499325 -10.401612 -10.069912
v -58.261887 -10.401612 -9.360312
v -59.108456 -10.401612 -10.504492
v -59.856735 -10.401612 -10.498008
v -60.458252 -10.401612 -10.052958
v -60.683300 -10.401612 -9.339340
v -60.445881 -2.322803 -8.629736
v -61.047421 -3.352720 -8.184658
v -64.475662 6.035127 -8.933340
v -64.710556 6.540332 -9.145410
v -60.445881 -10.401612 -8.629736
v -58.486950 -10.401612 -8.646719
v -61.422215 1.693087 -9.141323
v -61.422165 1.694860 -9.547749
v -72.571053 1.694859 -9.548467
v -72.571098 1.693086 -9.142070
v -61.422176 1.179910 -9.758159
v -72.571045 1.179911 -9.758896
v -61.422195 0.802491 -9.343237
v -72.571098 0.802782 -9.345273
v -59.838383 1.018741 -8.930117
v -60.223461 1.178138 -8.930835
v -60.297855 0.802785 -9.344462
v -60.079311 0.713215 -9.348716
v -59.506348 1.440490 -9.548716
v -60.120819 1.694860 -9.547656
v -59.506386 1.438717 -9.141206
v -59.838310 1.020513 -9.758750
v -60.223389 1.179910 -9.758080
v -59.561584 0.637146 -8.928418
v -59.935051 0.514306 -9.349575
v -59.046970 0.807206 -9.551459
v -59.047009 0.805432 -9.141167
v -59.561512 0.638918 -9.760410
v -59.934387 -2.244493 -9.349702
v -59.559105 -2.243903 -8.928603
v -59.043633 -2.240564 -9.550894
v -59.559032 -2.242130 -9.760224
v -56.156338 -10.723790 -9.403701
v -56.365692 -10.723790 -9.705542
v -56.365692 2.133665 -9.705532
v -56.156338 2.133662 -9.403701
v -56.856033 -10.723790 -9.594404
v -56.856033 2.133662 -9.594404
v -56.922176 -10.723790 -9.096005
v -56.922176 2.133662 -9.096010
v -57.407085 5.668411 -9.348149
v -57.188568 5.577954 -9.348535
v -56.615585 6.305230 -9.548525
v -57.230076 6.559600 -9.547456
v -56.947567 5.885254 -9.758569
v -57.332626 6.044651 -9.757891
v -56.670357 5.502326 -8.931548
v -57.044292 5.379046 -9.349395
v -56.156208 5.671946 -9.551270
v -56.156006 5.670393 -9.142636
v -56.670769 5.503658 -9.760210
v -57.043625 2.620247 -9.349511
v -56.667854 2.621279 -8.931714
v -56.152889 2.624175 -9.550694
v -56.668270 2.622610 -9.760044
v -58.538261 6.551631 -9.549199
v -58.537449 6.036458 -9.759062
v -58.536301 5.660667 -9.348926
v -64.923866 5.748977 -8.938184
v -64.708763 5.289478 -9.348633
v -64.618317 5.508001 -9.349013
v -65.345566 6.080965 -9.549101
v -65.599937 5.466464 -9.547997
v -65.598198 5.466463 -9.145478
v -64.925575 5.748980 -9.759072
v -65.084991 5.363916 -9.758403
v -64.419411 5.652286 -9.349883
v -64.712280 6.540335 -9.551826
v -64.543991 6.025784 -9.760727
v -58.537033 6.035125 -8.932949
v -65.599937 4.165125 -9.548018
v -65.084991 4.165125 -9.758403
v -64.708763 4.165127 -9.348633
v -65.599937 2.771514 -9.548018
v -65.084991 2.771517 -9.758403
v -64.708763 2.771517 -9.348633
v -63.482655 1.974264 -10.176265
v -64.129333 2.832421 -10.176309
v -64.129448 2.832421 -8.407050
v -63.482792 1.974264 -8.407006
v -63.463905 0.899899 -10.176254
v -63.464024 0.899899 -8.407006
v -64.080254 0.019698 -10.176293
v -64.080353 0.019698 -8.407056
v -65.096230 -0.330134 -10.176372
v -65.096329 -0.330135 -8.407134
v -66.123787 -0.015972 -10.176440
v -66.123901 -0.015973 -8.407183
v -66.770447 0.842184 -10.176479
v -66.770584 0.842184 -8.407222
v -66.789215 1.916550 -10.176484
v -66.789337 1.916549 -8.407227
v -66.172890 2.796752 -10.176431
v -66.172989 2.796752 -8.407183
v -65.156914 3.146584 -10.176376
v -65.157013 3.146584 -8.407119
v -64.372330 2.485364 -10.394605
v -63.883247 1.836329 -10.394570
v -63.869045 1.023771 -10.394570
v -64.335197 0.358063 -10.394599
v -65.103600 0.093479 -10.394653
v -65.880768 0.331086 -10.394702
v -66.369865 0.980121 -10.394736
v -66.384048 1.792677 -10.394727
v -65.917892 2.458387 -10.394707
v -65.149498 2.722969 -10.394653
v -71.781670 0.147375 -9.352436
v -71.781609 0.693058 -10.297690
v -70.370300 0.693058 -10.297598
v -70.370361 0.147375 -9.352344
v -71.781609 1.784424 -10.297690
v -70.370300 1.784425 -10.297598
v -71.781670 2.330108 -9.352534
v -70.370361 2.330108 -9.352441
v -71.781738 1.784466 -8.407358
v -70.370430 0.693098 -8.407207
v -70.370430 1.784466 -8.407266
v -64.416832 2.733143 -9.352051
v -64.794403 2.733141 -10.006138
v -64.794403 3.709795 -10.006138
v -64.416832 3.709795 -9.352051
v -65.549660 2.733141 -10.006186
v -65.549660 3.709795 -10.006186
v -65.927315 2.733143 -9.352099
v -65.927315 3.709795 -9.352099
v -64.794479 2.733143 -8.697993
v -65.549713 2.733143 -8.698022
v -65.549713 3.709795 -8.698022
v -55.798618 1.868079 -9.351480
v -56.176201 1.868079 -10.005567
v -56.176201 2.844732 -10.005567
v -55.798626 2.844732 -9.351470
v -56.931454 1.868079 -10.005610
v -56.931454 2.844732 -10.005610
v -57.309105 1.868079 -9.351582
v -57.309097 2.844732 -9.351582
v -56.176270 1.868079 -8.697441
v -56.931534 1.868079 -8.697495
v -56.176270 2.844732 -8.697441
v -56.931534 2.844732 -8.697495
v -58.715523 -1.527746 -9.351665
v -59.093094 -1.527746 -10.005761
v -59.093094 -0.551093 -10.005761
v -58.715523 -0.551093 -9.351665
v -59.848347 -1.527746 -10.005800
v -59.848347 -0.551093 -10.005800
v -60.226009 -1.527747 -9.351821
v -59.093231 -1.527746 -8.697637
v -59.093231 -0.551093 -8.697637
v -58.851078 -3.352720 -7.492051
v -58.537815 6.550301 -9.142793
v -60.061760 -3.352720 -7.481538
v -58.486950 -2.322803 -8.646719
v -59.088467 -2.322803 -8.201660
v -59.836739 -2.322803 -8.195166
v -58.851078 -9.371695 -7.492051
v -57.877800 -9.371695 -8.212163
v -56.153122 2.623067 -9.142636
v -59.836739 -10.401612 -8.195175
v -59.088455 -10.401612 -8.201679
v -71.781738 0.693098 -8.407300
v -57.332211 6.043318 -8.933955
v -56.947151 5.883921 -8.933228
v -57.229874 6.558047 -9.142710
v -56.615379 6.303677 -9.142666
v -72.571114 1.178139 -8.931650
v -61.422245 1.178138 -8.930913
v -65.343834 6.080962 -9.145449
v -65.598198 4.165125 -9.145469
v -60.226009 -0.551093 -9.351821
v -65.598198 2.771514 -9.145469
v -59.848465 -0.551093 -8.697715
v -59.848465 -1.527746 -8.697715
v -65.083282 5.363914 -8.938891
v -65.083282 4.165123 -8.938891
v -65.083282 2.771514 -8.938891
v -59.044128 -2.241895 -9.141167
v -64.794479 3.709795 -8.697993
v -60.120876 1.693087 -9.141240
v -56.431854 -10.723790 -8.984804
v -56.431854 2.133665 -8.984815
v -99.950111 -9.371694 -45.511181
v -99.246979 -9.371694 -46.496826
v -99.219521 -3.352719 -43.327198
v -98.081841 -2.146817 -44.922001
v -98.071365 -2.322803 -43.711277
v -97.361763 -2.322803 -43.948700
v -96.927177 -2.322803 -44.557819
v -96.933647 -2.322803 -45.306103
v -97.378693 -2.322803 -45.907627
v -98.092300 -2.322803 -46.132683
v -96.916710 -3.352719 -43.347137
v -98.064919 -3.352719 -42.963017
v -96.213554 -3.352720 -44.332767
v -96.224014 -3.352720 -45.543449
v -96.944122 -3.352720 -46.516766
v -98.098755 -3.352720 -46.880947
v -96.916710 -9.371694 -43.347137
v -98.064919 -9.371694 -42.963017
v -96.213554 -9.371694 -44.332767
v -96.224014 -9.371694 -45.543449
v -96.944122 -9.371694 -46.516766
v -98.098755 -9.371694 -46.880947
v -97.361763 -10.401610 -43.948700
v -98.071365 -10.401610 -43.711277
v -96.927177 -10.401610 -44.557819
v -96.933647 -10.401610 -45.306103
v -97.378693 -10.401610 -45.907627
v -98.092300 -10.401610 -46.132683
v -98.801910 -2.322803 -45.895283
v -99.246979 -3.352720 -46.496826
v -98.498253 6.035127 -49.925056
v -98.286179 6.540332 -50.159950
v -98.801910 -10.401610 -45.895283
v -98.784958 -10.401610 -43.936352
v -98.290314 1.693088 -46.871609
v -97.883888 1.694860 -46.871552
v -97.883003 1.694858 -58.020439
v -98.289406 1.693086 -58.020493
v -97.673477 1.179910 -46.871555
v -97.672577 1.179912 -58.020424
v -98.088394 0.802491 -46.871582
v -98.086197 0.802783 -58.020489
v -98.501541 1.018741 -45.287773
v -98.500816 1.178138 -45.672852
v -98.087189 0.802785 -45.747246
v -98.082939 0.713215 -45.528702
v -97.882950 1.440490 -44.955730
v -97.883995 1.694860 -45.570206
v -98.290459 1.438718 -44.955776
v -97.672905 1.020514 -45.287689
v -97.673569 1.179910 -45.672768
v -98.503242 0.637147 -45.010975
v -98.082077 0.514306 -45.384441
v -97.880203 0.807207 -44.496357
v -98.290497 0.805433 -44.496399
v -97.671249 0.638918 -45.010891
v -98.081947 -2.244494 -45.383778
v -98.503052 -2.243903 -45.008495
v -97.880768 -2.240564 -44.493015
v -97.671432 -2.242131 -45.008411
v -98.028008 -10.723788 -41.605721
v -97.726158 -10.723788 -41.815079
v -97.726173 2.133665 -41.815079
v -98.028008 2.133663 -41.605728
v -97.837296 -10.723788 -42.305412
v -97.837296 2.133663 -42.305420
v -98.335693 -10.723788 -42.371571
v -98.335693 2.133663 -42.371571
v -98.083542 5.668410 -42.856472
v -98.083160 5.577953 -42.637959
v -97.883171 6.305229 -42.064968
v -97.884239 6.559599 -42.679462
v -97.673134 5.885253 -42.396946
v -97.673798 6.044650 -42.782005
v -98.500153 5.502326 -42.119751
v -98.082306 5.379046 -42.493679
v -97.880440 5.671945 -41.605595
v -98.289070 5.670393 -41.605396
v -97.671494 5.503658 -42.120152
v -98.082184 2.620247 -42.493015
v -98.499985 2.621279 -42.117249
v -97.881012 2.624176 -41.602276
v -97.671661 2.622611 -42.117649
v -97.882477 6.551630 -43.987644
v -97.672615 6.036457 -43.986832
v -98.082748 5.660666 -43.985691
v -98.493393 5.748977 -50.373260
v -98.082954 5.289477 -50.158154
v -98.082573 5.508000 -50.067703
v -97.882477 6.080964 -50.794949
v -97.883575 5.466464 -51.049324
v -98.286095 5.466462 -51.047596
v -97.672508 5.748979 -50.374954
v -97.673172 5.363916 -50.534370
v -98.081703 5.652285 -49.868797
v -97.879761 6.540334 -50.161671
v -97.670860 6.025784 -49.993374
v -98.498726 6.035124 -43.986431
v -97.883553 4.165124 -51.049324
v -97.673172 4.165125 -50.534370
v -98.082947 4.165128 -50.158154
v -97.883553 2.771515 -51.049324
v -97.673172 2.771517 -50.534370
v -98.082947 2.771517 -50.158154
v -97.255341 1.974265 -48.932030
v -97.255280 2.832422 -49.578709
v -99.024536 2.832422 -49.578850
v -99.024597 1.974265 -48.932190
v -97.255348 0.899900 -48.913280
v -99.024597 0.899900 -48.913422
v -97.255302 0.019698 -49.529629
v -99.024536 0.019698 -49.529751
v -97.255203 -0.330135 -50.545605
v -99.024445 -0.330135 -50.545727
v -97.255127 -0.015972 -51.573162
v -99.024384 -0.015972 -51.573303
v -97.255074 0.842185 -52.219822
v -99.024330 0.842185 -52.219986
v -97.255066 1.916550 -52.238594
v -99.024323 1.916550 -52.238735
v -97.255135 2.796752 -51.622265
v -99.024384 2.796752 -51.622387
v -97.255203 3.146584 -50.606289
v -99.024460 3.146584 -50.606411
v -97.036980 2.485365 -49.821697
v -97.037025 1.836329 -49.332615
v -97.037025 1.023772 -49.318417
v -97.036987 0.358064 -49.784569
v -97.036919 0.093480 -50.552967
v -97.036865 0.331086 -51.330135
v -97.036827 0.980122 -51.819237
v -97.036835 1.792678 -51.833416
v -97.036865 2.458387 -51.367264
v -97.036919 2.722970 -50.598866
v -98.079041 0.147376 -57.231064
v -97.133789 0.693059 -57.230984
v -97.133904 0.693059 -55.819675
v -98.079155 0.147375 -55.819756
v -97.133797 1.784424 -57.230984
v -97.133904 1.784426 -55.819675
v -98.078957 2.330107 -57.231064
v -98.079063 2.330107 -55.819756
v -99.024132 1.784465 -57.231140
v -99.024292 0.693099 -55.819832
v -99.024239 1.784467 -55.819832
v -98.079536 2.733143 -49.866219
v -97.425446 2.733142 -50.243782
v -97.425446 3.709796 -50.243782
v -98.079536 3.709796 -49.866219
v -97.425392 2.733142 -50.999039
v -97.425392 3.709795 -50.999039
v -98.079468 2.733143 -51.376709
v -98.079468 3.709795 -51.376709
v -98.733589 2.733143 -50.243877
v -98.733551 2.733143 -50.999111
v -98.733551 3.709795 -50.999111
v -98.080231 1.868079 -41.248009
v -97.426140 1.868079 -41.625576
v -97.426140 2.844732 -41.625576
v -98.080238 2.844732 -41.248016
v -97.426094 1.868079 -42.380829
v -97.426094 2.844732 -42.380829
v -98.080109 1.868079 -42.758495
v -98.080109 2.844732 -42.758484
v -98.734268 1.868079 -41.625664
v -98.734207 1.868079 -42.380928
v -98.734268 2.844732 -41.625664
v -98.734207 2.844732 -42.380928
v -98.080009 -1.527746 -44.164909
v -97.425903 -1.527746 -44.542469
v -97.425903 -0.551093 -44.542469
v -98.080009 -0.551093 -44.164909
v -97.425858 -1.527746 -45.297729
v -97.425858 -0.551093 -45.297729
v -98.079834 -1.527747 -45.675400
v -98.734032 -1.527746 -44.542625
v -98.734032 -0.551093 -44.542625
v -99.939613 -3.352720 -44.300491
v -98.288887 6.550300 -43.987206
v -99.950111 -3.352720 -45.511181
v -98.784958 -2.322803 -43.936352
v -99.230011 -2.322803 -44.537868
v -99.236488 -2.322803 -45.286140
v -99.939613 -9.371694 -44.300491
v -99.219521 -9.371694 -43.327206
v -98.289070 2.623067 -41.602512
v -99.236481 -10.401610 -45.286140
v -99.229988 -10.401610 -44.537861
v -99.024178 0.693099 -57.231140
v -98.497734 6.043317 -42.781605
v -98.498474 5.883920 -42.396545
v -98.288979 6.558046 -42.679268
v -98.289032 6.303676 -42.064770
v -98.499825 1.178140 -58.020508
v -98.500717 1.178138 -46.871639
v -98.286133 6.080962 -50.793232
v -98.286102 4.165124 -51.047596
v -98.079834 -0.551093 -45.675400
v -98.286102 2.771515 -51.047592
v -98.733940 -0.551094 -45.297859
v -98.733940 -1.527745 -45.297859
v -98.492683 5.363914 -50.532673
v -98.492683 4.165123 -50.532673
v -98.492683 2.771515 -50.532673
v -98.290497 -2.241895 -44.493519
v -98.733589 3.709796 -50.243877
v -98.290405 1.693088 -45.570267
v -98.446899 -10.723788 -41.881248
v -98.446892 2.133665 -41.881248
v -93.468437 -9.622374 -84.775803
v -93.468468 -9.227311 -83.522804
v -100.417809 -9.622375 -84.775925
v -93.468407 -9.205549 -86.021538
v -100.417770 -9.205551 -86.021690
v -93.468384 -8.136096 -86.784370
v -100.417763 -8.136096 -86.784523
v -93.468384 -6.822508 -86.772911
v -100.417755 -6.822509 -86.773056
v -93.468407 -5.766531 -85.991524
v -100.417778 -5.766531 -85.991684
v -100.417809 -5.371513 -84.738838
v -92.010094 -6.957420 -83.046051
v -92.010086 -8.066248 -83.055717
v -92.010078 -8.957622 -83.715309
v -92.010048 -9.291064 -84.772850
v -92.010040 -8.939215 -85.824409
v -92.010017 -8.036467 -86.468338
v -92.010017 -6.927638 -86.458687
v -92.010040 -6.036265 -85.799103
v -92.010048 -5.702821 -84.741539
v -92.010078 -6.054671 -83.689980
v -92.313828 -6.857789 -82.730064
v -92.313835 -8.171377 -82.741531
v -92.313774 -9.622374 -84.775749
v -92.313751 -9.205549 -86.021515
v -92.313728 -8.136096 -86.784348
v -92.313736 -6.822508 -86.772881
v -92.313751 -5.766531 -85.991508
v -92.313789 -5.371513 -84.738663
v -92.313820 -5.788336 -83.492920
v -93.468437 -5.371513 -84.738670
v -93.468468 -5.788247 -83.492889
v -100.417831 -5.788246 -83.493042
v -93.468483 -6.857644 -82.729980
v -100.417862 -6.857644 -82.730133
v -93.468483 -8.171233 -82.741348
v -100.417839 -8.171232 -82.741501
v -100.417839 -9.227311 -83.522949
v -92.313805 -5.788247 -83.492867
v -92.313828 -6.857644 -82.729958
v -92.313835 -8.171233 -82.741325
v -92.313820 -9.227311 -83.522774
v -93.468437 -9.622374 -93.686813
v -93.468468 -9.227312 -92.433815
v -100.417809 -9.622375 -93.686943
v -93.468407 -9.205550 -94.932556
v -100.417770 -9.205551 -94.932701
v -93.468384 -8.136097 -95.695389
v -100.417763 -8.136097 -95.695534
v -93.468384 -6.822508 -95.683922
v -100.417755 -6.822509 -95.684067
v -93.468407 -5.766531 -94.902534
v -100.417778 -5.766531 -94.902702
v -100.417809 -5.371513 -93.649849
v -92.010094 -6.957420 -91.957069
v -92.010086 -8.066249 -91.966736
v -92.010078 -8.957622 -92.626328
v -92.010048 -9.291065 -93.683868
v -92.010040 -8.939216 -94.735428
v -92.010017 -8.036467 -95.379356
v -92.010017 -6.927639 -95.369705
v -92.010040 -6.036265 -94.710114
v -92.010048 -5.702822 -93.652557
v -92.010078 -6.054671 -92.600990
v -92.313828 -6.857789 -91.641083
v -92.313835 -8.171378 -91.652550
v -92.313774 -9.622374 -93.686768
v -92.313751 -9.205550 -94.932526
v -92.313728 -8.136097 -95.695358
v -92.313736 -6.822508 -95.683891
v -92.313751 -5.766531 -94.902527
v -92.313789 -5.371513 -93.649673
v -92.313820 -5.788337 -92.403931
v -93.468437 -5.371513 -93.649696
v -93.468468 -5.788247 -92.403915
v -100.417831 -5.788246 -92.404060
v -93.468483 -6.857644 -91.641006
v -100.417862 -6.857644 -91.641151
v -93.468483 -8.171234 -91.652374
v -100.417839 -8.171232 -91.652519
v -100.417839 -9.227312 -92.433960
v -92.313805 -5.788247 -92.403885
v -92.313828 -6.857644 -91.640976
v -92.313835 -8.171234 -91.652344
v -92.313820 -9.227312 -92.433784
v -93.468437 -4.939785 -84.775803
v -93.468468 -4.544723 -83.522804
v -100.417809 -4.939786 -84.775925
v -93.468407 -4.522961 -86.021538
v -100.417770 -4.522963 -86.021690
v -93.468384 -3.453508 -86.784370
v -100.417763 -3.453508 -86.784523
v -93.468384 -2.139919 -86.772911
v -100.417755 -2.139920 -86.773056
v -93.468407 -1.083943 -85.991524
v -100.417778 -1.083943 -85.991684
v -100.417809 -0.688924 -84.738838
v -92.010094 -2.274832 -83.046051
v -92.010086 -3.383660 -83.055717
v -92.010078 -4.275033 -83.715309
v -92.010048 -4.608476 -84.772850
v -92.010040 -4.256626 -85.824409
v -92.010017 -3.353878 -86.468338
v -92.010017 -2.245050 -86.458687
v -92.010040 -1.353677 -85.799103
v -92.010048 -1.020233 -84.741539
v -92.010078 -1.372082 -83.689980
v -92.313828 -2.175200 -82.730064
v -92.313835 -3.488789 -82.741531
v -92.313774 -4.939785 -84.775749
v -92.313751 -4.522961 -86.021515
v -92.313728 -3.453508 -86.784348
v -92.313736 -2.139919 -86.772881
v -92.313751 -1.083943 -85.991508
v -92.313789 -0.688924 -84.738663
v -92.313820 -1.105748 -83.492920
v -93.468437 -0.688924 -84.738678
v -93.468468 -1.105659 -83.492897
v -100.417831 -1.105657 -83.493042
v -93.468483 -2.175056 -82.729988
v -100.417862 -2.175056 -82.730133
v -93.468483 -3.488645 -82.741356
v -100.417839 -3.488644 -82.741501
v -100.417839 -4.544723 -83.522949
v -92.313805 -1.105659 -83.492867
v -92.313828 -2.175056 -82.729958
v -92.313835 -3.488645 -82.741325
v -92.313820 -4.544723 -83.522774
v -93.468437 -4.939785 -93.686813
v -93.468468 -4.544723 -92.433815
v -100.417809 -4.939786 -93.686943
v -93.468407 -4.522961 -94.932556
v -100.417770 -4.522963 -94.932701
v -93.468384 -3.453508 -95.695389
v -100.417763 -3.453508 -95.695534
v -93.468384 -2.139919 -95.683922
v -100.417755 -2.139920 -95.684067
v -93.468407 -1.083942 -94.902534
v -100.417778 -1.083942 -94.902702
v -100.417809 -0.688924 -93.649849
v -92.010094 -2.274831 -91.957069
v -92.010086 -3.383660 -91.966736
v -92.010078 -4.275033 -92.626328
v -92.010048 -4.608477 -93.683868
v -92.010040 -4.256627 -94.735428
v -92.010017 -3.353878 -95.379356
v -92.010017 -2.245050 -95.369705
v -92.010040 -1.353676 -94.710114
v -92.010048 -1.020233 -93.652557
v -92.010078 -1.372082 -92.600990
v -92.313828 -2.175200 -91.641083
v -92.313835 -3.488789 -91.652550
v -92.313774 -4.939785 -93.686768
v -92.313751 -4.522961 -94.932526
v -92.313728 -3.453508 -95.695358
v -92.313736 -2.139919 -95.683891
v -92.313751 -1.083942 -94.902527
v -92.313789 -0.688924 -93.649673
v -92.313820 -1.105748 -92.403931
v -93.468437 -0.688924 -93.649696
v -93.468468 -1.105659 -92.403915
v -100.417831 -1.105658 -92.404060
v -93.468483 -2.175056 -91.641006
v -100.417862 -2.175056 -91.641151
v -93.468483 -3.488645 -91.652374
v -100.417839 -3.488644 -91.652519
v -100.417839 -4.544723 -92.433960
v -92.313805 -1.105659 -92.403885
v -92.313828 -2.175056 -91.640976
v -92.313835 -3.488645 -91.652344
v -92.313820 -4.544723 -92.433784
v -93.468437 -0.085881 -84.775803
v -93.468468 0.309181 -83.522804
v -100.417809 -0.085883 -84.775925
v -93.468407 0.330942 -86.021538
v -100.417770 0.330941 -86.021690
v -93.468384 1.400396 -86.784370
v -100.417763 1.400396 -86.784523
v -93.468384 2.713984 -86.772911
v -100.417755 2.713983 -86.773056
v -93.468407 3.769961 -85.991524
v -100.417778 3.769961 -85.991684
v -100.417809 4.164979 -84.738838
v -92.010094 2.579072 -83.046051
v -92.010086 1.470244 -83.055717
v -92.010078 0.578871 -83.715309
v -92.010048 0.245427 -84.772850
v -92.010040 0.597278 -85.824409
v -92.010017 1.500026 -86.468338
v -92.010017 2.608854 -86.458687
v -92.010040 3.500227 -85.799103
v -92.010048 3.833671 -84.741539
v -92.010078 3.481821 -83.689980
v -92.313828 2.678704 -82.730064
v -92.313835 1.365115 -82.741531
v -92.313774 -0.085881 -84.775749
v -92.313751 0.330942 -86.021515
v -92.313728 1.400396 -86.784348
v -92.313736 2.713984 -86.772881
v -92.313751 3.769961 -85.991508
v -92.313789 4.164979 -84.738663
v -92.313820 3.748155 -83.492920
v -93.468437 4.164979 -84.738678
v -93.468468 3.748246 -83.492897
v -100.417831 3.748247 -83.493042
v -93.468483 2.678849 -82.729988
v -100.417862 2.678849 -82.730133
v -93.468483 1.365259 -82.741356
v -100.417839 1.365260 -82.741501
v -100.417839 0.309181 -83.522949
v -92.313805 3.748246 -83.492867
v -92.313828 2.678849 -82.729958
v -92.313835 1.365259 -82.741325
v -92.313820 0.309181 -83.522774
v -93.468437 -0.085881 -93.686813
v -93.468468 0.309181 -92.433815
v -100.417809 -0.085882 -93.686943
v -93.468407 0.330943 -94.932556
v -100.417770 0.330942 -94.932701
v -93.468384 1.400396 -95.695389
v -100.417763 1.400396 -95.695534
v -93.468384 2.713985 -95.683922
v -100.417755 2.713984 -95.684067
v -93.468407 3.769961 -94.902534
v -100.417778 3.769961 -94.902702
v -100.417809 4.164980 -93.649849
v -92.010094 2.579073 -91.957069
v -92.010086 1.470245 -91.966736
v -92.010078 0.578871 -92.626328
v -92.010048 0.245428 -93.683868
v -92.010040 0.597277 -94.735428
v -92.010017 1.500026 -95.379356
v -92.010017 2.608854 -95.369705
v -92.010040 3.500227 -94.710114
v -92.010048 3.833671 -93.652557
v -92.010078 3.481822 -92.600990
v -92.313828 2.678704 -91.641083
v -92.313835 1.365115 -91.652550
v -92.313774 -0.085881 -93.686768
v -92.313751 0.330943 -94.932526
v -92.313728 1.400396 -95.695358
v -92.313736 2.713985 -95.683891
v -92.313751 3.769961 -94.902527
v -92.313789 4.164980 -93.649673
v -92.313820 3.748156 -92.403931
v -93.468437 4.164980 -93.649696
v -93.468468 3.748245 -92.403915
v -100.417831 3.748246 -92.404060
v -93.468483 2.678848 -91.641006
v -100.417862 2.678848 -91.641151
v -93.468483 1.365259 -91.652374
v -100.417839 1.365260 -91.652519
v -100.417839 0.309181 -92.433960
v -92.313805 3.748245 -92.403885
v -92.313828 2.678848 -91.640976
v -92.313835 1.365259 -91.652344
v -92.313820 0.309181 -92.433784
v -93.468437 -7.202219 -89.254158
v -93.468468 -6.807157 -88.001167
v -100.417809 -7.202220 -89.254295
v -93.468407 -6.785395 -90.499901
v -100.417770 -6.785397 -90.500053
v -93.468384 -5.715942 -91.262733
v -100.417763 -5.715942 -91.262886
v -93.468384 -4.402354 -91.251266
v -100.417755 -4.402355 -91.251427
v -93.468407 -3.346377 -90.469879
v -100.417778 -3.346377 -90.470055
v -100.417809 -2.951359 -89.217201
v -92.010094 -4.537266 -87.524422
v -92.010086 -5.646093 -87.534088
v -92.010078 -6.537467 -88.193680
v -92.010048 -6.870910 -89.251221
v -92.010040 -6.519061 -90.302780
v -92.010017 -5.616312 -90.946709
v -92.010017 -4.507484 -90.937057
v -92.010040 -3.616111 -90.277466
v -92.010048 -3.282668 -89.219910
v -92.010078 -3.634517 -88.168350
v -92.313828 -4.437634 -87.208435
v -92.313835 -5.751223 -87.219902
v -92.313774 -7.202219 -89.254120
v -92.313751 -6.785395 -90.499878
v -92.313728 -5.715942 -91.262711
v -92.313736 -4.402354 -91.251251
v -92.313751 -3.346377 -90.469879
v -92.313789 -2.951359 -89.217026
v -92.313820 -3.368183 -87.971291
v -93.468437 -2.951359 -89.217041
v -93.468468 -3.368093 -87.971260
v -100.417831 -3.368092 -87.971413
v -93.468483 -4.437490 -87.208351
v -100.417862 -4.437490 -87.208504
v -93.468483 -5.751079 -87.219711
v -100.417839 -5.751078 -87.219872
v -100.417839 -6.807157 -88.001305
v -92.313805 -3.368093 -87.971237
v -92.313828 -4.437490 -87.208328
v -92.313835 -5.751079 -87.219696
v -92.313820 -6.807157 -88.001129
v -93.468437 -2.519630 -89.254158
v -93.468468 -2.124568 -88.001167
v -100.417809 -2.519632 -89.254295
v -93.468407 -2.102807 -90.499901
v -100.417770 -2.102808 -90.500053
v -93.468384 -1.033354 -91.262733
v -100.417763 -1.033354 -91.262886
v -93.468384 0.280235 -91.251266
v -100.417755 0.280233 -91.251427
v -93.468407 1.336211 -90.469879
v -100.417778 1.336211 -90.470055
v -100.417809 1.731229 -89.217201
v -92.010094 0.145322 -87.524422
v -92.010086 -0.963505 -87.534088
v -92.010078 -1.854878 -88.193680
v -92.010048 -2.188322 -89.251221
v -92.010040 -1.836472 -90.302780
v -92.010017 -0.933723 -90.946709
v -92.010017 0.175104 -90.937057
v -92.010040 1.066477 -90.277466
v -92.010048 1.399921 -89.219910
v -92.010078 1.048071 -88.168350
v -92.313828 0.244954 -87.208435
v -92.313835 -1.068635 -87.219902
v -92.313774 -2.519630 -89.254120
v -92.313751 -2.102807 -90.499878
v -92.313728 -1.033354 -91.262711
v -92.313736 0.280235 -91.251251
v -92.313751 1.336211 -90.469879
v -92.313789 1.731229 -89.217026
v -92.313820 1.314406 -87.971291
v -93.468437 1.731229 -89.217041
v -93.468468 1.314496 -87.971260
v -100.417831 1.314497 -87.971413
v -93.468483 0.245099 -87.208351
v -100.417862 0.245099 -87.208504
v -93.468483 -1.068490 -87.219711
v -100.417839 -1.068489 -87.219872
v -100.417839 -2.124568 -88.001305
v -92.313805 1.314496 -87.971237
v -92.313828 0.245099 -87.208328
v -92.313835 -1.068490 -87.219696
v -92.313820 -2.124568 -88.001129
v 57.978542 -2.146818 -49.156029
v 56.767841 -2.322803 -49.145462
v 57.005322 -2.322803 -48.435871
v 57.614483 -2.322803 -48.001343
v 58.362743 -2.322803 -48.007866
v 59.189285 -2.322803 -49.166618
v 56.403797 -3.352720 -47.990757
v 56.019600 -3.352720 -49.138958
v 57.389481 -3.352720 -47.287689
v 58.600166 -3.352720 -47.298256
v 59.573505 -3.352720 -48.018486
v 56.403797 -9.371696 -47.990757
v 56.019600 -9.371696 -49.138958
v 57.389481 -9.371696 -47.287689
v 58.600166 -9.371696 -47.298256
v 57.005322 -10.401613 -48.435871
v 56.767841 -10.401613 -49.145462
v 57.614483 -10.401613 -48.001343
v 58.362743 -10.401613 -48.007866
v 58.964287 -10.401613 -48.452984
v 58.951805 -2.322803 -49.876205
v 58.342625 -2.322803 -50.310719
v 57.594345 -2.322803 -50.304192
v 56.992859 -2.322803 -49.859097
v 57.356922 -3.352720 -51.013821
v 58.567608 -3.352720 -51.024380
v 56.383659 -3.352720 -50.293606
v 57.356922 -9.371696 -51.013821
v 56.383659 -9.371696 -50.293606
v 57.594345 -10.401613 -50.304192
v 58.342625 -10.401613 -50.310719
v 56.992859 -10.401613 -49.859097
v 55.544365 -7.552635 -49.439213
v 55.544365 -10.407326 -49.439213
v 55.797897 -10.407326 -49.498238
v 55.797897 -7.603089 -49.498238
v 55.340107 -7.512175 -49.600639
v 55.340107 -10.407326 -49.600639
v 55.338993 -7.512175 -49.860950
v 55.338993 -10.407326 -49.860950
v 55.669815 -7.249541 -49.439758
v 55.876648 -7.412877 -49.498589
v 55.503056 -7.118556 -49.601322
v 55.501904 -7.118556 -49.861652
v 55.976162 -7.027323 -49.441090
v 56.059170 -7.280481 -49.499371
v 55.908699 -6.824306 -49.603100
v 55.907566 -6.824306 -49.863430
v 56.314034 -7.024675 -49.442574
v 56.315788 -7.278471 -49.500504
v 56.311726 -6.821147 -49.604858
v 56.310593 -6.821147 -49.865189
v 55.548897 -7.552636 -48.243393
v 55.548897 -10.407326 -48.243393
v 55.802429 -10.407326 -48.302418
v 55.802429 -7.603090 -48.302418
v 55.344658 -7.512176 -48.404819
v 55.344658 -10.407326 -48.404819
v 55.343525 -7.512176 -48.665131
v 55.343525 -10.407326 -48.665131
v 55.546337 -7.552636 -48.828354
v 55.546337 -10.407326 -48.828354
v 55.674362 -7.249541 -48.243938
v 55.881180 -7.412878 -48.302769
v 55.507587 -7.118556 -48.405521
v 55.506454 -7.118556 -48.665852
v 55.980713 -7.027323 -48.245266
v 56.063702 -7.280481 -48.303547
v 55.913231 -6.824306 -48.407280
v 55.912098 -6.824306 -48.667610
v 56.318584 -7.024676 -48.246754
v 56.320320 -7.278471 -48.304680
v 56.316277 -6.821148 -48.409058
v 56.315144 -6.821148 -48.669369
v 55.594227 -10.452915 -49.086536
v 55.067585 -10.452915 -48.782455
v 55.067585 -9.666482 -48.782455
v 55.594227 -9.666482 -49.086536
v 55.067585 -10.452915 -48.174332
v 55.067585 -9.666482 -48.174332
v 55.594265 -9.666482 -47.870247
v 59.937569 -3.352720 -49.173187
v 59.553310 -3.352720 -50.321369
v 59.553310 -9.371696 -50.321369
v 59.937569 -9.371696 -49.173187
v 58.567608 -9.371696 -51.024380
v 58.951805 -10.401613 -49.876221
v 59.189323 -10.401613 -49.166645
v 58.964287 -2.322803 -48.452984
v 59.573505 -9.371696 -48.018486
v 55.537254 -7.552637 -48.835052
v 55.537254 -10.407326 -48.835052
v 55.790791 -10.407326 -48.776028
v 55.790791 -7.603091 -48.776028
v 55.667255 -7.249541 -48.831703
v 55.869541 -7.412878 -48.775677
v 55.973602 -7.027323 -48.831703
v 56.052059 -7.280482 -48.774895
v 56.311474 -7.024676 -48.831692
v 56.308681 -7.278472 -48.773762
v 55.541805 -7.552636 -50.027515
v 55.541805 -10.407326 -50.027515
v 55.795322 -10.407326 -49.971851
v 55.795322 -7.603090 -49.971851
v 55.667255 -7.249541 -50.027523
v 55.874069 -7.412877 -49.971497
v 55.973602 -7.027323 -50.027515
v 56.056591 -7.280481 -49.970718
v 56.311474 -7.024676 -50.027515
v 56.313213 -7.278471 -49.969585
v 55.594265 -10.452915 -47.870247
v 56.120907 -10.452915 -48.174370
v 56.120926 -9.666482 -48.174339
v 56.120869 -10.452915 -48.782494
v 56.120907 -9.666482 -48.782475
v 56.345016 -2.146817 -42.139431
v 56.362774 -2.322803 -43.350048
v 55.647831 -2.322803 -43.129238
v 55.199158 -2.322803 -42.530403
v 55.188183 -2.322803 -41.782196
v 56.327286 -2.322803 -40.928772
v 55.216904 -3.352720 -43.741005
v 56.373779 -3.352720 -44.098240
v 54.490967 -3.352720 -42.772034
v 54.473213 -3.352720 -41.561440
v 55.170479 -3.352720 -40.571518
v 55.216904 -9.371696 -43.741005
v 56.373779 -9.371696 -44.098240
v 54.490967 -9.371696 -42.772034
v 54.473213 -9.371696 -41.561440
v 55.647831 -10.401613 -43.129238
v 56.362774 -10.401613 -43.350048
v 55.199158 -10.401613 -42.530403
v 55.188183 -10.401613 -41.782196
v 55.619099 -10.401613 -41.170403
v 57.042236 -2.322803 -41.149590
v 57.490879 -2.322803 -41.748440
v 57.501854 -2.322803 -42.496670
v 57.070957 -2.322803 -43.108402
v 58.216843 -3.352720 -42.717430
v 58.199081 -3.352720 -41.506824
v 57.519588 -3.352720 -43.707268
v 58.216843 -9.371696 -42.717430
v 57.519588 -9.371696 -43.707268
v 57.501854 -10.401613 -42.496670
v 57.490879 -10.401613 -41.748440
v 57.070957 -10.401613 -43.108402
v 56.685059 -7.552636 -44.566319
v 56.685059 -10.407325 -44.566319
v 56.738144 -10.407325 -44.311474
v 56.738144 -7.603090 -44.311474
v 56.851219 -7.512175 -44.766747
v 56.851219 -10.407325 -44.766747
v 57.111492 -7.512175 -44.761772
v 57.111492 -10.407325 -44.761772
v 56.682674 -7.249541 -44.440899
v 56.736649 -7.412877 -44.232738
v 56.848095 -7.118556 -44.603828
v 57.108387 -7.118556 -44.598892
v 56.676834 -7.027323 -44.134598
v 56.733162 -7.280481 -44.050247
v 56.840389 -6.824305 -44.198250
v 57.100674 -6.824305 -44.193295
v 56.670418 -7.024676 -43.796787
v 56.728291 -7.278471 -43.793671
v 56.832714 -6.821147 -43.795292
v 57.092999 -6.821147 -43.790337
v 55.489471 -7.552636 -44.589764
v 55.489471 -10.407325 -44.589764
v 55.542549 -10.407325 -44.334915
v 55.542549 -7.603090 -44.334915
v 55.655624 -7.512175 -44.790169
v 55.655624 -10.407325 -44.790169
v 55.915886 -7.512175 -44.785213
v 55.915886 -10.407325 -44.785213
v 56.074326 -7.552636 -44.578636
v 56.074326 -10.407325 -44.578636
v 55.487080 -7.249541 -44.464314
v 55.541042 -7.412877 -44.256180
v 55.652519 -7.118556 -44.627270
v 55.912800 -7.118556 -44.622314
v 55.481239 -7.027323 -44.158020
v 55.537567 -7.280481 -44.073692
v 55.644783 -6.824305 -44.221695
v 55.905067 -6.824305 -44.216736
v 55.474823 -7.024676 -43.820210
v 55.532696 -7.278471 -43.817120
v 55.637127 -6.821147 -43.818714
v 55.897400 -6.821147 -43.813759
v 56.331318 -10.452915 -44.524719
v 56.039639 -10.452915 -45.058331
v 56.039639 -9.666482 -45.058331
v 56.331318 -9.666482 -44.524719
v 55.431679 -10.452915 -45.072559
v 55.431679 -9.666482 -45.072559
v 55.115360 -9.666482 -44.553135
v 56.316345 -3.352720 -40.180546
v 57.473202 -3.352720 -40.537834
v 57.473213 -9.371696 -40.537838
v 56.316345 -9.371696 -40.180546
v 58.199081 -9.371696 -41.506824
v 57.042244 -10.401613 -41.149590
v 56.327305 -10.401613 -40.928734
v 55.619099 -2.322803 -41.170403
v 55.170479 -9.371696 -40.571518
v 56.081230 -7.552637 -44.587563
v 56.081230 -10.407325 -44.587563
v 56.016296 -10.407325 -44.335476
v 56.016296 -7.603091 -44.335476
v 56.074844 -7.249541 -44.457676
v 56.014099 -7.412877 -44.256756
v 56.067673 -7.027323 -44.151409
v 56.009052 -7.280482 -44.074306
v 56.059765 -7.024676 -43.813633
v 56.001923 -7.278471 -43.817783
v 57.273262 -7.552637 -44.555115
v 57.273262 -10.407325 -44.555115
v 57.211689 -10.407325 -44.302971
v 57.211689 -7.603091 -44.302971
v 57.270340 -7.249541 -44.429707
v 57.209492 -7.412877 -44.224258
v 57.263165 -7.027323 -44.123436
v 57.204441 -7.280482 -44.041805
v 57.255264 -7.024676 -43.785664
v 57.197311 -7.278471 -43.785282
v 55.115360 -10.452915 -44.553135
v 55.407078 -10.452915 -44.019520
v 55.407051 -9.666481 -44.019505
v 56.015049 -10.452915 -44.005341
v 56.015018 -9.666481 -44.005299
v 25.661369 -2.146818 -11.626030
v 24.450666 -2.322803 -11.615463
v 24.688147 -2.322803 -10.905874
v 25.297306 -2.322803 -10.471342
v 26.045568 -2.322803 -10.477866
v 26.872110 -2.322803 -11.636621
v 24.086622 -3.352720 -10.460756
v 23.702423 -3.352720 -11.608960
v 25.072306 -3.352720 -9.757690
v 26.282990 -3.352720 -9.768256
v 27.256330 -3.352720 -10.488486
v 24.086622 -9.371696 -10.460756
v 23.702423 -9.371696 -11.608960
v 25.072306 -9.371696 -9.757690
v 26.282990 -9.371696 -9.768256
v 24.688147 -10.401613 -10.905874
v 24.450666 -10.401612 -11.615463
v 25.297306 -10.401613 -10.471342
v 26.045568 -10.401613 -10.477866
v 26.647112 -10.401612 -10.922983
v 26.634630 -2.322803 -12.346206
v 26.025452 -2.322803 -12.780718
v 25.277170 -2.322803 -12.774194
v 24.675686 -2.322803 -12.329097
v 25.039747 -3.352720 -13.483823
v 26.250431 -3.352720 -13.494380
v 24.066486 -3.352720 -12.763608
v 25.039747 -9.371696 -13.483823
v 24.066486 -9.371696 -12.763608
v 25.277170 -10.401612 -12.774194
v 26.025452 -10.401612 -12.780718
v 24.675686 -10.401612 -12.329097
v 23.227190 -7.552636 -11.909214
v 23.227190 -10.407324 -11.909214
v 23.480724 -10.407324 -11.968237
v 23.480724 -7.603090 -11.968237
v 23.022932 -7.512175 -12.070640
v 23.022932 -10.407324 -12.070640
v 23.021818 -7.512175 -12.330952
v 23.021818 -10.407324 -12.330952
v 23.352638 -7.249542 -11.909760
v 23.559475 -7.412877 -11.968589
v 23.185881 -7.118556 -12.071323
v 23.184729 -7.118556 -12.331655
v 23.658987 -7.027323 -11.911089
v 23.741995 -7.280481 -11.969370
v 23.591526 -6.824306 -12.073100
v 23.590393 -6.824306 -12.333432
v 23.996857 -7.024676 -11.912573
v 23.998615 -7.278471 -11.970503
v 23.994553 -6.821147 -12.074858
v 23.993420 -6.821147 -12.335190
v 23.231720 -7.552636 -10.713393
v 23.231720 -10.407325 -10.713393
v 23.485256 -10.407325 -10.772417
v 23.485256 -7.603090 -10.772417
v 23.027483 -7.512175 -10.874819
v 23.027483 -10.407325 -10.874819
v 23.026350 -7.512175 -11.135132
v 23.026350 -10.407324 -11.135132
v 23.229162 -7.552636 -11.298354
v 23.229162 -10.407324 -11.298354
v 23.357189 -7.249542 -10.713941
v 23.564005 -7.412877 -10.772768
v 23.190413 -7.118556 -10.875523
v 23.189280 -7.118556 -11.135854
v 23.663538 -7.027323 -10.715268
v 23.746525 -7.280481 -10.773550
v 23.596056 -6.824306 -10.877280
v 23.594923 -6.824306 -11.137612
v 24.001408 -7.024676 -10.716753
v 24.003147 -7.278471 -10.774682
v 23.999104 -6.821147 -10.879057
v 23.997971 -6.821147 -11.139370
v 23.277052 -10.452915 -11.556538
v 22.750412 -10.452915 -11.252456
v 22.750412 -9.666481 -11.252456
v 23.277052 -9.666481 -11.556538
v 22.750412 -10.452916 -10.644331
v 22.750412 -9.666482 -10.644331
v 23.277092 -9.666482 -10.340249
v 27.620392 -3.352720 -11.643188
v 27.236135 -3.352720 -12.791371
v 27.236135 -9.371696 -12.791371
v 27.620392 -9.371696 -11.643188
v 26.250431 -9.371696 -13.494380
v 26.634630 -10.401612 -12.346220
v 26.872150 -10.401612 -11.636645
v 26.647112 -2.322803 -10.922983
v 27.256330 -9.371696 -10.488486
v 23.220079 -7.552636 -11.305054
v 23.220079 -10.407324 -11.305054
v 23.473616 -10.407324 -11.246030
v 23.473616 -7.603090 -11.246030
v 23.350080 -7.249542 -11.301703
v 23.552364 -7.412878 -11.245679
v 23.656427 -7.027324 -11.301703
v 23.734884 -7.280481 -11.244897
v 23.994299 -7.024676 -11.301694
v 23.991507 -7.278471 -11.243764
v 23.224630 -7.552636 -12.497515
v 23.224630 -10.407324 -12.497515
v 23.478146 -10.407324 -12.441851
v 23.478146 -7.603090 -12.441851
v 23.350080 -7.249542 -12.497524
v 23.556896 -7.412878 -12.441499
v 23.656427 -7.027324 -12.497515
v 23.739416 -7.280481 -12.440718
v 23.994299 -7.024676 -12.497515
v 23.996037 -7.278471 -12.439585
v 23.277092 -10.452916 -10.340249
v 23.803732 -10.452915 -10.644370
v 23.803751 -9.666482 -10.644341
v 23.803694 -10.452915 -11.252495
v 23.803732 -9.666481 -11.252476
v -98.039726 -2.146818 -33.876038
v -96.829018 -2.322803 -33.886600
v -97.066505 -2.322803 -34.596191
v -97.675659 -2.322803 -35.030727
v -98.423927 -2.322803 -35.024204
v -99.250465 -2.322803 -33.865452
v -96.464981 -3.352720 -35.041309
v -96.080780 -3.352720 -33.893105
v -97.450661 -3.352720 -35.744381
v -98.661346 -3.352720 -35.733814
v -99.634682 -3.352720 -35.013588
v -96.464981 -9.371696 -35.041309
v -96.080780 -9.371696 -33.893105
v -97.450661 -9.371696 -35.744373
v -98.661346 -9.371696 -35.733814
v -97.066505 -10.401613 -34.596191
v -96.829018 -10.401613 -33.886600
v -97.675659 -10.401613 -35.030727
v -98.423927 -10.401613 -35.024204
v -99.025467 -10.401613 -34.579090
v -99.012985 -2.322803 -33.155869
v -98.403816 -2.322803 -32.721352
v -97.655533 -2.322803 -32.727875
v -97.054039 -2.322803 -33.172970
v -97.418114 -3.352720 -32.018246
v -98.628799 -3.352720 -32.007690
v -96.444855 -3.352720 -32.738457
v -97.418114 -9.371696 -32.018242
v -96.444855 -9.371696 -32.738457
v -97.655533 -10.401613 -32.727875
v -98.403816 -10.401614 -32.721352
v -97.054039 -10.401613 -33.172970
v -95.605545 -7.552636 -33.592846
v -95.605545 -10.407325 -33.592846
v -95.859077 -10.407325 -33.533821
v -95.859077 -7.603090 -33.533821
v -95.401283 -7.512176 -33.431419
v -95.401283 -10.407325 -33.431419
v -95.400185 -7.512176 -33.171108
v -95.400185 -10.407325 -33.171108
v -95.730995 -7.249541 -33.592300
v -95.937828 -7.412878 -33.533474
v -95.564240 -7.118556 -33.430737
v -95.563087 -7.118556 -33.170406
v -96.037338 -7.027323 -33.590977
v -96.120346 -7.280481 -33.532696
v -95.969879 -6.824305 -33.428963
v -95.968750 -6.824305 -33.168633
v -96.375214 -7.024676 -33.589493
v -96.376968 -7.278471 -33.531563
v -96.372910 -6.821147 -33.427208
v -96.371773 -6.821147 -33.166874
v -95.610077 -7.552636 -34.788666
v -95.610077 -10.407325 -34.788666
v -95.863609 -10.407325 -34.729641
v -95.863609 -7.603090 -34.729641
v -95.405838 -7.512176 -34.627239
v -95.405838 -10.407325 -34.627239
v -95.404701 -7.512176 -34.366928
v -95.404701 -10.407325 -34.366928
v -95.607521 -7.552636 -34.203705
v -95.607521 -10.407325 -34.203705
v -95.735542 -7.249541 -34.788120
v -95.942360 -7.412878 -34.729298
v -95.568764 -7.118556 -34.626537
v -95.567635 -7.118556 -34.366207
v -96.041893 -7.027323 -34.786797
v -96.124878 -7.280481 -34.728516
v -95.974411 -6.824305 -34.624783
v -95.973282 -6.824305 -34.364452
v -96.379761 -7.024676 -34.785313
v -96.381500 -7.278471 -34.727383
v -96.377457 -6.821147 -34.623009
v -96.376328 -6.821147 -34.362694
v -95.655411 -10.452915 -33.945522
v -95.128769 -10.452915 -34.249603
v -95.128769 -9.666482 -34.249603
v -95.655411 -9.666482 -33.945522
v -95.128769 -10.452915 -34.857727
v -95.128769 -9.666482 -34.857727
v -95.655449 -9.666482 -35.161812
v -99.998749 -3.352720 -33.858887
v -99.614502 -3.352720 -32.710701
v -99.614502 -9.371696 -32.710701
v -99.998749 -9.371696 -33.858887
v -98.628799 -9.371696 -32.007690
v -99.012985 -10.401613 -33.155849
v -99.250504 -10.401613 -33.865429
v -99.025467 -2.322803 -34.579090
v -99.634682 -9.371696 -35.013588
v -95.598434 -7.552636 -34.197006
v -95.598434 -10.407325 -34.197006
v -95.851967 -10.407325 -34.256031
v -95.851967 -7.603090 -34.256031
v -95.728432 -7.249541 -34.200356
v -95.930717 -7.412878 -34.256386
v -96.034782 -7.027323 -34.200359
v -96.113243 -7.280482 -34.257168
v -96.372658 -7.024676 -34.200371
v -96.369858 -7.278472 -34.258301
v -95.602997 -7.552636 -33.004543
v -95.602997 -10.407325 -33.004543
v -95.856514 -10.407325 -33.060207
v -95.856514 -7.603090 -33.060207
v -95.728447 -7.249541 -33.004536
v -95.935265 -7.412878 -33.060566
v -96.034790 -7.027323 -33.004551
v -96.117783 -7.280482 -33.061348
v -96.372665 -7.024676 -33.004551
v -96.374405 -7.278472 -33.062481
v -95.655449 -10.452915 -35.161812
v -96.182091 -10.452915 -34.857693
v -96.182106 -9.666480 -34.857723
v -96.182045 -10.452915 -34.249569
v -96.182091 -9.666480 -34.249588
v -97.125366 -8.370617 -122.940956
v -97.125069 -10.533565 -126.983925
v -99.501755 -8.370617 -123.713097
v -99.907684 -8.370617 -124.962448
v -99.907684 -10.533565 -124.962448
v -99.501755 -10.533565 -123.713097
v -98.439003 -8.370617 -122.940964
v -98.439003 -10.533565 -122.940964
v -99.501755 -8.370617 -126.211807
v -98.438858 -8.370617 -126.983978
v -98.438858 -10.533565 -126.983978
v -99.501755 -10.533565 -126.211807
v -99.082710 -8.103760 -124.017548
v -99.389732 -8.103760 -124.962471
v -98.278931 -8.103760 -123.433563
v -97.285416 -8.103760 -123.433578
v -96.481636 -8.103760 -124.017548
v -96.062599 -8.370617 -123.713051
v -96.174629 -8.103760 -124.962448
v -95.656609 -8.370617 -124.962402
v -96.481651 -8.103760 -125.907349
v -96.062500 -8.370617 -126.211754
v -97.285416 -8.103760 -126.491333
v -97.125214 -8.370617 -126.983925
v -98.278946 -8.103760 -126.491333
v -99.082710 -8.103760 -125.907349
v -99.188751 -6.547962 -123.940514
v -99.520805 -6.547962 -124.962471
v -99.520805 -8.317208 -124.962471
v -99.188751 -8.317208 -123.940514
v -98.319450 -6.547962 -123.308929
v -98.319450 -8.317208 -123.308929
v -97.244911 -6.547962 -123.308914
v -97.244911 -8.317208 -123.308914
v -99.188759 -6.547962 -125.984398
v -98.319313 -6.547962 -126.616020
v -98.319313 -8.317208 -126.616020
v -99.188759 -8.317208 -125.984398
v -99.097115 -6.329679 -124.962448
v -98.845993 -6.329679 -124.189560
v -98.188515 -6.329679 -123.711861
v -97.375839 -6.329679 -123.711884
v -96.718369 -6.329679 -124.189560
v -96.467247 -6.329679 -124.962448
v -96.718361 -6.329678 -125.735336
v -97.375839 -6.329678 -126.213051
v -98.188515 -6.329678 -126.213036
v -98.845993 -6.329678 -125.735359
v -96.375587 -6.547962 -123.940468
v -96.043488 -6.547962 -124.962387
v -96.062370 -10.533565 -126.211708
v -95.656540 -10.533565 -124.962318
v -97.125366 -10.533565 -122.940956
v -96.062576 -10.533565 -123.712997
v -96.375504 -6.547962 -125.984352
v -96.043419 -8.317208 -124.962334
v -96.375397 -8.317208 -125.984314
v -97.244781 -6.547962 -126.615974
v -97.244644 -8.317208 -126.615967
v -96.375557 -8.317208 -123.940430
v -97.125366 -8.370617 -128.289642
v -97.125069 -10.533566 -132.332611
v -99.501755 -8.370617 -129.061783
v -99.907684 -8.370617 -130.311142
v -99.907684 -10.533565 -130.311142
v -99.501755 -10.533565 -129.061783
v -98.439003 -8.370617 -128.289658
v -98.439003 -10.533565 -128.289658
v -99.501755 -8.370617 -131.560501
v -98.438858 -8.370617 -132.332672
v -98.438858 -10.533566 -132.332672
v -99.501755 -10.533565 -131.560501
v -99.082710 -8.103760 -129.366241
v -99.389732 -8.103760 -130.311157
v -98.278931 -8.103760 -128.782257
v -97.285416 -8.103760 -128.782272
v -96.481636 -8.103760 -129.366241
v -96.062599 -8.370617 -129.061752
v -96.174629 -8.103760 -130.311142
v -95.656609 -8.370617 -130.311096
v -96.481651 -8.103760 -131.256042
v -96.062500 -8.370617 -131.560440
v -97.285416 -8.103760 -131.840027
v -97.125214 -8.370617 -132.332611
v -98.278946 -8.103760 -131.840027
v -99.082710 -8.103760 -131.256042
v -99.188751 -6.547962 -129.289200
v -99.520805 -6.547962 -130.311157
v -99.520805 -8.317208 -130.311157
v -99.188751 -8.317208 -129.289200
v -98.319450 -6.547962 -128.657623
v -98.319450 -8.317208 -128.657623
v -97.244911 -6.547962 -128.657608
v -97.244911 -8.317208 -128.657608
v -99.188759 -6.547962 -131.333099
v -98.319313 -6.547962 -131.964706
v -98.319313 -8.317208 -131.964706
v -99.188759 -8.317208 -131.333099
v -99.097115 -6.329678 -130.311142
v -98.845993 -6.329678 -129.538254
v -98.188515 -6.329678 -129.060547
v -97.375839 -6.329678 -129.060577
v -96.718369 -6.329678 -129.538254
v -96.467247 -6.329678 -130.311142
v -96.718361 -6.329678 -131.084030
v -97.375839 -6.329678 -131.561752
v -98.188515 -6.329678 -131.561722
v -98.845993 -6.329678 -131.084045
v -96.375587 -6.547962 -129.289154
v -96.043488 -6.547962 -130.311081
v -96.062370 -10.533566 -131.560394
v -95.656540 -10.533565 -130.311020
v -97.125366 -10.533565 -128.289642
v -96.062576 -10.533565 -129.061691
v -96.375504 -6.547962 -131.333038
v -96.043419 -8.317208 -130.311020
v -96.375397 -8.317208 -131.333008
v -97.244781 -6.547962 -131.964661
v -97.244644 -8.317208 -131.964661
v -96.375557 -8.317208 -129.289124
v -97.125366 -8.370617 -133.462540
v -97.125069 -10.533566 -137.505493
v -99.501755 -8.370617 -134.234665
v -99.907684 -8.370617 -135.484024
v -99.907684 -10.533565 -135.484024
v -99.501755 -10.533566 -134.234665
v -98.439003 -8.370617 -133.462540
v -98.439003 -10.533566 -133.462540
v -99.501755 -8.370617 -136.733383
v -98.438858 -8.370617 -137.505554
v -98.438858 -10.533566 -137.505554
v -99.501755 -10.533566 -136.733383
v -99.082710 -8.103760 -134.539124
v -99.389732 -8.103760 -135.484039
v -98.278931 -8.103760 -133.955139
v -97.285416 -8.103760 -133.955154
v -96.481636 -8.103760 -134.539124
v -96.062599 -8.370617 -134.234619
v -96.174629 -8.103760 -135.484024
v -95.656609 -8.370617 -135.483963
v -96.481651 -8.103760 -136.428925
v -96.062500 -8.370617 -136.733322
v -97.285416 -8.103760 -137.012909
v -97.125214 -8.370617 -137.505508
v -98.278946 -8.103760 -137.012909
v -99.082710 -8.103760 -136.428925
v -99.188751 -6.547962 -134.462082
v -99.520805 -6.547962 -135.484039
v -99.520805 -8.317208 -135.484039
v -99.188751 -8.317208 -134.462082
v -98.319450 -6.547962 -133.830505
v -98.319450 -8.317208 -133.830505
v -97.244911 -6.547962 -133.830490
v -97.244911 -8.317208 -133.830490
v -99.188759 -6.547962 -136.505966
v -98.319313 -6.547962 -137.137589
v -98.319313 -8.317208 -137.137589
v -99.188759 -8.317208 -136.505966
v -99.097115 -6.329678 -135.484024
v -98.845993 -6.329678 -134.711136
v -98.188515 -6.329678 -134.233429
v -97.375839 -6.329678 -134.233459
v -96.718369 -6.329678 -134.711136
v -96.467247 -6.329678 -135.484024
v -96.718361 -6.329678 -136.256912
v -97.375839 -6.329678 -136.734619
v -98.188515 -6.329678 -136.734604
v -98.845993 -6.329678 -136.256927
v -96.375587 -6.547962 -134.462036
v -96.043488 -6.547962 -135.483963
v -96.062370 -10.533566 -136.733276
v -95.656540 -10.533565 -135.483887
v -97.125366 -10.533566 -133.462540
v -96.062576 -10.533566 -134.234573
v -96.375504 -6.547962 -136.505920
v -96.043419 -8.317208 -135.483902
v -96.375397 -8.317208 -136.505875
v -97.244781 -6.547962 -137.137543
v -97.244644 -8.317208 -137.137543
v -96.375557 -8.317208 -134.461990
vn 0.0005 0.9952 0.0983
vn -0.5583 0.8084 0.1868
vn -0.4577 0.8221 0.3387
vn 0.0008 0.9951 0.0984
vn -0.1712 0.8221 0.5430
vn 0.0009 0.9951 0.0984
vn 0.1807 0.8221 0.5399
vn 0.0009 0.9951 0.0985
vn 0.1806 0.8221 0.5399
vn 0.2938 0.8898 0.3491
vn 0.0013 0.9952 0.0983
vn 0.2939 0.8898 0.3490
vn 0.1441 0.9885 0.0454
vn -0.7688 0.2928 0.5685
vn -0.4580 0.8219 0.3386
vn -0.5586 0.8081 0.1869
vn -0.5586 0.8081 0.1870
vn -0.9105 0.2797 0.3046
vn -0.7688 0.2928 0.5686
vn -0.2877 0.2928 0.9119
vn -0.1715 0.8219 0.5432
vn -0.4577 0.8219 0.3390
vn -0.7685 0.2928 0.5690
vn -0.2878 0.2928 0.9118
vn 0.3032 0.2928 0.9068
vn 0.1805 0.8219 0.5403
vn -0.1711 0.8219 0.5434
vn -0.1711 0.8219 0.5433
vn -0.2873 0.2928 0.9120
vn 0.5711 0.2797 0.7718
vn 0.2941 0.8896 0.3494
vn 0.1810 0.8219 0.5402
vn 0.1810 0.8219 0.5401
vn 0.3036 0.2928 0.9067
vn -0.7687 -0.2925 0.5688
vn -0.7688 0.2924 0.5688
vn -0.9107 0.2789 0.3047
vn -0.9107 -0.2789 0.3047
vn -0.7688 -0.2923 0.5687
vn -0.2876 -0.2925 0.9120
vn -0.2876 0.2925 0.9120
vn -0.7687 0.2924 0.5688
vn -0.7687 0.2925 0.5689
vn -0.7687 -0.2925 0.5689
vn -0.2875 -0.2924 0.9120
vn 0.3032 -0.2922 0.9070
vn 0.3032 0.2922 0.9070
vn -0.2875 0.2924 0.9120
vn 0.3034 -0.2924 0.9069
vn 0.5712 -0.2789 0.7720
vn 0.5712 0.2789 0.7720
vn 0.3035 0.2924 0.9069
vn 0.3037 -0.2923 0.9068
vn 0.5713 -0.2789 0.7719
vn -0.6506 -0.5878 0.4809
vn -0.7688 -0.2928 0.5686
vn -0.9105 -0.2797 0.3047
vn -0.9105 -0.2797 0.3046
vn -0.7802 -0.5685 0.2611
vn -0.2437 -0.5878 0.7715
vn -0.2878 -0.2927 0.9118
vn -0.7685 -0.2928 0.5690
vn -0.6501 -0.5878 0.4816
vn -0.2437 -0.5878 0.7714
vn 0.2563 -0.5878 0.7674
vn 0.3032 -0.2928 0.9068
vn -0.2873 -0.2928 0.9120
vn -0.2429 -0.5878 0.7717
vn 0.4894 -0.5685 0.6613
vn 0.5711 -0.2797 0.7718
vn 0.3036 -0.2928 0.9067
vn 0.2571 -0.5878 0.7671
vn -0.0005 0.9952 -0.0983
vn 0.1433 0.9885 -0.0479
vn 0.1156 0.9896 -0.0856
vn -0.0007 0.9951 -0.0985
vn 0.0247 0.8898 -0.4556
vn -0.0009 0.9951 -0.0984
vn 0.0245 0.8898 -0.4556
vn -0.1807 0.8221 -0.5399
vn -0.0011 0.9951 -0.0985
vn -0.1806 0.8221 -0.5399
vn -0.4635 0.8221 -0.3307
vn -0.0013 0.9952 -0.0983
vn -0.5614 0.8084 -0.1770
vn -0.3031 0.2928 -0.9069
vn -0.1805 0.8219 -0.5403
vn 0.0246 0.8896 -0.4560
vn 0.0245 0.8896 -0.4560
vn -0.0084 0.2797 -0.9600
vn -0.3032 0.2928 -0.9068
vn -0.7783 0.2928 -0.5555
vn -0.4636 0.8219 -0.3310
vn -0.1810 0.8219 -0.5401
vn -0.3037 0.2928 -0.9067
vn -0.7783 0.2928 -0.5554
vn -0.9156 0.2797 -0.2887
vn -0.5618 0.8081 -0.1771
vn -0.4639 0.8219 -0.3306
vn -0.7786 0.2927 -0.5550
vn -0.3034 -0.2924 -0.9069
vn -0.3033 0.2924 -0.9069
vn -0.0084 0.2789 -0.9603
vn -0.0084 -0.2789 -0.9603
vn -0.7785 -0.2925 -0.5553
vn -0.7785 0.2925 -0.5553
vn -0.3034 0.2925 -0.9069
vn -0.3034 -0.2925 -0.9068
vn -0.7785 -0.2924 -0.5553
vn -0.9159 -0.2789 -0.2888
vn -0.9159 0.2789 -0.2888
vn -0.7786 0.2923 -0.5552
vn -0.7786 0.2924 -0.5552
vn -0.7786 -0.2924 -0.5552
vn -0.2563 -0.5878 -0.7673
vn -0.3031 -0.2928 -0.9069
vn -0.0084 -0.2797 -0.9600
vn -0.0072 -0.5685 -0.8227
vn -0.6584 -0.5878 -0.4701
vn -0.7783 -0.2928 -0.5554
vn -0.3036 -0.2928 -0.9067
vn -0.2572 -0.5878 -0.7671
vn -0.7846 -0.5685 -0.2474
vn -0.9156 -0.2797 -0.2887
vn -0.7786 -0.2927 -0.5550
vn -0.7786 -0.2928 -0.5550
vn -0.6589 -0.5878 -0.4695
vn -0.0983 0.9952 0.0005
vn -0.1869 0.8084 -0.5582
vn -0.3386 0.8221 -0.4577
vn -0.0985 0.9951 0.0007
vn -0.3387 0.8221 -0.4577
vn -0.5430 0.8221 -0.1712
vn -0.0984 0.9951 0.0009
vn -0.5399 0.8221 0.1807
vn -0.5399 0.8221 0.1806
vn -0.3306 0.8221 0.4635
vn -0.0983 0.9952 0.0013
vn -0.1770 0.8084 0.5614
vn -0.5685 0.2928 -0.7688
vn -0.3386 0.8219 -0.4580
vn -0.1869 0.8081 -0.5586
vn -0.3047 0.2797 -0.9105
vn -0.5686 0.2928 -0.7688
vn -0.9119 0.2928 -0.2877
vn -0.5432 0.8219 -0.1715
vn -0.3390 0.8219 -0.4577
vn -0.3390 0.8219 -0.4578
vn -0.5690 0.2928 -0.7685
vn -0.9118 0.2928 -0.2878
vn -0.9068 0.2928 0.3032
vn -0.5403 0.8219 0.1805
vn -0.5433 0.8219 -0.1711
vn -0.9120 0.2928 -0.2873
vn -0.5555 0.2928 0.7783
vn -0.3310 0.8219 0.4636
vn -0.5401 0.8219 0.1810
vn -0.9067 0.2928 0.3036
vn -0.2887 0.2797 0.9156
vn -0.1771 0.8081 0.5618
vn -0.3306 0.8219 0.4639
vn -0.5550 0.2927 0.7786
vn -0.5688 -0.2925 -0.7687
vn -0.5688 0.2924 -0.7687
vn -0.3047 0.2789 -0.9107
vn -0.3048 -0.2789 -0.9107
vn -0.9120 -0.2922 -0.2879
vn -0.9120 0.2922 -0.2879
vn -0.5691 0.2923 -0.7686
vn -0.9120 -0.2924 -0.2876
vn -0.9069 -0.2924 0.3034
vn -0.9069 0.2925 0.3034
vn -0.9120 0.2924 -0.2876
vn -0.9120 0.2924 -0.2875
vn -0.9120 -0.2925 -0.2875
vn -0.5555 -0.2923 0.7784
vn -0.5555 0.2923 0.7784
vn -0.9069 0.2923 0.3037
vn -0.9069 0.2922 0.3037
vn -0.9068 -0.2922 0.3038
vn -0.5556 -0.2922 0.7784
vn -0.2888 -0.2789 0.9159
vn -0.2888 0.2789 0.9159
vn -0.5551 0.2922 0.7787
vn -0.5551 0.2923 0.7787
vn -0.5551 -0.2922 0.7788
vn -0.4809 -0.5878 -0.6506
vn -0.5685 -0.2928 -0.7688
vn -0.3047 -0.2797 -0.9104
vn -0.3047 -0.2797 -0.9105
vn -0.2611 -0.5685 -0.7802
vn -0.7714 -0.5878 -0.2437
vn -0.9119 -0.2928 -0.2878
vn -0.5690 -0.2928 -0.7685
vn -0.4816 -0.5878 -0.6501
vn -0.7715 -0.5878 -0.2437
vn -0.7673 -0.5878 0.2563
vn -0.9068 -0.2928 0.3032
vn -0.9120 -0.2928 -0.2873
vn -0.7717 -0.5878 -0.2429
vn -0.4701 -0.5878 0.6584
vn -0.5555 -0.2928 0.7783
vn -0.9067 -0.2928 0.3036
vn -0.7671 -0.5877 0.2571
vn -0.4702 -0.5878 0.6584
vn -0.2474 -0.5685 0.7846
vn -0.2887 -0.2797 0.9156
vn -0.5550 -0.2928 0.7786
vn -0.5551 -0.2928 0.7786
vn -0.4694 -0.5878 0.6589
vn 0.0983 0.9952 -0.0005
vn 0.1868 0.8084 0.5583
vn 0.1715 0.8898 0.4228
vn 0.0984 0.9951 -0.0008
vn 0.1717 0.8898 0.4228
vn 0.1372 0.9896 0.0433
vn 0.0984 0.9951 -0.0009
vn 0.1372 0.9896 0.0432
vn 0.1364 0.9896 -0.0456
vn 0.0985 0.9951 -0.0011
vn 0.1364 0.9896 -0.0457
vn 0.1642 0.8898 -0.4257
vn 0.0983 0.9952 -0.0013
vn 0.1641 0.8898 -0.4257
vn 0.1770 0.8084 -0.5614
vn 0.3047 0.2797 0.9105
vn 0.1717 0.8896 0.4232
vn 0.1869 0.8081 0.5586
vn 0.2887 0.2797 -0.9156
vn 0.1771 0.8081 -0.5618
vn 0.1643 0.8896 -0.4261
vn 0.3047 -0.2789 0.9107
vn 0.3048 0.2789 0.9107
vn 0.3047 0.2789 0.9107
vn 0.2888 -0.2789 -0.9159
vn 0.2888 0.2789 -0.9159
vn 0.2611 -0.5685 0.7802
vn 0.3047 -0.2797 0.9105
vn 0.2474 -0.5685 -0.7846
vn 0.2887 -0.2797 -0.9156
vn -0.2601 0.0525 0.9641
vn -0.2183 -0.0000 0.9759
vn 0.2267 -0.0000 0.9740
vn 0.2185 -0.0426 0.9749
vn -0.2601 0.0526 0.9641
vn -0.8892 0.1771 0.4219
vn -0.8991 0.0002 0.4378
vn -0.2606 0.0525 0.9640
vn -0.8928 0.1771 -0.4141
vn -0.9029 0.0002 -0.4299
vn -0.8991 -0.0000 0.4378
vn -0.6078 0.1197 -0.7850
vn -0.6269 -0.0000 -0.7791
vn -0.9028 -0.0000 -0.4300
vn -0.8928 0.1770 -0.4141
vn -0.2199 0.1767 0.9594
vn -0.2602 0.0525 0.9641
vn 0.2186 -0.0426 0.9749
vn 0.1727 -0.1328 0.9760
vn -0.2198 0.1766 0.9594
vn -0.7127 0.5636 0.4176
vn -0.2605 0.0528 0.9640
vn -0.2605 0.0527 0.9640
vn -0.2202 0.1768 0.9593
vn -0.7164 0.5636 -0.4112
vn -0.8928 0.1771 -0.4142
vn -0.8892 0.1771 0.4218
vn -0.7164 0.5637 -0.4113
vn -0.4817 0.3768 -0.7912
vn -0.6076 0.1205 -0.7850
vn -0.7164 0.5637 -0.4112
vn -0.4818 0.3768 -0.7912
vn -0.0869 0.2769 0.9570
vn -0.2198 0.1767 0.9594
vn 0.1727 -0.1329 0.9760
vn 0.0706 -0.2017 0.9769
vn -0.0870 0.2770 0.9569
vn -0.2827 0.8650 0.4146
vn -0.2200 0.1771 0.9593
vn -0.0872 0.2772 0.9568
vn -0.2826 0.8650 0.4145
vn -0.2863 0.8650 -0.4121
vn -0.7163 0.5636 -0.4113
vn -0.7127 0.5636 0.4175
vn -0.2826 0.8650 0.4146
vn -0.2862 0.8650 -0.4121
vn -0.1929 0.5744 -0.7955
vn -0.4813 0.3774 -0.7912
vn -0.1928 0.5744 -0.7955
vn 0.0025 0.2225 0.9749
vn -0.0869 0.2769 0.9569
vn 0.0706 -0.2018 0.9769
vn 0.0061 -0.2225 0.9749
vn -0.0051 0.9009 0.4340
vn -0.0868 0.2773 0.9568
vn -0.0089 0.9010 -0.4338
vn -0.0052 0.9009 0.4339
vn -0.0090 0.9010 -0.4338
vn -0.0083 0.6235 -0.7818
vn -0.1920 0.5747 -0.7955
vn -0.2602 0.0526 0.9641
vn 0.2268 -0.0000 0.9739
vn -0.2605 0.0525 0.9641
vn -0.9029 0.0001 -0.4299
vn -0.8928 0.1772 -0.4141
vn -0.6270 -0.0000 -0.7790
vn -0.9029 -0.0000 -0.4299
vn -0.6079 0.1197 -0.7850
vn -0.8892 0.1772 0.4219
vn -0.2604 0.0527 0.9640
vn -0.2203 0.1768 0.9593
vn -0.7128 0.5636 0.4175
vn -0.4817 0.3767 -0.7912
vn -0.7163 0.5637 -0.4113
vn -0.0869 0.2770 0.9569
vn 0.1726 -0.1329 0.9760
vn -0.2200 0.1770 0.9593
vn -0.2826 0.8651 0.4145
vn -0.7164 0.5636 -0.4113
vn -0.1929 0.5745 -0.7955
vn -0.2863 0.8650 -0.4120
vn -0.1928 0.5745 -0.7955
vn 0.0026 0.2225 0.9749
vn -0.0868 0.2769 0.9570
vn 0.0707 -0.2018 0.9769
vn -0.0051 0.9009 0.4339
vn -0.0867 0.2773 0.9569
vn 0.0025 0.2226 0.9749
vn -0.1920 0.5748 -0.7955
vn -0.0089 0.9009 -0.4339
vn -0.0083 0.6236 -0.7817
vn 0.0044 1.0000 -0.0000
vn -0.5558 0.8313 -0.0000
vn -0.5557 0.8314 -0.0001
vn -0.5557 0.8314 0.0002
vn -0.9759 -0.2183 -0.0000
vn -0.5557 0.8314 -0.0000
vn -0.6763 -0.7366 -0.0000
vn -0.9759 -0.2182 -0.0000
vn -0.9759 -0.2182 0.0001
vn 0.6688 -0.5557 0.4939
vn 0.6676 -0.6875 0.2858
vn -0.0939 -0.9679 0.2331
vn -0.0997 -0.9603 0.2607
vn 0.1096 -0.7762 0.6208
vn 0.6611 -0.5632 0.4958
vn -0.5204 0.6713 -0.5278
vn -0.5282 0.8329 -0.1652
vn 0.0043 0.9807 -0.1954
vn 0.0042 0.9807 -0.1954
vn 0.0034 0.7854 -0.6189
vn -0.5205 0.6712 -0.5277
vn -0.9928 -0.0925 0.0763
vn -0.9890 -0.1450 0.0297
vn -0.5279 0.8331 -0.1651
vn -0.5278 0.8332 -0.1651
vn -0.5200 0.6715 -0.5279
vn -0.9928 -0.0925 0.0764
vn -0.1661 -0.7739 0.6112
vn -0.3749 -0.8933 0.2478
vn -0.9890 -0.1446 0.0295
vn -0.9891 -0.1446 0.0295
vn -0.9928 -0.0921 0.0762
vn -0.1660 -0.7739 0.6112
vn 0.6673 -0.1802 0.7227
vn 0.6695 -0.6072 0.4278
vn 0.1199 -0.7995 0.5886
vn 0.1047 -0.7847 0.6109
vn 0.1002 -0.3014 0.9482
vn 0.6589 -0.1886 0.7282
vn -0.5192 0.2652 -0.8125
vn -0.5204 0.6714 -0.5277
vn 0.0035 0.7849 -0.6196
vn 0.0033 0.7849 -0.6196
vn 0.0013 0.3090 -0.9511
vn -0.5193 0.2652 -0.8124
vn -0.9941 -0.0321 0.1032
vn -0.5200 0.6715 -0.5278
vn -0.5200 0.6716 -0.5278
vn -0.5186 0.2655 -0.8128
vn -0.9941 -0.0320 0.1033
vn -0.1684 -0.3036 0.9378
vn -0.1660 -0.7740 0.6110
vn -0.9928 -0.0922 0.0760
vn -0.9928 -0.0922 0.0761
vn -0.9942 -0.0318 0.1029
vn -0.1684 -0.3037 0.9378
vn 0.1352 0.0172 0.9907
vn 0.6654 -0.0007 0.7465
vn 0.6679 -0.2767 0.6909
vn 0.6570 -0.2774 0.7010
vn 0.0988 -0.3140 0.9443
vn 0.1315 0.0070 0.9913
vn 0.0023 0.0011 -1.0000
vn -0.5574 0.0008 -0.8302
vn -0.5192 0.2656 -0.8123
vn -0.5193 0.2656 -0.8123
vn 0.0013 0.3082 -0.9513
vn 0.0020 0.0011 -1.0000
vn -0.5574 0.0009 -0.8302
vn -0.9751 0.0001 0.2218
vn -0.9941 -0.0321 0.1033
vn -0.5186 0.2656 -0.8127
vn -0.5574 0.0008 -0.8303
vn -0.9751 -0.0000 0.2218
vn -0.1455 -0.0002 0.9894
vn -0.1684 -0.3040 0.9377
vn -0.1684 -0.3039 0.9377
vn -0.9942 -0.0320 0.1028
vn 0.0043 0.9809 -0.1945
vn 0.0043 0.9809 -0.1946
vn -0.5279 0.8331 -0.1652
vn -0.9890 -0.1450 0.0296
vn -0.5557 0.8314 0.0001
vn -0.9891 -0.1446 0.0296
vn -0.3749 -0.8934 0.2476
vn -0.3748 -0.8934 0.2475
vn -0.6764 -0.7366 -0.0000
vn -0.9759 -0.2183 0.0001
vn -0.5700 -0.0000 -0.8217
vn -0.9321 -0.0000 -0.3623
vn -0.9321 0.0003 -0.3622
vn -0.6742 -0.0000 0.7386
vn -0.9321 -0.0000 -0.3622
vn -0.1315 -0.0000 0.9913
vn 0.6721 -0.5527 0.4928
vn 0.6709 -0.7330 0.1121
vn 0.1324 -0.9783 0.1591
vn 0.1239 -0.9755 0.1819
vn 0.1142 -0.7756 0.6208
vn 0.6648 -0.5600 0.4945
vn -0.5206 0.6711 -0.5278
vn -0.5277 0.8336 -0.1631
vn 0.0042 0.9813 -0.1925
vn -0.5204 0.6713 -0.5277
vn -0.9928 -0.0924 0.0763
vn -0.9892 -0.1440 0.0285
vn -0.5272 0.8339 -0.1630
vn -0.5273 0.8339 -0.1630
vn -0.1609 -0.9687 0.1890
vn -0.9892 -0.1436 0.0284
vn -0.9892 -0.1437 0.0284
vn 0.6706 -0.1784 0.7201
vn 0.6728 -0.6054 0.4252
vn 0.1243 -0.7989 0.5884
vn 0.1092 -0.7843 0.6106
vn 0.1048 -0.3010 0.9479
vn 0.6625 -0.1865 0.7254
vn -0.5192 0.2651 -0.8125
vn -0.5205 0.6713 -0.5277
vn 0.0034 0.7849 -0.6196
vn 0.0035 0.7849 -0.6197
vn -0.5201 0.6716 -0.5278
vn -0.1685 -0.3037 0.9378
vn -0.1661 -0.7740 0.6110
vn -0.9942 -0.0319 0.1030
vn 0.1397 0.0165 0.9901
vn 0.6688 -0.0007 0.7435
vn 0.6711 -0.2766 0.6878
vn 0.6604 -0.2774 0.6978
vn 0.1032 -0.3142 0.9437
vn 0.1361 0.0069 0.9907
vn 0.0022 0.0011 -1.0000
vn -0.5192 0.2656 -0.8124
vn 0.0019 0.0011 -1.0000
vn -0.9750 0.0001 0.2222
vn -0.9751 -0.0000 0.2217
vn 0.0042 0.9814 -0.1917
vn -0.5276 0.8337 -0.1630
vn -0.5571 0.8305 0.0029
vn -0.5570 0.8305 0.0029
vn 0.0032 1.0000 0.0040
vn -0.5570 0.8305 0.0030
vn -0.5273 0.8339 -0.1631
vn -0.9892 -0.1441 0.0286
vn -0.9755 -0.2202 -0.0013
vn -0.9755 -0.2201 -0.0013
vn -0.9892 -0.1436 0.0285
vn -0.1608 -0.9687 0.1889
vn -0.1542 -0.9880 -0.0050
vn -0.9755 -0.2202 -0.0014
vn 0.6753 -0.4916 -0.5498
vn 0.6745 -0.2834 -0.6817
vn -0.0849 -0.2349 -0.9683
vn -0.0907 -0.2619 -0.9608
vn 0.1186 -0.6207 -0.7751
vn 0.6684 -0.4931 -0.5569
vn -0.5205 0.5278 0.6712
vn -0.5282 0.1651 0.8329
vn 0.0043 0.1954 0.9807
vn 0.0042 0.1954 0.9807
vn 0.0033 0.6190 0.7854
vn -0.5205 0.5277 0.6713
vn -0.9928 -0.0764 -0.0925
vn -0.9890 -0.0297 -0.1450
vn -0.5278 0.1651 0.8331
vn -0.5278 0.1652 0.8331
vn -0.5200 0.5279 0.6715
vn -0.9928 -0.0764 -0.0924
vn -0.1660 -0.6112 -0.7739
vn -0.3749 -0.2479 -0.8933
vn -0.9891 -0.0295 -0.1446
vn -0.9928 -0.0762 -0.0921
vn 0.6651 -0.7345 -0.1347
vn 0.6703 -0.4655 -0.5779
vn 0.1157 -0.6455 -0.7550
vn 0.0641 -0.6227 -0.7799
vn 0.0705 -0.9547 -0.2891
vn 0.6516 -0.7326 -0.1968
vn -0.5192 0.8124 0.2654
vn 0.0034 0.6196 0.7849
vn 0.0013 0.9509 0.3094
vn -0.5194 0.8123 0.2655
vn -0.9941 -0.1034 -0.0323
vn -0.5201 0.5277 0.6716
vn -0.5200 0.5278 0.6715
vn -0.5186 0.8127 0.2657
vn -0.9941 -0.1033 -0.0322
vn -0.1684 -0.9376 -0.3043
vn -0.1661 -0.6109 -0.7741
vn -0.9928 -0.0760 -0.0923
vn -0.9928 -0.0761 -0.0922
vn -0.9942 -0.1030 -0.0320
vn 0.1476 -0.9890 0.0066
vn 0.6691 -0.7432 -0.0053
vn 0.6824 -0.6767 -0.2765
vn 0.6722 -0.6865 -0.2772
vn 0.1094 -0.9478 -0.2994
vn 0.1403 -0.9901 -0.0011
vn 0.0032 1.0000 0.0036
vn -0.5193 0.8122 0.2658
vn -0.5193 0.8122 0.2659
vn 0.0013 0.9512 0.3086
vn 0.0032 1.0000 0.0038
vn -0.9941 -0.1033 -0.0323
vn -0.5186 0.8126 0.2659
vn -0.1684 -0.9375 -0.3046
vn -0.1684 -0.9375 -0.3045
vn -0.9942 -0.1029 -0.0323
vn -0.9756 -0.2198 -0.0013
vn 0.0043 0.1946 0.9809
vn -0.5282 0.1652 0.8329
vn -0.5558 -0.0000 0.8313
vn 0.0044 -0.0000 1.0000
vn -0.5557 -0.0000 0.8314
vn -0.9890 -0.0296 -0.1450
vn -0.9890 -0.0296 -0.1449
vn -0.9759 -0.0000 -0.2183
vn -0.9759 -0.0000 -0.2182
vn -0.9891 -0.0296 -0.1445
vn -0.3749 -0.2475 -0.8934
vn -0.6764 -0.0000 -0.7366
vn -0.5557 -0.0001 0.8314
vn 0.1359 -0.9905 -0.0194
vn 0.1251 -0.9725 0.1964
vn 0.6591 -0.7318 0.1733
vn 0.6786 -0.7129 0.1766
vn 0.6690 -0.7432 -0.0002
vn 0.1478 -0.9885 -0.0325
vn -0.4796 0.2856 -0.8297
vn -0.4796 0.7188 -0.5033
vn -0.0000 0.8189 -0.5739
vn -0.0000 0.3260 -0.9454
vn -0.4796 0.2857 -0.8297
vn -0.4796 -0.2566 -0.8391
vn -0.0000 0.3252 -0.9457
vn -0.0000 -0.2920 -0.9564
vn -0.4796 -0.7008 -0.5281
vn -0.4796 -0.2565 -0.8392
vn -0.0000 -0.2928 -0.9562
vn -0.0000 -0.7984 -0.6022
vn -0.4796 -0.8774 -0.0153
vn -0.0000 -0.7989 -0.6015
vn -0.0000 -0.9998 -0.0179
vn -0.4796 -0.7188 0.5033
vn -0.4796 -0.8774 -0.0154
vn -0.0000 -0.9999 -0.0170
vn 0.0001 -0.9999 -0.0170
vn -0.0000 -0.8194 0.5732
vn -0.4796 -0.2857 0.8297
vn -0.0000 -0.8189 0.5739
vn 0.0002 -0.8189 0.5739
vn -0.0000 -0.3260 0.9454
vn -0.4796 0.2566 0.8391
vn -0.0000 -0.3252 0.9457
vn 0.0002 -0.3252 0.9457
vn -0.0000 0.2920 0.9564
vn -0.4796 0.7008 0.5281
vn -0.4796 0.2565 0.8392
vn -0.0000 0.2928 0.9562
vn -0.0000 0.7984 0.6022
vn -0.4796 0.8774 0.0153
vn -0.0000 0.7989 0.6015
vn 0.0002 0.7989 0.6015
vn -0.0000 0.9998 0.0179
vn -0.4796 0.7188 -0.5034
vn -0.4796 0.8774 0.0154
vn -0.0000 0.9999 0.0170
vn -0.0000 0.8194 -0.5732
vn -0.9604 0.2283 -0.1598
vn -0.9604 0.0907 -0.2634
vn -0.9604 -0.0815 -0.2665
vn -0.9604 -0.0814 -0.2665
vn -0.9604 -0.2225 -0.1677
vn -0.9604 -0.2786 -0.0049
vn -0.9604 -0.2283 0.1598
vn -0.9604 -0.0908 0.2635
vn -0.9604 -0.0907 0.2635
vn -0.9604 0.0815 0.2665
vn -0.9604 0.2225 0.1677
vn -0.9604 0.2226 0.1677
vn -0.9604 0.2283 -0.1599
vn -0.9604 0.2786 0.0049
vn -0.9602 0.0912 -0.2641
vn -0.9602 0.2287 -0.1605
vn -0.4792 0.7190 -0.5034
vn -0.4792 0.7190 -0.5033
vn -0.4792 0.2856 -0.8299
vn -0.9602 0.0912 -0.2640
vn -0.9602 -0.0814 -0.2672
vn -0.9602 0.0907 -0.2642
vn -0.4792 0.2858 -0.8298
vn -0.4792 -0.2567 -0.8393
vn -0.9602 -0.0814 -0.2673
vn -0.9602 -0.2230 -0.1684
vn -0.9602 -0.0820 -0.2671
vn -0.4792 -0.2566 -0.8394
vn -0.4792 -0.2565 -0.8394
vn -0.4792 -0.7010 -0.5282
vn -0.9602 -0.2229 -0.1683
vn -0.9602 -0.2794 -0.0051
vn -0.9602 -0.2233 -0.1679
vn -0.4792 -0.7009 -0.5283
vn -0.4792 -0.8776 -0.0152
vn -0.9602 -0.2793 -0.0052
vn -0.9602 -0.2290 0.1600
vn -0.9602 -0.2793 -0.0046
vn -0.4792 -0.8776 -0.0154
vn -0.4793 -0.8775 -0.0154
vn -0.4793 -0.7189 0.5035
vn -0.9602 -0.0912 0.2641
vn -0.9602 -0.2287 0.1605
vn -0.4792 -0.7190 0.5034
vn -0.4792 -0.2856 0.8299
vn -0.9602 0.0815 0.2673
vn -0.9602 -0.0907 0.2643
vn -0.4792 -0.2858 0.8299
vn -0.4792 -0.2858 0.8298
vn -0.4792 0.2567 0.8393
vn -0.9602 0.0814 0.2673
vn -0.9602 0.2230 0.1683
vn -0.9602 0.0819 0.2671
vn -0.4792 0.2565 0.8394
vn -0.4792 0.7010 0.5281
vn -0.9602 0.2230 0.1684
vn -0.9602 0.2794 0.0051
vn -0.9602 0.2233 0.1679
vn -0.4792 0.7009 0.5283
vn -0.4792 0.8776 0.0152
vn -0.9602 0.2793 0.0052
vn -0.9602 0.2290 -0.1601
vn -0.9602 0.2794 0.0046
vn -0.4792 0.8776 0.0154
vn -0.4793 0.8775 0.0154
vn -0.4792 0.7189 -0.5035
vn -0.9602 0.2290 -0.1600
vn -0.5000 -0.8660 -0.0000
vn -0.8660 -0.5000 -0.0000
vn -0.8660 0.5000 -0.0000
vn -0.5000 0.8660 -0.0000
vn -0.0000 -0.0000 1.0000
vn -0.0000 -0.0000 -1.0000
vn -0.5000 -0.0000 -0.8660
vn -0.8660 -0.0000 -0.5000
vn -0.8660 -0.0000 0.5000
vn -0.8660 -0.0002 0.5000
vn -0.5000 -0.0000 0.8660
vn -0.0000 -1.0000 -0.0000
vn -0.0000 1.0000 -0.0000
vn -0.5001 -0.0000 0.8660
vn -0.0000 -1.0000 0.0083
vn -0.0000 -0.9537 -0.3007
vn -0.0000 -0.8041 0.5945
vn -0.0000 -1.0000 0.0092
vn -0.0000 -1.0000 0.0091
vn -0.0000 -0.3011 0.9536
vn -0.0000 -0.8036 0.5952
vn -0.0000 -0.8036 0.5951
vn 0.0002 0.3169 0.9485
vn -0.0000 -0.3003 0.9538
vn -0.0001 -0.3003 0.9539
vn -0.0000 0.3169 0.9485
vn 0.0002 0.8139 0.5811
vn -0.0000 0.3177 0.9482
vn -0.0000 0.8139 0.5810
vn -0.0000 0.9537 0.3007
vn -0.0000 0.8144 0.5803
vn -0.0000 0.8143 0.5804
vn -0.0001 0.8144 0.5804
vn -0.9066 0.1270 -0.4024
vn -0.9066 -0.1339 -0.4002
vn -0.9066 -0.3435 -0.2451
vn -0.9066 -0.4219 0.0037
vn -0.9066 -0.3391 0.2510
vn -0.9066 -0.3392 0.2510
vn -0.9066 -0.1269 0.4024
vn -0.9066 0.1339 0.4002
vn -0.9066 0.3435 0.2451
vn -0.9066 0.4220 -0.0037
vn -0.9066 -0.3436 -0.2450
vn -0.9066 0.1269 -0.4024
vn -0.9066 0.3393 -0.2510
vn -0.9066 0.4220 -0.0036
vn -0.9064 -0.1338 -0.4006
vn -0.9064 0.1268 -0.4028
vn -0.7371 0.2028 -0.6446
vn -0.7372 0.2028 -0.6446
vn -0.7371 -0.2140 -0.6409
vn -0.9065 -0.1338 -0.4005
vn -0.9065 -0.3437 -0.2454
vn -0.9064 -0.1343 -0.4004
vn -0.7371 -0.2149 -0.6407
vn -0.7371 -0.2148 -0.6407
vn -0.5051 -0.7687 -0.3924
vn -0.9065 -0.3436 -0.2455
vn -0.9064 -0.4223 0.0034
vn -0.9064 -0.3440 -0.2450
vn -0.5054 -0.7687 -0.3921
vn -0.5054 -0.7686 -0.3922
vn -0.3761 -0.9265 0.0081
vn -0.9065 -0.4222 0.0034
vn -0.9064 -0.3397 0.2510
vn -0.9064 -0.4223 0.0039
vn -0.3760 -0.9266 0.0081
vn -0.3761 -0.7448 0.5511
vn -0.9065 -0.3396 0.2510
vn -0.9065 -0.1272 0.4027
vn -0.9064 -0.3394 0.2514
vn -0.3761 -0.7449 0.5511
vn -0.3761 -0.7448 0.5512
vn -0.3761 -0.2786 0.8837
vn -0.9064 0.1338 0.4006
vn -0.9065 -0.1268 0.4028
vn -0.3760 -0.2786 0.8837
vn -0.3761 0.2940 0.8787
vn -0.9064 0.3437 0.2454
vn -0.9064 0.1343 0.4005
vn -0.3760 0.2940 0.8787
vn -0.3761 0.7543 0.5381
vn -0.9064 0.3437 0.2455
vn -0.9064 0.4223 -0.0034
vn -0.9064 0.3440 0.2450
vn -0.3760 0.7543 0.5381
vn -0.3761 0.7544 0.5380
vn -0.5054 0.8546 0.1196
vn -0.9064 0.3397 -0.2510
vn -0.9064 0.4224 -0.0039
vn -0.5050 0.8548 0.1195
vn -0.5051 0.8548 0.1195
vn -0.7371 0.5434 -0.4016
vn -0.9064 0.3396 -0.2510
vn -0.9064 0.1272 -0.4027
vn -0.9064 0.3394 -0.2514
vn -0.7371 0.5430 -0.4023
vn -0.7371 0.5429 -0.4023
vn -0.7372 0.2036 -0.6443
vn -0.9065 0.1272 -0.4027
vn -0.5051 -0.7687 -0.3923
vn -0.3760 -0.7449 0.5512
vn -0.3761 -0.2787 0.8837
vn -0.3760 -0.2787 0.8837
vn -0.3760 0.7544 0.5381
vn -0.0000 0.8139 0.5811
vn -0.0001 0.8144 0.5803
vn -0.7099 0.4796 0.5158
vn -0.8775 0.4796 -0.0000
vn -1.0000 -0.0000 0.0004
vn -1.0000 -0.0002 0.0004
vn -0.8093 -0.0000 0.5875
vn -0.2711 0.4796 0.8346
vn -0.8088 -0.0000 0.5881
vn -0.3094 -0.0000 0.9509
vn -0.2711 0.4796 0.8345
vn 0.1023 0.6431 0.7589
vn -0.2712 0.4796 0.8345
vn -0.3086 -0.0000 0.9512
vn 0.1024 0.6431 0.7589
vn -0.7099 0.4796 -0.5157
vn -0.3633 0.6431 -0.6741
vn -0.5878 -0.0000 -0.8090
vn -0.8088 -0.0000 -0.5881
vn -0.7099 0.4796 -0.5158
vn -0.8093 -0.0000 -0.5875
vn -0.8093 -0.0003 -0.5875
vn -1.0000 -0.0000 -0.0004
vn -0.3708 0.8890 0.2689
vn -0.4580 0.8890 0.0004
vn -0.8777 0.4792 -0.0001
vn -0.7101 0.4792 0.5159
vn -0.3708 0.8889 0.2689
vn -0.1419 0.8889 0.4355
vn -0.3703 0.8889 0.2695
vn -0.7101 0.4792 0.5158
vn -0.2711 0.4792 0.8348
vn -0.1419 0.8890 0.4355
vn 0.1411 0.8889 0.4357
vn -0.1411 0.8890 0.4357
vn -0.2713 0.4792 0.8347
vn 0.1022 0.6431 0.7589
vn 0.1411 0.8890 0.4357
vn 0.3703 0.8889 0.2695
vn 0.1419 0.8889 0.4355
vn 0.1023 0.6428 0.7592
vn 0.1024 0.6428 0.7592
vn 0.3703 0.8890 0.2695
vn 0.4580 0.8889 0.0004
vn 0.3708 0.8889 0.2689
vn 0.4580 0.8890 0.0004
vn 0.3708 0.8889 -0.2689
vn 0.4580 0.8889 -0.0004
vn 0.3708 0.8890 -0.2689
vn 0.3707 0.8890 -0.2689
vn 0.1419 0.8889 -0.4355
vn 0.3703 0.8890 -0.2695
vn 0.3703 0.8889 -0.2695
vn -0.1411 0.8889 -0.4357
vn 0.1411 0.8890 -0.4357
vn 0.1412 0.8889 -0.4357
vn -0.3635 0.6428 -0.6743
vn -0.1411 0.8890 -0.4357
vn -0.3703 0.8889 -0.2695
vn -0.1419 0.8890 -0.4355
vn -0.3634 0.6431 -0.6741
vn -0.7101 0.4792 -0.5158
vn -0.3703 0.8890 -0.2695
vn -0.4580 0.8890 -0.0004
vn -0.3707 0.8890 -0.2689
vn -0.7100 0.4793 -0.5159
vn -0.7100 0.4792 -0.5160
vn -0.8777 0.4792 0.0001
vn -0.4580 0.8889 -0.0004
vn -0.8093 -0.0000 0.5874
vn -0.7099 0.4796 0.5157
vn -0.8087 -0.0000 0.5882
vn -0.5877 -0.0000 -0.8090
vn -0.8775 0.4796 0.0001
vn -0.2786 0.9604 -0.0000
vn -0.2255 0.9604 0.1638
vn -0.0861 0.9604 0.2650
vn 0.0861 0.9604 0.2650
vn 0.2254 0.9604 0.1638
vn 0.2786 0.9604 -0.0000
vn 0.2254 0.9604 -0.1637
vn 0.0861 0.9604 -0.2650
vn -0.0861 0.9604 -0.2650
vn 0.2254 0.9604 -0.1638
vn -0.2254 0.9604 -0.1638
vn -0.2262 0.9602 0.1640
vn -0.2794 0.9602 0.0002
vn -0.0866 0.9602 0.2656
vn -0.2259 0.9602 0.1644
vn 0.0861 0.9602 0.2658
vn -0.0861 0.9602 0.2658
vn 0.0860 0.9602 0.2658
vn 0.2259 0.9602 0.1644
vn 0.0866 0.9602 0.2656
vn 0.2794 0.9602 0.0002
vn 0.2262 0.9602 0.1640
vn 0.3708 0.8890 0.2689
vn 0.2793 0.9602 0.0003
vn 0.2262 0.9602 -0.1640
vn 0.2794 0.9602 -0.0003
vn 0.4580 0.8890 -0.0004
vn 0.0866 0.9602 -0.2656
vn 0.2259 0.9602 -0.1644
vn 0.3703 0.8890 -0.2696
vn 0.1419 0.8890 -0.4355
vn -0.0861 0.9602 -0.2658
vn 0.0861 0.9602 -0.2658
vn -0.2259 0.9602 -0.1644
vn -0.0866 0.9602 -0.2657
vn -0.2258 0.9602 -0.1645
vn -0.2794 0.9602 -0.0002
vn -0.2262 0.9602 -0.1640
vn -0.2794 0.9602 -0.0003
vn 0.0001 0.8042 -0.5944
vn -0.0000 1.0000 -0.0091
vn -0.0000 0.8041 -0.5944
vn -0.0000 0.3012 -0.9536
vn -0.0000 0.8036 -0.5951
vn -0.0000 0.8037 -0.5951
vn -0.0000 -0.3169 -0.9485
vn -0.0000 0.3004 -0.9538
vn -0.0000 0.3003 -0.9538
vn -0.0000 -0.3168 -0.9485
vn 0.0002 -0.8138 -0.5811
vn -0.0000 -0.3176 -0.9482
vn 0.0002 -0.3176 -0.9482
vn -0.0000 -0.8138 -0.5811
vn -0.3761 0.7449 -0.5511
vn -0.3760 0.9266 -0.0080
vn -0.0000 0.8042 -0.5944
vn -0.3760 0.7449 -0.5511
vn -0.3761 0.2787 -0.8837
vn -0.3760 0.2787 -0.8837
vn -0.3760 -0.2940 -0.8787
vn -0.0001 0.3003 -0.9538
vn -0.3760 -0.2939 -0.8787
vn -0.3760 -0.7543 -0.5382
vn -0.3760 -0.2939 -0.8788
vn -0.0002 -0.3176 -0.9482
vn -0.3760 -0.7544 -0.5381
vn 0.7687 0.2928 -0.5686
vn 0.4580 0.8219 -0.3387
vn 0.5585 0.8081 -0.1870
vn 0.9105 0.2797 -0.3047
vn 0.7688 0.2927 -0.5686
vn 0.2877 0.2927 -0.9119
vn 0.1715 0.8219 -0.5432
vn 0.4577 0.8219 -0.3391
vn 0.4577 0.8219 -0.3390
vn 0.7685 0.2928 -0.5690
vn 0.7687 -0.2924 -0.5688
vn 0.7687 0.2924 -0.5688
vn 0.9107 0.2789 -0.3048
vn 0.9107 -0.2789 -0.3048
vn 0.2878 -0.2923 -0.9120
vn 0.2875 0.2925 -0.9120
vn 0.7686 0.2922 -0.5691
vn 0.7686 0.2923 -0.5691
vn 0.7686 -0.2923 -0.5691
vn 0.2876 -0.2924 -0.9120
vn 0.6506 -0.5878 -0.4809
vn 0.7687 -0.2928 -0.5686
vn 0.9104 -0.2797 -0.3047
vn 0.9105 -0.2797 -0.3047
vn 0.7802 -0.5685 -0.2611
vn 0.2437 -0.5878 -0.7715
vn 0.2877 -0.2927 -0.9119
vn 0.7685 -0.2928 -0.5690
vn 0.7684 -0.2928 -0.5690
vn 0.6500 -0.5878 -0.4816
vn 0.2436 -0.5878 -0.7714
vn 0.9157 0.2797 0.2886
vn 0.5618 0.8081 0.1771
vn 0.4639 0.8219 0.3305
vn 0.4639 0.8219 0.3306
vn 0.7787 0.2927 0.5550
vn 0.9157 0.2797 0.2887
vn 0.9159 -0.2789 0.2888
vn 0.9159 0.2789 0.2887
vn 0.7786 0.2924 0.5553
vn 0.7787 0.2923 0.5551
vn 0.7786 -0.2925 0.5552
vn 0.9159 -0.2789 0.2887
vn 0.7846 -0.5685 0.2474
vn 0.9157 -0.2797 0.2886
vn 0.7787 -0.2927 0.5550
vn 0.7786 -0.2927 0.5550
vn 0.6589 -0.5878 0.4694
vn 0.9118 0.2928 0.2878
vn 0.5431 0.8219 0.1715
vn 0.3389 0.8219 0.4577
vn 0.3390 0.8219 0.4577
vn 0.5690 0.2928 0.7684
vn 0.9119 0.2927 0.2878
vn 0.9068 0.2928 -0.3032
vn 0.5403 0.8219 -0.1805
vn 0.5434 0.8219 0.1711
vn 0.5433 0.8219 0.1711
vn 0.9120 0.2928 0.2873
vn 0.5555 0.2928 -0.7783
vn 0.3310 0.8219 -0.4636
vn 0.5402 0.8219 -0.1810
vn 0.5401 0.8219 -0.1810
vn 0.9067 0.2928 -0.3037
vn 0.5554 0.2927 -0.7783
vn 0.9120 -0.2923 0.2878
vn 0.9120 0.2923 0.2878
vn 0.5691 0.2923 0.7686
vn 0.5691 0.2922 0.7686
vn 0.5689 -0.2924 0.7687
vn 0.9070 -0.2922 -0.3033
vn 0.9070 0.2923 -0.3032
vn 0.9120 0.2924 0.2875
vn 0.9121 0.2924 0.2874
vn 0.9120 -0.2925 0.2875
vn 0.9069 -0.2924 -0.3034
vn 0.5554 -0.2924 -0.7785
vn 0.5554 0.2924 -0.7785
vn 0.9069 0.2923 -0.3036
vn 0.9069 0.2922 -0.3037
vn 0.9068 -0.2923 -0.3037
vn 0.5556 -0.2922 -0.7784
vn 0.7714 -0.5878 0.2437
vn 0.9119 -0.2928 0.2877
vn 0.5690 -0.2928 0.7685
vn 0.5690 -0.2928 0.7684
vn 0.4816 -0.5878 0.6501
vn 0.7715 -0.5878 0.2436
vn 0.7673 -0.5878 -0.2564
vn 0.9068 -0.2928 -0.3032
vn 0.9120 -0.2928 0.2873
vn 0.9120 -0.2928 0.2872
vn 0.7717 -0.5878 0.2428
vn 0.7673 -0.5878 -0.2563
vn 0.4701 -0.5878 -0.6584
vn 0.5554 -0.2927 -0.7783
vn 0.9067 -0.2928 -0.3036
vn 0.7671 -0.5878 -0.2572
vn 0.7099 0.4796 -0.5158
vn 0.8775 0.4796 0.0001
vn 1.0000 -0.0000 -0.0004
vn 0.8093 -0.0000 -0.5874
vn 0.7099 0.4796 -0.5157
vn 0.2711 0.4796 -0.8346
vn 0.7100 0.4796 -0.5157
vn 0.8088 -0.0000 -0.5881
vn 0.8088 -0.0002 -0.5880
vn 0.3095 -0.0000 -0.9509
vn 0.2712 0.4796 -0.8345
vn -0.1022 0.6431 -0.7589
vn 0.2713 0.4796 -0.8345
vn 0.3087 -0.0000 -0.9512
vn 0.0001 -0.0000 -1.0000
vn -0.1024 0.6431 -0.7589
vn 0.7099 0.4796 0.5157
vn 0.3632 0.6431 0.6742
vn 0.5878 -0.0000 0.8090
vn 0.5877 -0.0000 0.8091
vn 0.8087 -0.0000 0.5882
vn 0.7099 0.4796 0.5158
vn 0.8775 0.4796 -0.0000
vn 0.7098 0.4796 0.5159
vn 0.8092 -0.0000 0.5875
vn 0.8092 -0.0001 0.5875
vn 1.0000 -0.0000 0.0005
vn 1.0000 -0.0000 -0.0003
vn 0.7100 0.4796 -0.5156
vn 0.5000 0.8660 -0.0000
vn 0.8660 0.5001 -0.0000
vn 0.8661 -0.4999 -0.0000
vn 0.5000 -0.8660 -0.0000
vn 0.9301 0.3130 -0.1924
vn 0.9282 0.3665 -0.0644
vn 0.9271 0.3744 -0.0193
vn 0.9306 0.2688 -0.2486
vn 0.9303 0.0396 -0.3648
vn 0.9306 0.2687 -0.2487
vn 0.9301 0.3128 -0.1926
vn 0.9305 0.2687 -0.2487
vn 0.9302 0.0396 -0.3648
vn 0.9307 0.0463 -0.3627
vn 0.9265 0.0003 -0.3763
vn 0.9302 0.0394 -0.3649
vn 0.9266 0.0002 -0.3761
vn 0.9307 0.0461 -0.3628
vn 0.9259 0.3777 0.0015
vn 0.9271 0.3744 -0.0192
vn 0.9282 0.3665 -0.0643
vn 0.9261 0.3772 0.0017
vn 0.9788 -0.2049 -0.0023
vn 0.6389 0.7686 0.0320
vn 0.5439 0.8392 0.0008
vn 0.6327 0.7727 0.0516
vn 0.9806 -0.1962 -0.0015
vn 0.9363 -0.1991 -0.2892
vn 0.5000 -0.0000 0.8660
vn 0.8660 -0.0000 0.5000
vn 0.8660 -0.0000 -0.5000
vn 0.5000 -0.0000 -0.8660
vn 0.9301 0.1924 0.3129
vn 0.9282 0.0652 0.3663
vn 0.9269 0.0206 0.3747
vn 0.9301 0.1924 0.3130
vn 0.9306 0.2486 0.2688
vn 0.9245 0.3166 0.2121
vn 0.9301 0.2626 0.2570
vn 0.9296 0.2086 0.3039
vn 0.9364 0.2364 0.2595
vn 0.9321 0.2912 0.2152
vn 0.9257 -0.0000 0.3783
vn 0.9269 0.0204 0.3747
vn 0.9282 0.0651 0.3664
vn 0.9269 0.0205 0.3747
vn -0.1320 -0.0001 0.9912
vn -0.0575 -0.0296 0.9979
vn -0.8573 -0.2473 0.4515
vn -0.8573 -0.2475 0.4515
vn -0.6746 -0.0000 0.7381
vn -0.1321 -0.0003 0.9912
vn -0.1321 0.0003 0.9912
vn -0.6746 -0.0000 0.7382
vn -0.1321 -0.0000 0.9912
vn -0.1321 0.0001 0.9912
vn 0.8661 -0.0000 0.4999
vn 0.8660 -0.0000 -0.5001
vn 0.5000 -0.0000 -0.8661
vn 0.5494 -0.0000 -0.8355
vn 0.8672 -0.0012 -0.4980
vn 0.9958 -0.0000 -0.0912
vn 0.8672 -0.0031 -0.4980
vn 0.5495 -0.0000 -0.8355
vn 0.9978 -0.0000 -0.0664
vn 0.9752 -0.0000 0.2211
vn 0.9753 -0.0000 0.2211
vn 0.9978 -0.0000 -0.0665
vn 0.8792 -0.0002 -0.4765
vn 0.2259 -0.0047 -0.9741
vn 0.2267 -0.0000 -0.9740
vn 0.2258 -0.0047 -0.9742
vn 0.2241 -0.0136 -0.9745
vn 0.1790 -0.1247 -0.9759
vn 0.2242 -0.0136 -0.9745
vn 0.1791 -0.1247 -0.9759
vn 0.1542 -0.1561 -0.9756
vn 0.0889 -0.1957 -0.9766
vn 0.1541 -0.1562 -0.9756
vn 0.1790 -0.1248 -0.9759
vn 0.0888 -0.1957 -0.9766
vn 0.0417 -0.2112 -0.9766
vn 0.0061 -0.2225 -0.9749
vn 0.0415 -0.2112 -0.9766
vn 0.0414 -0.2112 -0.9766
vn 0.0060 -0.2226 -0.9749
vn 0.2258 -0.0046 -0.9742
vn 0.2242 -0.0137 -0.9745
vn 0.1542 -0.1562 -0.9756
vn 0.1791 -0.1248 -0.9759
vn 0.0059 -0.2224 -0.9749
vn 0.0887 -0.1957 -0.9766
vn 0.5001 -0.0000 0.8660
vn 0.9301 0.3129 -0.1925
vn 0.9282 0.3663 -0.0652
vn 0.9981 0.0593 -0.0170
vn 0.9305 0.2688 -0.2487
vn 0.9302 0.0395 -0.3648
vn 0.9301 0.3129 -0.1926
vn 0.9305 0.2687 -0.2488
vn 0.9307 0.0463 -0.3628
vn 0.9265 0.0003 -0.3762
vn 0.9257 0.3782 -0.0000
vn 0.9981 0.0593 -0.0169
vn 0.9282 0.3663 -0.0651
vn 0.9257 0.3783 -0.0000
vn 0.9053 -0.4248 -0.0000
vn 0.6763 -0.7366 -0.0000
vn 0.9981 0.0593 -0.0168
vn 0.5000 -0.0000 0.8661
vn 0.8660 -0.0000 0.5001
vn 0.8661 -0.0000 -0.4999
vn 1.0000 0.0080 -0.0000
vn 0.9013 -0.4332 -0.0000
vn 0.5582 0.8084 -0.1868
vn 0.4577 0.8221 -0.3386
vn -0.0006 0.9951 -0.0985
vn 0.4577 0.8221 -0.3387
vn 0.1712 0.8221 -0.5430
vn 0.1713 0.8221 -0.5430
vn -0.4635 0.8221 -0.3306
vn -0.0012 0.9952 -0.0983
vn 0.7688 0.2928 -0.5685
vn 0.4580 0.8219 -0.3386
vn 0.5586 0.8081 -0.1869
vn 0.9105 0.2797 -0.3046
vn 0.2878 0.2928 -0.9118
vn 0.1716 0.8219 -0.5432
vn 0.4578 0.8219 -0.3390
vn 0.2879 0.2928 -0.9118
vn -0.3031 0.2928 -0.9068
vn 0.1711 0.8219 -0.5433
vn 0.2874 0.2928 -0.9120
vn -0.7782 0.2928 -0.5555
vn -0.1809 0.8219 -0.5402
vn -0.3036 0.2928 -0.9067
vn -0.9156 0.2797 -0.2888
vn -0.7786 0.2927 -0.5551
vn 0.7687 -0.2925 -0.5688
vn 0.7688 0.2924 -0.5687
vn 0.9107 0.2789 -0.3047
vn 0.9107 -0.2789 -0.3047
vn 0.7688 -0.2925 -0.5687
vn 0.2879 -0.2922 -0.9120
vn 0.2879 0.2922 -0.9120
vn 0.7686 0.2923 -0.5690
vn 0.2877 -0.2924 -0.9120
vn -0.3033 0.2925 -0.9069
vn 0.2876 0.2924 -0.9120
vn 0.2876 -0.2925 -0.9120
vn -0.3033 -0.2924 -0.9069
vn -0.7784 -0.2923 -0.5556
vn -0.7784 0.2923 -0.5556
vn -0.3036 0.2923 -0.9069
vn -0.3037 0.2922 -0.9069
vn -0.3037 -0.2922 -0.9068
vn -0.7784 -0.2922 -0.5556
vn -0.9158 -0.2789 -0.2889
vn -0.9158 0.2789 -0.2889
vn -0.7787 0.2922 -0.5552
vn -0.7787 0.2923 -0.5552
vn -0.7787 -0.2922 -0.5552
vn 0.7688 -0.2928 -0.5685
vn 0.9105 -0.2797 -0.3046
vn 0.6506 -0.5878 -0.4808
vn 0.2437 -0.5878 -0.7714
vn 0.2878 -0.2928 -0.9118
vn 0.7685 -0.2928 -0.5689
vn 0.6501 -0.5878 -0.4815
vn -0.2563 -0.5878 -0.7674
vn 0.2874 -0.2928 -0.9120
vn 0.2873 -0.2928 -0.9120
vn 0.2429 -0.5878 -0.7717
vn -0.2562 -0.5878 -0.7674
vn -0.6583 -0.5878 -0.4702
vn -0.7783 -0.2928 -0.5555
vn -0.3035 -0.2928 -0.9067
vn -0.2571 -0.5878 -0.7671
vn -0.6584 -0.5878 -0.4702
vn -0.7846 -0.5685 -0.2475
vn -0.9156 -0.2797 -0.2888
vn -0.7786 -0.2928 -0.5551
vn -0.7785 -0.2928 -0.5551
vn -0.5583 0.8084 0.1867
vn -0.4228 0.8898 0.1715
vn -0.4228 0.8898 0.1717
vn -0.0433 0.9896 0.1372
vn 0.0456 0.9896 0.1364
vn 0.0011 0.9951 0.0985
vn 0.4257 0.8898 0.1643
vn 0.0012 0.9952 0.0983
vn 0.4257 0.8898 0.1642
vn 0.5614 0.8084 0.1770
vn -0.4232 0.8896 0.1717
vn 0.9156 0.2797 0.2888
vn 0.5618 0.8081 0.1772
vn 0.4261 0.8896 0.1643
vn 0.9158 -0.2789 0.2889
vn 0.9158 0.2789 0.2889
vn -0.7802 -0.5685 0.2610
vn 0.7846 -0.5685 0.2475
vn 0.9156 -0.2797 0.2888
vn -0.0000 1.0000 0.0044
vn -0.0000 0.8313 -0.5558
vn 0.0001 0.8314 -0.5557
vn -0.0001 0.8314 -0.5557
vn 0.0001 0.8313 -0.5558
vn -0.0000 -0.2183 -0.9759
vn 0.0001 -0.2183 -0.9759
vn -0.0000 0.8314 -0.5557
vn -0.0000 -0.7366 -0.6764
vn -0.0000 -0.7366 -0.6763
vn 0.0001 -0.2182 -0.9759
vn -0.0000 -0.2182 -0.9759
vn -0.4940 -0.5557 0.6687
vn -0.2858 -0.6875 0.6676
vn -0.2331 -0.9679 -0.0939
vn -0.2607 -0.9603 -0.0997
vn -0.6208 -0.7762 0.1096
vn -0.4958 -0.5632 0.6610
vn 0.5278 0.6713 -0.5204
vn 0.1652 0.8329 -0.5282
vn 0.1954 0.9807 0.0043
vn 0.6189 0.7854 0.0035
vn 0.5278 0.6712 -0.5205
vn -0.0763 -0.0925 -0.9928
vn -0.0296 -0.1450 -0.9890
vn 0.1652 0.8331 -0.5279
vn 0.1651 0.8332 -0.5278
vn 0.5280 0.6715 -0.5200
vn -0.0763 -0.0924 -0.9928
vn -0.6112 -0.7739 -0.1661
vn -0.2478 -0.8933 -0.3749
vn -0.0295 -0.1446 -0.9890
vn -0.0294 -0.1446 -0.9891
vn -0.0761 -0.0921 -0.9928
vn -0.6112 -0.7738 -0.1661
vn -0.7227 -0.1802 0.6672
vn -0.4279 -0.6072 0.6695
vn -0.5886 -0.7995 0.1199
vn -0.6110 -0.7847 0.1047
vn -0.9482 -0.3013 0.1002
vn -0.7283 -0.1885 0.6589
vn 0.8125 0.2651 -0.5192
vn 0.5277 0.6714 -0.5204
vn 0.6196 0.7849 0.0035
vn 0.6196 0.7849 0.0034
vn 0.9511 0.3090 0.0014
vn 0.8124 0.2652 -0.5192
vn -0.1032 -0.0321 -0.9941
vn 0.5279 0.6715 -0.5200
vn 0.5278 0.6716 -0.5200
vn 0.8128 0.2655 -0.5185
vn -0.1032 -0.0320 -0.9941
vn -0.9378 -0.3036 -0.1684
vn -0.6110 -0.7740 -0.1660
vn -0.0760 -0.0922 -0.9928
vn -0.1029 -0.0318 -0.9942
vn -0.9378 -0.3037 -0.1685
vn -0.9907 0.0172 0.1351
vn -0.7466 -0.0007 0.6653
vn -0.6909 -0.2767 0.6679
vn -0.7010 -0.2774 0.6570
vn -0.9443 -0.3140 0.0987
vn -0.9913 0.0070 0.1314
vn 1.0000 0.0011 0.0023
vn 0.8302 0.0008 -0.5574
vn 0.8124 0.2656 -0.5192
vn 0.8123 0.2656 -0.5192
vn 0.9513 0.3082 0.0014
vn 1.0000 0.0011 0.0021
vn 0.8303 0.0009 -0.5573
vn -0.2218 0.0001 -0.9751
vn 0.8127 0.2656 -0.5185
vn 0.8303 0.0008 -0.5573
vn -0.2217 -0.0000 -0.9751
vn -0.9894 -0.0002 -0.1455
vn -0.9377 -0.3040 -0.1685
vn -0.9377 -0.3039 -0.1685
vn -0.1028 -0.0320 -0.9942
vn 0.1945 0.9809 0.0043
vn 0.1946 0.9809 0.0043
vn 0.1652 0.8331 -0.5278
vn -0.0296 -0.1446 -0.9891
vn -0.2475 -0.8934 -0.3749
vn 0.8217 -0.0000 -0.5699
vn 0.3623 -0.0000 -0.9321
vn 0.3623 0.0003 -0.9321
vn 0.3623 -0.0000 -0.9320
vn -0.7385 -0.0000 -0.6742
vn -0.9913 -0.0000 -0.1316
vn -0.4928 -0.5527 0.6721
vn -0.1121 -0.7330 0.6709
vn -0.1591 -0.9784 0.1324
vn -0.1819 -0.9755 0.1239
vn -0.6208 -0.7756 0.1142
vn -0.4945 -0.5600 0.6647
vn 0.5278 0.6712 -0.5206
vn 0.1631 0.8337 -0.5277
vn 0.1925 0.9813 0.0042
vn 0.6189 0.7854 0.0034
vn -0.0285 -0.1441 -0.9892
vn 0.1630 0.8339 -0.5273
vn -0.1889 -0.9687 -0.1608
vn -0.0283 -0.1437 -0.9892
vn -0.0284 -0.1437 -0.9892
vn -0.0762 -0.0921 -0.9928
vn -0.7201 -0.1784 0.6705
vn -0.4253 -0.6053 0.6728
vn -0.5885 -0.7989 0.1242
vn -0.6106 -0.7843 0.1092
vn -0.9479 -0.3010 0.1047
vn -0.7255 -0.1865 0.6625
vn 0.8125 0.2651 -0.5191
vn 0.5277 0.6713 -0.5204
vn 0.6197 0.7849 0.0035
vn 0.8125 0.2652 -0.5192
vn -0.6110 -0.7740 -0.1661
vn -0.0759 -0.0922 -0.9928
vn -0.1029 -0.0319 -0.9942
vn -0.9377 -0.3037 -0.1685
vn -0.9901 0.0165 0.1396
vn -0.7435 -0.0007 0.6687
vn -0.6879 -0.2766 0.6710
vn -0.6979 -0.2774 0.6603
vn -0.9437 -0.3142 0.1031
vn -0.9907 0.0069 0.1360
vn 1.0000 0.0011 0.0020
vn 0.8303 0.0009 -0.5574
vn -0.2221 0.0001 -0.9750
vn 0.8128 0.2656 -0.5185
vn 0.8303 0.0008 -0.5574
vn -0.9893 -0.0002 -0.1456
vn 0.1917 0.9814 0.0042
vn 0.1631 0.8337 -0.5276
vn -0.0028 0.8305 -0.5570
vn -0.0040 1.0000 0.0032
vn -0.0029 0.8305 -0.5570
vn 0.1631 0.8339 -0.5273
vn -0.0284 -0.1440 -0.9892
vn 0.0014 -0.2202 -0.9755
vn 0.0014 -0.2201 -0.9755
vn -0.0285 -0.1436 -0.9892
vn -0.1890 -0.9687 -0.1609
vn -0.1889 -0.9687 -0.1609
vn 0.0050 -0.9880 -0.1542
vn 0.5497 -0.4916 0.6754
vn 0.6817 -0.2834 0.6745
vn 0.9683 -0.2349 -0.0849
vn 0.9608 -0.2619 -0.0906
vn 0.7750 -0.6207 0.1187
vn 0.5568 -0.4931 0.6684
vn -0.6712 0.5278 -0.5205
vn -0.8328 0.1651 -0.5283
vn -0.9807 0.1954 0.0042
vn -0.7854 0.6190 0.0033
vn -0.6712 0.5277 -0.5205
vn 0.0925 -0.0764 -0.9928
vn 0.1450 -0.0297 -0.9890
vn -0.8331 0.1651 -0.5279
vn -0.8331 0.1652 -0.5279
vn -0.6714 0.5279 -0.5201
vn 0.7739 -0.6112 -0.1660
vn 0.8933 -0.2479 -0.3749
vn 0.1446 -0.0295 -0.9890
vn 0.0921 -0.0762 -0.9928
vn 0.1347 -0.7345 0.6651
vn 0.5779 -0.4655 0.6703
vn 0.7550 -0.6454 0.1158
vn 0.7798 -0.6227 0.0641
vn 0.2891 -0.9547 0.0705
vn 0.1968 -0.7326 0.6516
vn -0.2653 0.8124 -0.5193
vn -0.6713 0.5276 -0.5205
vn -0.7849 0.6196 0.0034
vn -0.3094 0.9509 0.0013
vn -0.2654 0.8123 -0.5194
vn 0.0323 -0.1034 -0.9941
vn -0.6715 0.5277 -0.5201
vn -0.6715 0.5278 -0.5201
vn -0.2656 0.8127 -0.5187
vn 0.0322 -0.1034 -0.9941
vn 0.3043 -0.9376 -0.1684
vn 0.7741 -0.6109 -0.1660
vn 0.0923 -0.0760 -0.9928
vn 0.0922 -0.0760 -0.9928
vn 0.0321 -0.1030 -0.9942
vn -0.0066 -0.9890 0.1476
vn 0.0052 -0.7432 0.6691
vn 0.2765 -0.6767 0.6824
vn 0.2772 -0.6865 0.6722
vn 0.2994 -0.9478 0.1094
vn 0.0011 -0.9901 0.1403
vn -0.0036 1.0000 0.0032
vn -0.2658 0.8122 -0.5193
vn -0.3086 0.9512 0.0013
vn -0.0038 1.0000 0.0032
vn 0.0324 -0.1034 -0.9941
vn 0.0323 -0.1033 -0.9941
vn -0.2658 0.8126 -0.5187
vn 0.3046 -0.9375 -0.1684
vn 0.3045 -0.9375 -0.1684
vn 0.0323 -0.1029 -0.9942
vn 0.0014 -0.2198 -0.9756
vn -0.9809 0.1946 0.0042
vn -0.8328 0.1652 -0.5283
vn -0.8313 -0.0000 -0.5558
vn -0.8313 -0.0000 -0.5559
vn -1.0000 -0.0000 0.0043
vn 0.1450 -0.0296 -0.9890
vn 0.2183 -0.0000 -0.9759
vn 0.1446 -0.0296 -0.9890
vn 0.8934 -0.2475 -0.3748
vn 0.7366 -0.0000 -0.6763
vn -0.8313 -0.0001 -0.5558
vn 0.2184 -0.0000 -0.9759
vn 0.0194 -0.9905 0.1359
vn -0.1964 -0.9725 0.1251
vn -0.1733 -0.7318 0.6591
vn -0.1767 -0.7129 0.6786
vn 0.0002 -0.7432 0.6690
vn 0.0325 -0.9885 0.1478
vn 0.8297 0.2856 -0.4795
vn 0.5033 0.7188 -0.4796
vn 0.5739 0.8189 -0.0000
vn 0.5739 0.8189 0.0001
vn 0.9454 0.3260 0.0001
vn 0.8297 0.2857 -0.4795
vn 0.8392 -0.2566 -0.4795
vn 0.9457 0.3252 0.0001
vn 0.9564 -0.2920 -0.0000
vn 0.5281 -0.7008 -0.4796
vn 0.8392 -0.2565 -0.4795
vn 0.9562 -0.2928 0.0001
vn 0.6022 -0.7984 -0.0000
vn 0.0153 -0.8774 -0.4796
vn 0.5282 -0.7008 -0.4795
vn 0.6015 -0.7989 -0.0000
vn 0.0179 -0.9998 -0.0000
vn -0.5033 -0.7188 -0.4796
vn 0.0154 -0.8774 -0.4796
vn 0.0170 -0.9999 -0.0000
vn 0.0170 -0.9999 0.0001
vn -0.5732 -0.8194 -0.0001
vn -0.8296 -0.2857 -0.4797
vn -0.5739 -0.8189 -0.0000
vn -0.5739 -0.8189 0.0002
vn -0.9454 -0.3260 -0.0001
vn -0.8297 -0.2857 -0.4797
vn -0.8391 0.2566 -0.4796
vn -0.8297 -0.2857 -0.4796
vn -0.9457 -0.3252 -0.0001
vn -0.9457 -0.3252 0.0001
vn -0.9564 0.2920 -0.0001
vn -0.8391 0.2566 -0.4797
vn -0.5281 0.7008 -0.4796
vn -0.8391 0.2565 -0.4796
vn -0.9562 0.2928 -0.0001
vn -0.9562 0.2928 -0.0000
vn -0.6022 0.7984 -0.0000
vn -0.5280 0.7008 -0.4796
vn -0.0152 0.8774 -0.4796
vn -0.6015 0.7989 -0.0000
vn -0.6015 0.7989 0.0002
vn -0.0179 0.9998 -0.0000
vn -0.0153 0.8774 -0.4796
vn 0.5034 0.7188 -0.4795
vn -0.0170 0.9999 -0.0000
vn 0.5732 0.8194 -0.0000
vn 0.5034 0.7188 -0.4796
vn 0.1599 0.2283 -0.9604
vn 0.2635 0.0907 -0.9604
vn 0.2666 -0.0815 -0.9604
vn 0.1678 -0.2225 -0.9604
vn 0.0050 -0.2786 -0.9604
vn -0.1598 -0.2283 -0.9604
vn -0.2634 -0.0908 -0.9604
vn -0.2634 -0.0907 -0.9604
vn -0.2664 0.0815 -0.9604
vn -0.1676 0.2225 -0.9604
vn 0.0049 -0.2786 -0.9604
vn -0.1676 0.2226 -0.9604
vn 0.2665 -0.0815 -0.9604
vn -0.1677 0.2225 -0.9604
vn -0.0048 0.2786 -0.9604
vn 0.2641 0.0912 -0.9602
vn 0.1605 0.2287 -0.9602
vn 0.5034 0.7190 -0.4792
vn 0.8299 0.2856 -0.4792
vn 0.2673 -0.0814 -0.9602
vn 0.2643 0.0907 -0.9602
vn 0.8299 0.2858 -0.4792
vn 0.8393 -0.2567 -0.4792
vn 0.1684 -0.2230 -0.9602
vn 0.2672 -0.0820 -0.9602
vn 0.8394 -0.2566 -0.4791
vn 0.8394 -0.2565 -0.4792
vn 0.5282 -0.7010 -0.4792
vn 0.1684 -0.2229 -0.9602
vn 0.0052 -0.2794 -0.9602
vn 0.1680 -0.2233 -0.9602
vn 0.5283 -0.7009 -0.4792
vn 0.0152 -0.8776 -0.4792
vn 0.0052 -0.2793 -0.9602
vn -0.1600 -0.2290 -0.9602
vn 0.0047 -0.2793 -0.9602
vn 0.0154 -0.8776 -0.4792
vn 0.0154 -0.8775 -0.4793
vn -0.5035 -0.7189 -0.4793
vn -0.1599 -0.2290 -0.9602
vn -0.2640 -0.0912 -0.9602
vn -0.1604 -0.2287 -0.9602
vn -0.5033 -0.7190 -0.4792
vn -0.8299 -0.2856 -0.4793
vn -0.2672 0.0815 -0.9602
vn -0.2642 -0.0907 -0.9602
vn -0.8298 -0.2858 -0.4793
vn -0.8393 0.2567 -0.4793
vn -0.2672 0.0814 -0.9602
vn -0.1683 0.2230 -0.9602
vn -0.2670 0.0819 -0.9602
vn -0.8393 0.2565 -0.4793
vn -0.5281 0.7010 -0.4793
vn -0.0051 0.2794 -0.9602
vn -0.1679 0.2233 -0.9602
vn -0.5282 0.7009 -0.4792
vn -0.5283 0.7009 -0.4793
vn -0.0152 0.8776 -0.4792
vn -0.0051 0.2793 -0.9602
vn 0.1601 0.2290 -0.9602
vn -0.0046 0.2793 -0.9602
vn -0.0154 0.8776 -0.4792
vn -0.0154 0.8775 -0.4793
vn 0.5036 0.7189 -0.4792
vn -0.0000 -0.8660 -0.5000
vn 0.0001 -0.5000 -0.8660
vn -0.0000 -0.5000 -0.8660
vn 0.0001 0.5000 -0.8660
vn -0.0000 0.5000 -0.8660
vn -0.0000 0.8660 -0.5000
vn -1.0000 -0.0000 -0.0001
vn 1.0000 -0.0000 0.0001
vn 0.5001 -0.0000 -0.8660
vn -0.4999 -0.0000 -0.8661
vn -0.4999 -0.0002 -0.8661
vn -0.8660 -0.0000 -0.5001
vn -0.1715 0.8219 0.5431
vn -0.4578 0.8219 0.3389
vn -0.4578 0.8219 0.3390
vn 0.3031 0.2928 0.9069
vn 0.7783 0.2928 0.5555
vn 0.4636 0.8219 0.3310
vn 0.1809 0.8219 0.5402
vn 0.7783 0.2927 0.5555
vn -0.2878 -0.2923 0.9120
vn -0.2879 0.2923 0.9120
vn -0.7687 0.2923 0.5690
vn -0.7686 0.2922 0.5691
vn -0.7687 -0.2924 0.5688
vn 0.3032 0.2923 0.9070
vn -0.2876 0.2924 0.9120
vn -0.2875 0.2924 0.9121
vn 0.7784 -0.2924 0.5555
vn 0.7784 0.2924 0.5555
vn 0.3035 0.2923 0.9069
vn 0.3037 0.2922 0.9069
vn 0.7784 -0.2922 0.5556
vn -0.2878 -0.2928 0.9118
vn -0.7685 -0.2928 0.5689
vn 0.3031 -0.2928 0.9069
vn 0.6583 -0.5878 0.4702
vn 0.7783 -0.2927 0.5555
vn 0.6584 -0.5878 0.4702
vn -0.0000 0.8660 0.5000
vn -0.0000 0.5001 0.8660
vn -0.0001 0.5001 0.8660
vn -0.0000 -0.4999 0.8661
vn -0.0001 -0.4999 0.8661
vn -0.0000 -0.8660 0.5000
vn 0.1924 0.3130 0.9301
vn 0.0643 0.3665 0.9282
vn 0.0193 0.3744 0.9271
vn 0.0644 0.3665 0.9282
vn 0.2485 0.2688 0.9306
vn 0.3647 0.0396 0.9303
vn 0.2487 0.2687 0.9306
vn 0.1925 0.3129 0.9301
vn 0.3627 0.0463 0.9308
vn 0.3762 0.0003 0.9265
vn 0.3648 0.0394 0.9303
vn 0.3760 0.0002 0.9266
vn 0.3627 0.0461 0.9308
vn -0.0016 0.3777 0.9259
vn 0.0191 0.3744 0.9271
vn -0.0018 0.3772 0.9261
vn 0.0022 -0.2049 0.9788
vn -0.0320 0.7686 0.6389
vn -0.0009 0.8391 0.5439
vn -0.0516 0.7727 0.6327
vn 0.0014 -0.1962 0.9806
vn 0.2892 -0.1991 0.9363
vn -0.8661 -0.0000 0.4999
vn 0.4999 -0.0000 0.8661
vn -0.3130 0.1924 0.9300
vn -0.3664 0.0652 0.9282
vn -0.3748 0.0206 0.9269
vn -0.2689 0.2486 0.9305
vn -0.2121 0.3166 0.9245
vn -0.2570 0.2626 0.9300
vn -0.3039 0.2086 0.9296
vn -0.2596 0.2364 0.9363
vn -0.2153 0.2912 0.9321
vn -0.3783 -0.0000 0.9257
vn -0.3748 0.0204 0.9269
vn -0.3664 0.0651 0.9282
vn -0.3748 0.0205 0.9269
vn -0.9912 -0.0001 -0.1321
vn -0.9979 -0.0296 -0.0576
vn -0.4514 -0.2473 -0.8574
vn -0.4515 -0.2475 -0.8573
vn -0.7381 -0.0000 -0.6747
vn -0.9912 -0.0003 -0.1322
vn -0.9912 0.0003 -0.1322
vn -0.9912 -0.0000 -0.1322
vn -0.9912 0.0001 -0.1322
vn 0.8355 -0.0000 0.5495
vn 0.4979 -0.0012 0.8672
vn 0.0911 -0.0000 0.9958
vn 0.4979 -0.0031 0.8672
vn 0.0664 -0.0000 0.9978
vn -0.2212 -0.0000 0.9752
vn 0.4764 -0.0002 0.8792
vn 0.1924 0.3129 0.9301
vn 0.0652 0.3663 0.9282
vn 0.0169 0.0593 0.9981
vn 0.0651 0.3663 0.9282
vn 0.2486 0.2688 0.9306
vn 0.3648 0.0395 0.9303
vn 0.3762 0.0003 0.9266
vn 0.3627 0.0461 0.9307
vn -0.0001 0.3783 0.9257
vn 0.0168 0.0593 0.9981
vn -0.0001 0.3782 0.9257
vn -0.0000 -0.4248 0.9053
vn -0.0001 -0.4248 0.9053
vn -0.0000 -0.7366 0.6763
vn -0.5002 -0.0000 0.8659
vn -0.0000 0.0080 1.0000
vn -0.0001 -0.4332 0.9013
vn -0.0001 0.0080 1.0000
vn 0.1868 0.8084 0.5582
vn 0.3386 0.8221 0.4577
vn 0.0985 0.9951 -0.0006
vn 0.5430 0.8221 0.1713
vn 0.5399 0.8221 -0.1806
vn 0.5400 0.8221 -0.1806
vn 0.3306 0.8221 -0.4635
vn 0.3307 0.8221 -0.4635
vn 0.5685 0.2928 0.7688
vn 0.3386 0.8219 0.4580
vn 0.3046 0.2797 0.9105
vn 0.5432 0.8219 0.1716
vn 0.3390 0.8219 0.4578
vn 0.5689 0.2928 0.7685
vn 0.9118 0.2927 0.2879
vn 0.9069 0.2928 -0.3031
vn 0.9120 0.2928 0.2874
vn 0.5556 0.2928 -0.7782
vn 0.5402 0.8219 -0.1809
vn 0.5401 0.8219 -0.1809
vn 0.9067 0.2928 -0.3036
vn 0.2888 0.2797 -0.9156
vn 0.1772 0.8081 -0.5618
vn 0.3307 0.8219 -0.4639
vn 0.3306 0.8219 -0.4639
vn 0.5551 0.2927 -0.7786
vn 0.5687 -0.2925 0.7688
vn 0.5687 0.2924 0.7688
vn 0.9120 -0.2922 0.2880
vn 0.9120 0.2922 0.2880
vn 0.5688 0.2924 0.7688
vn 0.5690 0.2923 0.7686
vn 0.5688 -0.2925 0.7687
vn 0.9120 -0.2924 0.2877
vn 0.9069 0.2925 -0.3033
vn 0.9120 0.2924 0.2876
vn 0.9120 -0.2925 0.2876
vn 0.9069 -0.2924 -0.3033
vn 0.5556 -0.2923 -0.7784
vn 0.5556 0.2923 -0.7784
vn 0.9068 -0.2922 -0.3037
vn 0.5557 -0.2922 -0.7784
vn 0.2889 -0.2789 -0.9158
vn 0.2889 0.2789 -0.9158
vn 0.5552 0.2922 -0.7787
vn 0.5552 0.2923 -0.7787
vn 0.5552 -0.2922 -0.7787
vn 0.4808 -0.5878 0.6506
vn 0.5685 -0.2928 0.7688
vn 0.3046 -0.2797 0.9105
vn 0.2610 -0.5685 0.7802
vn 0.7714 -0.5878 0.2438
vn 0.9118 -0.2928 0.2878
vn 0.5689 -0.2928 0.7685
vn 0.4815 -0.5878 0.6501
vn 0.7674 -0.5878 -0.2563
vn 0.9069 -0.2928 -0.3031
vn 0.9120 -0.2928 0.2874
vn 0.7717 -0.5878 0.2429
vn 0.7674 -0.5878 -0.2562
vn 0.4702 -0.5878 -0.6583
vn 0.5555 -0.2928 -0.7783
vn 0.9067 -0.2928 -0.3035
vn 0.7671 -0.5878 -0.2571
vn 0.4702 -0.5878 -0.6584
vn 0.2475 -0.5685 -0.7846
vn 0.2888 -0.2797 -0.9156
vn 0.5551 -0.2927 -0.7786
vn 0.5551 -0.2928 -0.7785
vn 0.4695 -0.5878 -0.6589
vn -0.0983 0.9952 0.0004
vn -0.1867 0.8084 -0.5583
vn -0.1715 0.8898 -0.4228
vn -0.0984 0.9951 0.0008
vn -0.1717 0.8898 -0.4228
vn -0.1372 0.9896 -0.0433
vn -0.1364 0.9896 0.0456
vn -0.0985 0.9951 0.0011
vn -0.1643 0.8898 0.4257
vn -0.0983 0.9952 0.0012
vn -0.1642 0.8898 0.4257
vn -0.1771 0.8084 0.5614
vn -0.3046 0.2797 -0.9105
vn -0.1717 0.8896 -0.4232
vn -0.2888 0.2797 0.9156
vn -0.1772 0.8081 0.5617
vn -0.1643 0.8896 0.4261
vn -0.3047 -0.2789 -0.9107
vn -0.2889 -0.2789 0.9158
vn -0.2889 0.2789 0.9158
vn -0.2610 -0.5685 -0.7802
vn -0.3046 -0.2797 -0.9105
vn -0.2475 -0.5685 0.7846
vn -0.2888 -0.2797 0.9156
vn -0.0044 1.0000 -0.0000
vn 0.5558 0.8313 -0.0000
vn 0.5557 0.8314 0.0001
vn 0.5557 0.8314 -0.0001
vn 0.5558 0.8313 0.0001
vn 0.9759 -0.2183 -0.0000
vn 0.9759 -0.2183 0.0001
vn 0.5557 0.8314 -0.0000
vn 0.6763 -0.7366 0.0001
vn 0.9759 -0.2182 0.0001
vn 0.9759 -0.2182 -0.0000
vn -0.6687 -0.5557 -0.4940
vn -0.6676 -0.6875 -0.2858
vn 0.0939 -0.9679 -0.2331
vn 0.0997 -0.9603 -0.2607
vn -0.1096 -0.7762 -0.6208
vn -0.6610 -0.5632 -0.4959
vn 0.5204 0.6713 0.5278
vn 0.5282 0.8329 0.1652
vn -0.0043 0.9807 0.1954
vn -0.0035 0.7854 0.6189
vn 0.5205 0.6712 0.5278
vn 0.9928 -0.0924 -0.0763
vn 0.9890 -0.1450 -0.0296
vn 0.5278 0.8331 0.1652
vn 0.5278 0.8332 0.1651
vn 0.5199 0.6715 0.5280
vn 0.1662 -0.7739 -0.6112
vn 0.3750 -0.8933 -0.2478
vn 0.9891 -0.1446 -0.0294
vn 0.9928 -0.0921 -0.0761
vn 0.1661 -0.7739 -0.6112
vn -0.6672 -0.1802 -0.7227
vn -0.6694 -0.6072 -0.4279
vn -0.1199 -0.7995 -0.5886
vn -0.1046 -0.7847 -0.6110
vn -0.1002 -0.3013 -0.9482
vn -0.6588 -0.1885 -0.7283
vn 0.5192 0.2651 0.8125
vn 0.5204 0.6713 0.5277
vn -0.0035 0.7849 0.6196
vn -0.0034 0.7849 0.6196
vn -0.0014 0.3090 0.9511
vn 0.5192 0.2652 0.8124
vn 0.9941 -0.0321 -0.1032
vn 0.9928 -0.0925 -0.0763
vn 0.5200 0.6715 0.5279
vn 0.5199 0.6716 0.5279
vn 0.5185 0.2655 0.8128
vn 0.9941 -0.0320 -0.1032
vn 0.1685 -0.3036 -0.9378
vn 0.1661 -0.7740 -0.6110
vn 0.9928 -0.0922 -0.0760
vn 0.9942 -0.0318 -0.1028
vn 0.1685 -0.3037 -0.9378
vn -0.1351 0.0172 -0.9907
vn -0.6653 -0.0007 -0.7466
vn -0.6679 -0.2767 -0.6909
vn -0.6569 -0.2774 -0.7010
vn -0.0987 -0.3140 -0.9443
vn -0.1314 0.0070 -0.9913
vn -0.0024 0.0011 1.0000
vn 0.5574 0.0008 0.8303
vn 0.5191 0.2656 0.8124
vn 0.5192 0.2656 0.8123
vn -0.0014 0.3082 0.9513
vn -0.0021 0.0011 1.0000
vn 0.5573 0.0009 0.8303
vn 0.9751 0.0001 -0.2218
vn 0.5185 0.2656 0.8128
vn 0.5573 0.0008 0.8303
vn 0.9751 -0.0000 -0.2217
vn 0.1456 -0.0002 -0.9893
vn 0.1685 -0.3040 -0.9377
vn 0.1685 -0.3039 -0.9377
vn 0.9942 -0.0320 -0.1028
vn -0.0043 0.9809 0.1945
vn -0.0043 0.9809 0.1946
vn 0.5279 0.8331 0.1652
vn 0.9890 -0.1450 -0.0295
vn 0.9890 -0.1449 -0.0296
vn 0.9891 -0.1446 -0.0295
vn 0.3749 -0.8934 -0.2475
vn 0.6764 -0.7366 0.0001
vn 0.5699 -0.0000 0.8217
vn 0.9321 -0.0000 0.3623
vn 0.9321 0.0003 0.3623
vn 0.9320 -0.0000 0.3624
vn 0.6742 -0.0000 -0.7385
vn 0.6743 -0.0000 -0.7385
vn 0.1316 -0.0000 -0.9913
vn -0.6721 -0.5526 -0.4929
vn -0.6710 -0.7330 -0.1121
vn -0.1324 -0.9783 -0.1591
vn -0.1238 -0.9755 -0.1819
vn -0.1142 -0.7756 -0.6208
vn -0.6647 -0.5600 -0.4945
vn 0.5206 0.6711 0.5278
vn 0.5276 0.8337 0.1631
vn -0.0042 0.9813 0.1925
vn 0.9892 -0.1440 -0.0285
vn 0.5272 0.8339 0.1630
vn 0.5273 0.8339 0.1630
vn 0.1608 -0.9687 -0.1889
vn 0.9892 -0.1437 -0.0283
vn 0.1661 -0.7739 -0.6111
vn -0.6705 -0.1784 -0.7201
vn -0.6728 -0.6054 -0.4253
vn -0.1242 -0.7989 -0.5884
vn -0.1092 -0.7843 -0.6107
vn -0.1047 -0.3010 -0.9479
vn -0.6625 -0.1865 -0.7255
vn 0.5191 0.2651 0.8125
vn -0.0035 0.7849 0.6197
vn 0.5200 0.6716 0.5278
vn 0.5200 0.6716 0.5279
vn 0.9928 -0.0922 -0.0759
vn 0.9942 -0.0319 -0.1029
vn 0.1685 -0.3037 -0.9377
vn -0.1396 0.0165 -0.9901
vn -0.6687 -0.0007 -0.7435
vn -0.6710 -0.2766 -0.6879
vn -0.6603 -0.2774 -0.6979
vn -0.1031 -0.3142 -0.9437
vn -0.1360 0.0069 -0.9907
vn -0.0023 0.0011 1.0000
vn 0.5574 0.0008 0.8302
vn 0.5192 0.2656 0.8124
vn -0.0020 0.0011 1.0000
vn 0.5574 0.0009 0.8303
vn 0.9750 0.0001 -0.2221
vn 0.9751 -0.0000 -0.2216
vn -0.0042 0.9814 0.1917
vn 0.5571 0.8305 -0.0028
vn 0.5570 0.8305 -0.0028
vn -0.0032 1.0000 -0.0040
vn 0.5570 0.8305 -0.0029
vn 0.5273 0.8339 0.1631
vn 0.9891 -0.1441 -0.0285
vn 0.9892 -0.1440 -0.0284
vn 0.9755 -0.2201 0.0014
vn 0.5569 0.8306 -0.0029
vn 0.9755 -0.2202 0.0014
vn 0.9892 -0.1437 -0.0285
vn 0.1608 -0.9687 -0.1890
vn 0.1609 -0.9687 -0.1889
vn 0.1542 -0.9880 0.0050
vn 0.9755 -0.2202 0.0015
vn -0.6754 -0.4916 0.5497
vn -0.6746 -0.2835 0.6816
vn 0.0849 -0.2349 0.9683
vn 0.0905 -0.2619 0.9608
vn -0.1187 -0.6206 0.7751
vn -0.6685 -0.4931 0.5568
vn 0.5205 0.5278 -0.6712
vn 0.5283 0.1651 -0.8328
vn -0.0042 0.1954 -0.9807
vn -0.0041 0.1954 -0.9807
vn -0.0033 0.6190 -0.7854
vn 0.5205 0.5277 -0.6712
vn 0.9928 -0.0764 0.0925
vn 0.9890 -0.0297 0.1451
vn 0.5279 0.1651 -0.8331
vn 0.5279 0.1652 -0.8331
vn 0.5201 0.5279 -0.6714
vn 0.1660 -0.6112 0.7739
vn 0.3748 -0.2479 0.8933
vn 0.9890 -0.0295 0.1447
vn 0.9928 -0.0762 0.0922
vn -0.6651 -0.7345 0.1347
vn -0.6704 -0.4655 0.5779
vn -0.1158 -0.6455 0.7550
vn -0.0642 -0.6227 0.7799
vn -0.0706 -0.9547 0.2891
vn -0.6516 -0.7326 0.1968
vn 0.5193 0.8124 -0.2653
vn 0.5205 0.5276 -0.6713
vn -0.0034 0.6196 -0.7849
vn -0.0013 0.9509 -0.3094
vn 0.5194 0.8123 -0.2654
vn 0.9941 -0.1034 0.0323
vn 0.9928 -0.0764 0.0926
vn 0.5201 0.5277 -0.6715
vn 0.5201 0.5278 -0.6715
vn 0.5187 0.8127 -0.2656
vn 0.9941 -0.1033 0.0323
vn 0.1684 -0.9376 0.3043
vn 0.1660 -0.6109 0.7741
vn 0.9928 -0.0760 0.0923
vn 0.9928 -0.0761 0.0923
vn 0.9942 -0.1030 0.0321
vn -0.1476 -0.9890 -0.0066
vn -0.6691 -0.7432 0.0052
vn -0.6824 -0.6767 0.2765
vn -0.6722 -0.6865 0.2772
vn -0.1094 -0.9478 0.2994
vn -0.1402 -0.9901 0.0011
vn -0.0032 1.0000 -0.0036
vn 0.5193 0.8122 -0.2658
vn -0.0013 0.9512 -0.3086
vn -0.0032 1.0000 -0.0038
vn 0.9941 -0.1034 0.0324
vn 0.5187 0.8126 -0.2658
vn 0.1684 -0.9375 0.3046
vn 0.1684 -0.9375 0.3045
vn 0.9942 -0.1029 0.0324
vn 0.9756 -0.2198 0.0014
vn -0.0042 0.1946 -0.9809
vn 0.5283 0.1652 -0.8328
vn 0.5558 -0.0000 -0.8313
vn 0.5559 -0.0000 -0.8313
vn -0.0043 -0.0000 -1.0000
vn 0.9890 -0.0296 0.1450
vn 0.9759 -0.0000 0.2183
vn 0.9890 -0.0296 0.1446
vn 0.3748 -0.2475 0.8934
vn 0.3748 -0.2475 0.8935
vn 0.6763 -0.0000 0.7366
vn 0.9759 -0.0000 0.2184
vn 0.5558 -0.0001 -0.8313
vn -0.1359 -0.9905 0.0194
vn -0.1250 -0.9725 -0.1964
vn -0.6591 -0.7318 -0.1734
vn -0.6786 -0.7129 -0.1767
vn -0.6690 -0.7432 0.0002
vn -0.1478 -0.9885 0.0325
vn 0.4795 0.2856 0.8298
vn 0.4796 0.7188 0.5033
vn -0.0000 0.8189 0.5739
vn -0.0001 0.8189 0.5739
vn -0.0001 0.3260 0.9454
vn 0.4795 0.2857 0.8297
vn 0.4795 -0.2566 0.8392
vn -0.0001 0.3252 0.9457
vn -0.0001 -0.2920 0.9564
vn 0.4796 -0.7008 0.5281
vn 0.4795 -0.2565 0.8392
vn -0.0001 -0.2928 0.9562
vn -0.0000 -0.7984 0.6022
vn 0.4796 -0.8774 0.0153
vn 0.4795 -0.7008 0.5282
vn -0.0000 -0.7989 0.6015
vn -0.0001 -0.7989 0.6015
vn -0.0000 -0.9998 0.0179
vn 0.4797 -0.7188 -0.5033
vn 0.4796 -0.8774 0.0154
vn -0.0000 -0.9999 0.0170
vn -0.0001 -0.9999 0.0170
vn 0.0001 -0.8194 -0.5732
vn 0.4796 -0.7188 -0.5033
vn 0.4797 -0.2857 -0.8296
vn 0.4796 -0.7188 -0.5032
vn -0.0000 -0.8189 -0.5739
vn -0.0001 -0.8189 -0.5739
vn 0.0001 -0.3260 -0.9454
vn 0.4797 0.2566 -0.8391
vn 0.4796 -0.2857 -0.8297
vn 0.0001 -0.3252 -0.9457
vn -0.0001 -0.3252 -0.9457
vn 0.0001 0.2920 -0.9564
vn 0.4797 0.7008 -0.5280
vn 0.4797 0.2565 -0.8391
vn 0.0001 0.2928 -0.9562
vn 0.0001 0.7984 -0.6022
vn 0.4796 0.7008 -0.5280
vn 0.4796 0.8774 -0.0152
vn 0.4796 0.7008 -0.5281
vn -0.0000 0.7989 -0.6015
vn -0.0002 0.7989 -0.6015
vn -0.0000 0.9998 -0.0179
vn 0.4796 0.8774 -0.0153
vn 0.4795 0.7188 0.5034
vn -0.0000 0.9999 -0.0170
vn -0.0000 0.8194 0.5732
vn 0.4796 0.7188 0.5034
vn 0.9604 0.2283 0.1599
vn 0.9604 0.0907 0.2635
vn 0.9604 -0.0815 0.2666
vn 0.9604 -0.0814 0.2666
vn 0.9604 -0.2225 0.1678
vn 0.9604 -0.2786 0.0050
vn 0.9604 -0.2283 -0.1597
vn 0.9604 -0.0908 -0.2634
vn 0.9604 -0.0907 -0.2634
vn 0.9604 0.0815 -0.2664
vn 0.9604 0.2225 -0.1676
vn 0.9604 -0.2786 0.0049
vn 0.9604 0.2226 -0.1676
vn 0.9604 0.2282 0.1599
vn 0.9604 0.2786 -0.0048
vn 0.9604 0.2225 -0.1677
vn 0.9602 0.0912 0.2642
vn 0.9602 0.2287 0.1606
vn 0.4792 0.7190 0.5034
vn 0.4792 0.2856 0.8299
vn 0.9602 0.0912 0.2641
vn 0.9602 -0.0814 0.2673
vn 0.9602 0.0907 0.2643
vn 0.4792 0.2858 0.8299
vn 0.4791 -0.2567 0.8393
vn 0.9602 -0.2230 0.1684
vn 0.9601 -0.0820 0.2672
vn 0.4791 -0.2566 0.8394
vn 0.4792 -0.2565 0.8394
vn 0.4792 -0.7010 0.5282
vn 0.9602 -0.2229 0.1684
vn 0.9602 -0.2794 0.0052
vn 0.9602 -0.2233 0.1680
vn 0.4791 -0.7009 0.5283
vn 0.4792 -0.7009 0.5283
vn 0.4792 -0.8776 0.0152
vn 0.9602 -0.2793 0.0053
vn 0.9602 -0.2290 -0.1600
vn 0.9602 -0.2793 0.0047
vn 0.4792 -0.8776 0.0154
vn 0.4793 -0.8775 0.0154
vn 0.4793 -0.7189 -0.5035
vn 0.9602 -0.2290 -0.1599
vn 0.9602 -0.0912 -0.2640
vn 0.9602 -0.2287 -0.1604
vn 0.4793 -0.7190 -0.5033
vn 0.4793 -0.2856 -0.8299
vn 0.9602 0.0815 -0.2672
vn 0.9602 -0.0907 -0.2642
vn 0.4793 -0.2858 -0.8298
vn 0.4793 0.2567 -0.8393
vn 0.9602 0.0814 -0.2672
vn 0.9602 0.2230 -0.1683
vn 0.9602 0.0819 -0.2670
vn 0.4793 0.2565 -0.8393
vn 0.4793 0.7010 -0.5281
vn 0.9602 0.2794 -0.0051
vn 0.9602 0.2233 -0.1679
vn 0.4792 0.7009 -0.5282
vn 0.4792 0.8776 -0.0152
vn 0.9602 0.2793 -0.0051
vn 0.9602 0.2290 0.1601
vn 0.9602 0.2793 -0.0045
vn 0.4792 0.8776 -0.0154
vn 0.4792 0.8775 -0.0154
vn 0.4792 0.7189 0.5036
vn 0.5000 -0.8661 -0.0000
vn 0.8660 -0.5000 0.0001
vn 0.8660 -0.5000 -0.0000
vn 0.8660 0.5000 0.0001
vn 0.8660 0.5000 -0.0000
vn -0.0001 -0.0000 1.0000
vn 0.8661 -0.0002 -0.4999
vn 0.8661 -0.0000 -0.5000
vn -0.5431 0.8219 -0.1715
vn -0.3389 0.8219 -0.4578
vn -0.5690 0.2927 -0.7685
vn -0.9118 0.2927 -0.2879
vn -0.9068 0.2928 0.3031
vn -0.9069 0.2928 0.3031
vn -0.5402 0.8219 0.1809
vn -0.5555 0.2927 0.7783
vn -0.9120 -0.2923 -0.2879
vn -0.9120 0.2923 -0.2879
vn -0.5690 0.2923 -0.7687
vn -0.5691 0.2922 -0.7686
vn -0.5688 -0.2924 -0.7687
vn -0.9120 -0.2923 -0.2878
vn -0.9070 -0.2922 0.3032
vn -0.9070 0.2923 0.3032
vn -0.9120 -0.2925 -0.2876
vn -0.9069 -0.2924 0.3033
vn -0.5555 -0.2924 0.7784
vn -0.5555 0.2924 0.7784
vn -0.9069 0.2923 0.3035
vn -0.9068 -0.2923 0.3037
vn -0.9118 -0.2928 -0.2878
vn -0.5689 -0.2928 -0.7685
vn -0.7674 -0.5878 0.2563
vn -0.9069 -0.2928 0.3031
vn -0.4702 -0.5878 0.6583
vn -0.5555 -0.2927 0.7783
vn -0.9067 -0.2928 0.3035
vn -0.7671 -0.5878 0.2571
vn -0.8660 0.5001 -0.0000
vn -0.8660 0.5001 -0.0001
vn -0.4999 0.8661 -0.0000
vn -0.8661 -0.4999 -0.0000
vn -0.8661 -0.4999 -0.0001
vn -0.9301 0.3130 0.1923
vn -0.9282 0.3665 0.0643
vn -0.9271 0.3743 0.0192
vn -0.9282 0.3665 0.0644
vn -0.9301 0.3130 0.1924
vn -0.9306 0.2689 0.2485
vn -0.9303 0.0397 0.3647
vn -0.9306 0.2687 0.2487
vn -0.9301 0.3129 0.1925
vn -0.9303 0.0396 0.3647
vn -0.9308 0.0463 0.3627
vn -0.9265 0.0003 0.3762
vn -0.9303 0.0394 0.3648
vn -0.9266 0.0002 0.3760
vn -0.9308 0.0461 0.3627
vn -0.9259 0.3777 -0.0016
vn -0.9271 0.3744 0.0191
vn -0.9261 0.3772 -0.0018
vn -0.9788 -0.2049 0.0022
vn -0.6389 0.7686 -0.0320
vn -0.5439 0.8391 -0.0009
vn -0.6327 0.7727 -0.0516
vn -0.9806 -0.1962 0.0014
vn -0.9363 -0.1991 0.2891
vn -0.9300 0.1924 -0.3130
vn -0.9282 0.0652 -0.3664
vn -0.9269 0.0206 -0.3748
vn -0.9305 0.2486 -0.2689
vn -0.9245 0.3166 -0.2121
vn -0.9300 0.2625 -0.2571
vn -0.9296 0.2086 -0.3039
vn -0.9363 0.2364 -0.2596
vn -0.9321 0.2912 -0.2153
vn -0.9257 -0.0000 -0.3784
vn -0.9269 0.0204 -0.3748
vn -0.9282 0.0651 -0.3664
vn -0.9269 0.0205 -0.3748
vn -0.9257 -0.0000 -0.3783
vn 0.1321 -0.0001 -0.9912
vn 0.0576 -0.0296 -0.9979
vn 0.8574 -0.2473 -0.4514
vn 0.8573 -0.2475 -0.4515
vn 0.6747 -0.0000 -0.7381
vn 0.1322 -0.0003 -0.9912
vn 0.1322 0.0003 -0.9912
vn 0.1322 -0.0000 -0.9912
vn 0.1322 0.0001 -0.9912
vn -0.5495 -0.0000 0.8355
vn -0.8672 -0.0012 0.4979
vn -0.9958 -0.0000 0.0911
vn -0.8672 -0.0031 0.4979
vn -0.9978 -0.0000 0.0664
vn -0.9752 -0.0000 -0.2212
vn -0.8792 -0.0002 0.4764
vn -0.9301 0.3129 0.1924
vn -0.9282 0.3663 0.0652
vn -0.9981 0.0593 0.0169
vn -0.9282 0.3663 0.0651
vn -0.9306 0.2688 0.2486
vn -0.9303 0.0396 0.3648
vn -0.9303 0.0395 0.3648
vn -0.9266 0.0003 0.3762
vn -0.9307 0.0461 0.3627
vn -0.9257 0.3783 -0.0001
vn -0.9981 0.0594 0.0168
vn -0.9282 0.3664 0.0650
vn -0.9257 0.3782 -0.0001
vn -0.9053 -0.4248 -0.0000
vn -0.9053 -0.4248 -0.0001
vn -0.6763 -0.7366 -0.0001
vn -0.9981 0.0593 0.0168
vn -0.8659 -0.0000 -0.5002
vn -0.8661 -0.0000 0.4998
vn -1.0000 0.0080 -0.0001
vn -0.9013 -0.4332 -0.0001
vn -1.0000 0.0079 -0.0001
vn -1.0000 0.0080 -0.0000
vn -0.0000 -1.0000 -0.0083
vn -0.0000 -0.9537 0.3007
vn -0.0000 -0.8041 -0.5945
vn -0.0000 -1.0000 -0.0092
vn -0.0000 -1.0000 -0.0091
vn -0.0000 -0.3011 -0.9536
vn -0.0000 -0.8036 -0.5952
vn -0.0000 -0.8036 -0.5951
vn -0.0001 0.3169 -0.9485
vn -0.0000 -0.3003 -0.9538
vn 0.0001 -0.3003 -0.9539
vn -0.0000 0.3169 -0.9485
vn -0.0001 0.8139 -0.5811
vn -0.0000 0.3177 -0.9482
vn -0.0000 0.8139 -0.5810
vn -0.0000 0.9537 -0.3007
vn -0.0000 0.8144 -0.5803
vn -0.0000 0.8144 -0.5804
vn 0.0001 0.8144 -0.5804
vn 0.9066 0.1270 0.4025
vn 0.9066 -0.1339 0.4002
vn 0.9066 -0.3435 0.2451
vn 0.9066 -0.4219 -0.0036
vn 0.9066 -0.3391 -0.2510
vn 0.9066 -0.3392 -0.2509
vn 0.9066 -0.1269 -0.4024
vn 0.9066 0.1339 -0.4002
vn 0.9066 0.1338 -0.4002
vn 0.9066 0.3435 -0.2451
vn 0.9066 0.4219 0.0037
vn 0.9066 -0.3392 -0.2510
vn 0.9066 0.4220 0.0037
vn 0.9066 -0.3436 0.2451
vn 0.9066 0.1269 0.4025
vn 0.9066 0.3392 0.2510
vn 0.9064 -0.1338 0.4006
vn 0.9065 0.1268 0.4028
vn 0.7371 0.2028 0.6446
vn 0.7371 -0.2140 0.6410
vn 0.9064 -0.3437 0.2454
vn 0.9064 -0.1343 0.4005
vn 0.7371 -0.2149 0.6407
vn 0.7371 -0.2149 0.6408
vn 0.5050 -0.7688 0.3924
vn 0.9064 -0.3437 0.2455
vn 0.9064 -0.4223 -0.0034
vn 0.9064 -0.3440 0.2451
vn 0.5053 -0.7687 0.3921
vn 0.5054 -0.7686 0.3922
vn 0.3761 -0.9265 -0.0081
vn 0.9065 -0.4222 -0.0034
vn 0.9064 -0.3397 -0.2510
vn 0.9064 -0.4224 -0.0039
vn 0.3760 -0.9266 -0.0080
vn 0.3761 -0.7448 -0.5511
vn 0.9065 -0.3396 -0.2510
vn 0.9065 -0.1272 -0.4027
vn 0.9064 -0.3394 -0.2514
vn 0.3761 -0.7449 -0.5511
vn 0.3761 -0.7448 -0.5512
vn 0.3761 -0.2786 -0.8837
vn 0.9065 -0.1272 -0.4026
vn 0.9065 0.1338 -0.4005
vn 0.9065 -0.1268 -0.4028
vn 0.3761 0.2940 -0.8787
vn 0.9064 0.1338 -0.4006
vn 0.9064 0.3437 -0.2454
vn 0.9064 0.1343 -0.4004
vn 0.3761 0.7543 -0.5381
vn 0.9065 0.3437 -0.2454
vn 0.9065 0.4223 0.0035
vn 0.9065 0.3439 -0.2450
vn 0.3761 0.7544 -0.5380
vn 0.5053 0.8546 -0.1196
vn 0.9064 0.4224 0.0034
vn 0.9064 0.3397 0.2511
vn 0.9064 0.4224 0.0039
vn 0.5050 0.8548 -0.1195
vn 0.7371 0.5435 0.4016
vn 0.9064 0.3397 0.2510
vn 0.9064 0.1272 0.4028
vn 0.9064 0.3394 0.2515
vn 0.7371 0.5430 0.4023
vn 0.7371 0.2036 0.6443
vn 0.9065 0.1272 0.4027
vn 0.3760 -0.9266 -0.0081
vn 0.5051 -0.7687 0.3924
vn 0.3761 -0.2787 -0.8837
vn 0.3760 -0.7449 -0.5511
vn 0.0001 -0.8036 -0.5952
vn 0.3760 -0.2787 -0.8837
vn 0.3760 0.2940 -0.8787
vn 0.0001 -0.3003 -0.9538
vn 0.3760 0.7544 -0.5381
vn 0.0001 0.3177 -0.9482
vn -0.0000 0.8139 -0.5811
vn 0.5051 0.8548 -0.1195
vn 0.0001 0.8144 -0.5803
vn -0.0001 0.8042 0.5944
vn -0.0000 1.0000 0.0091
vn -0.0000 0.8041 0.5944
vn -0.0000 0.3012 0.9536
vn -0.0000 0.8036 0.5951
vn -0.0000 0.8037 0.5951
vn -0.0000 -0.3169 0.9485
vn -0.0000 0.3004 0.9538
vn -0.0000 0.3003 0.9538
vn -0.0000 -0.3168 0.9485
vn -0.0002 -0.8138 0.5811
vn -0.0000 -0.3176 0.9482
vn -0.0002 -0.3176 0.9482
vn -0.0000 -0.8138 0.5811
vn 0.3761 0.7449 0.5511
vn 0.3760 0.9266 0.0080
vn -0.0000 0.8042 0.5944
vn 0.3760 0.7449 0.5511
vn 0.3760 0.2787 0.8837
vn 0.3760 -0.2940 0.8788
vn 0.0001 0.3003 0.9538
vn 0.3760 -0.2939 0.8788
vn 0.3760 -0.7543 0.5382
vn 0.0002 -0.3176 0.9482
vn 0.3760 -0.7544 0.5381
vn -0.0000 0.8143 -0.5804
vn 0.9064 0.1268 0.4028
vn 0.3760 -0.2786 -0.8837
vn 0.9065 0.1343 -0.4004
vn 0.9064 0.4223 0.0034
vn 0.9064 0.3393 0.2515
vn 0.3761 0.2787 0.8837
vn 0.3760 -0.7543 0.5381
vn 0.3759 -0.9266 -0.0080
vn 0.9064 0.1268 0.4029
vn 0.5054 -0.7687 0.3921
vn 0.3761 -0.9266 -0.0081
vn 0.9065 -0.3394 -0.2513
vn 0.9065 0.3436 -0.2454
vn 0.3760 0.7544 -0.5380
vn 0.9065 0.1273 0.4027
vn -0.4580 0.8219 0.3387
vn -0.2876 -0.2924 0.9120
vn -0.2872 -0.2928 0.9120
vn -0.3032 -0.2928 -0.9068
vn -0.3037 -0.2928 -0.9067
vn -0.2182 -0.0000 0.9759
vn -0.2605 0.0525 0.9640
vn -0.9028 0.0002 -0.4300
vn -0.8991 -0.0000 0.4377
vn 0.1726 -0.1328 0.9760
vn -0.2199 0.1766 0.9594
vn -0.7127 0.5637 0.4176
vn -0.6077 0.1205 -0.7850
vn -0.0870 0.2769 0.9569
vn -0.4812 0.3774 -0.7912
vn 0.0705 -0.2018 0.9769
vn 0.0060 -0.2225 0.9749
vn -0.0052 0.9009 0.4340
vn -0.0090 0.9009 -0.4338
vn 0.2268 -0.0000 0.9740
vn -0.7128 0.5636 0.4176
vn -0.8892 0.1772 0.4218
vn -0.7127 0.5637 0.4175
vn -0.4818 0.3767 -0.7912
vn -0.0868 0.2773 0.9569
vn 0.2436 -0.5878 -0.7715
vn 0.6501 -0.5878 -0.4816
vn 0.2241 -0.0137 -0.9745
vn 0.1541 -0.1561 -0.9756
vn 0.0060 -0.2225 -0.9749
vn 0.2268 -0.0000 -0.9740
vn 0.8661 -0.0001 0.4999
vn 0.8660 -0.0001 -0.5001
vn -0.0983 0.9952 -0.0018
vn -0.1737 0.8084 -0.5625
vn -0.3279 0.8221 -0.4655
vn -0.0984 0.9951 -0.0015
vn -0.5388 0.8221 -0.1839
vn -0.0984 0.9951 -0.0014
vn -0.5440 0.8221 0.1680
vn -0.5440 0.8221 0.1679
vn -0.3559 0.8898 0.2855
vn -0.0983 0.9952 -0.0010
vn -0.3558 0.8898 0.2856
vn -0.0488 0.9885 0.1430
vn -0.5504 0.2928 -0.7819
vn -0.3278 0.8219 -0.4658
vn -0.1738 0.8081 -0.5628
vn -0.1739 0.8081 -0.5628
vn -0.2833 0.2797 -0.9173
vn -0.9049 0.2928 -0.3090
vn -0.5391 0.8219 -0.1842
vn -0.3282 0.8219 -0.4656
vn -0.5508 0.2928 -0.7816
vn -0.9049 0.2928 -0.3091
vn -0.9137 0.2928 0.2819
vn -0.5444 0.8219 0.1678
vn -0.5392 0.8219 -0.1838
vn -0.5392 0.8219 -0.1837
vn -0.9050 0.2928 -0.3085
vn -0.7849 0.2797 0.5529
vn -0.3562 0.8896 0.2858
vn -0.5443 0.8219 0.1683
vn -0.5442 0.8219 0.1683
vn -0.9135 0.2928 0.2823
vn -0.5507 -0.2925 -0.7818
vn -0.5506 0.2924 -0.7818
vn -0.2833 0.2789 -0.9176
vn -0.2834 -0.2789 -0.9176
vn -0.5506 -0.2923 -0.7819
vn -0.9050 -0.2925 -0.3088
vn -0.9050 0.2925 -0.3088
vn -0.5507 0.2924 -0.7818
vn -0.5507 0.2925 -0.7818
vn -0.9050 -0.2924 -0.3088
vn -0.9139 -0.2922 0.2819
vn -0.9139 0.2922 0.2819
vn -0.9051 0.2924 -0.3088
vn -0.9051 0.2924 -0.3087
vn -0.9051 -0.2924 -0.3087
vn -0.9137 -0.2924 0.2821
vn -0.7851 -0.2789 0.5530
vn -0.7851 0.2789 0.5530
vn -0.9137 0.2924 0.2822
vn -0.9137 -0.2923 0.2824
vn -0.4655 -0.5878 -0.6617
vn -0.5504 -0.2928 -0.7819
vn -0.2833 -0.2797 -0.9173
vn -0.2832 -0.2797 -0.9174
vn -0.2428 -0.5685 -0.7861
vn -0.7655 -0.5878 -0.2617
vn -0.9049 -0.2927 -0.3091
vn -0.5508 -0.2928 -0.7816
vn -0.4662 -0.5878 -0.6612
vn -0.7731 -0.5878 0.2383
vn -0.9137 -0.2928 0.2819
vn -0.9050 -0.2928 -0.3085
vn -0.7658 -0.5878 -0.2608
vn -0.6726 -0.5685 0.4738
vn -0.7849 -0.2797 0.5529
vn -0.9135 -0.2928 0.2823
vn -0.7729 -0.5878 0.2391
vn 0.0983 0.9952 0.0018
vn 0.0446 0.9885 0.1443
vn 0.0828 0.9896 0.1176
vn 0.0985 0.9951 0.0016
vn 0.4549 0.8898 0.0353
vn 0.0984 0.9951 0.0014
vn 0.4549 0.8898 0.0352
vn 0.5440 0.8221 -0.1680
vn 0.0985 0.9951 0.0012
vn 0.3414 0.8221 -0.4556
vn 0.0983 0.9952 0.0010
vn 0.1901 0.8084 -0.5571
vn 0.9137 0.2928 -0.2818
vn 0.5443 0.8219 -0.1678
vn 0.4553 0.8896 0.0352
vn 0.9600 0.2797 0.0141
vn 0.9137 0.2928 -0.2819
vn 0.5735 0.2928 -0.7651
vn 0.3418 0.8219 -0.4557
vn 0.5442 0.8219 -0.1683
vn 0.9135 0.2928 -0.2824
vn 0.3101 0.2797 -0.9086
vn 0.1902 0.8081 -0.5575
vn 0.3413 0.8219 -0.4560
vn 0.3414 0.8219 -0.4560
vn 0.5731 0.2927 -0.7654
vn 0.9138 -0.2924 -0.2821
vn 0.9138 0.2924 -0.2820
vn 0.9602 0.2789 0.0141
vn 0.9602 -0.2789 0.0141
vn 0.9137 -0.2924 -0.2821
vn 0.5734 -0.2925 -0.7653
vn 0.5734 0.2925 -0.7653
vn 0.9137 0.2925 -0.2821
vn 0.9137 -0.2925 -0.2822
vn 0.5734 -0.2924 -0.7653
vn 0.3101 -0.2789 -0.9089
vn 0.3101 0.2789 -0.9089
vn 0.5733 0.2923 -0.7654
vn 0.5733 0.2924 -0.7654
vn 0.5733 -0.2924 -0.7654
vn 0.7731 -0.5878 -0.2383
vn 0.9137 -0.2928 -0.2819
vn 0.9600 -0.2797 0.0141
vn 0.8226 -0.5685 0.0121
vn 0.4854 -0.5878 -0.6472
vn 0.5735 -0.2928 -0.7651
vn 0.9135 -0.2928 -0.2824
vn 0.9135 -0.2928 -0.2823
vn 0.7729 -0.5878 -0.2391
vn 0.2657 -0.5685 -0.7786
vn 0.3100 -0.2797 -0.9086
vn 0.5731 -0.2927 -0.7654
vn 0.5731 -0.2928 -0.7654
vn 0.4847 -0.5878 -0.6477
vn -0.9578 0.0525 -0.2826
vn -0.9705 -0.0000 -0.2410
vn -0.9790 -0.0000 0.2039
vn -0.9797 -0.0426 0.1957
vn -0.9578 0.0526 -0.2826
vn -0.4010 0.1771 -0.8988
vn -0.4167 0.0002 -0.9090
vn -0.9577 0.0525 -0.2830
vn 0.4349 0.1771 -0.8829
vn 0.4510 0.0002 -0.8925
vn -0.4166 -0.0000 -0.9091
vn -0.4009 0.1771 -0.8988
vn 0.7990 0.1197 -0.5892
vn 0.7935 -0.0000 -0.6085
vn 0.4510 -0.0000 -0.8925
vn 0.4349 0.1770 -0.8829
vn 0.7990 0.1197 -0.5893
vn -0.9540 0.1767 -0.2422
vn -0.9798 -0.0426 0.1956
vn -0.9798 -0.1328 0.1498
vn -0.9540 0.1766 -0.2423
vn -0.4008 0.5636 -0.7223
vn -0.9577 0.0528 -0.2829
vn -0.9577 0.0528 -0.2830
vn -0.9539 0.1768 -0.2427
vn 0.4279 0.5636 -0.7066
vn 0.4350 0.1771 -0.8829
vn -0.4008 0.5636 -0.7222
vn 0.4279 0.5637 -0.7065
vn 0.8023 0.3767 -0.4631
vn 0.7990 0.1205 -0.5891
vn 0.8022 0.3768 -0.4631
vn -0.9547 0.2769 -0.1093
vn -0.9798 -0.1329 0.1498
vn -0.9797 -0.1329 0.1498
vn -0.9783 -0.2017 0.0477
vn -0.9546 0.2769 -0.1093
vn -0.4078 0.8650 -0.2923
vn -0.9539 0.1771 -0.2424
vn -0.9545 0.2773 -0.1096
vn -0.4078 0.8651 -0.2922
vn 0.4187 0.8650 -0.2765
vn 0.4279 0.5636 -0.7065
vn -0.4079 0.8650 -0.2923
vn 0.7998 0.5744 -0.1742
vn 0.8023 0.3774 -0.4626
vn 0.4187 0.8650 -0.2766
vn 0.7998 0.5744 -0.1741
vn -0.9747 0.2224 -0.0203
vn -0.9783 -0.2018 0.0477
vn -0.9748 -0.2225 -0.0168
vn -0.9747 0.2225 -0.0203
vn -0.4337 0.9009 -0.0153
vn -0.4078 0.8650 -0.2922
vn -0.9545 0.2774 -0.1092
vn -0.9546 0.2773 -0.1092
vn 0.4339 0.9010 0.0012
vn 0.7818 0.6235 0.0100
vn 0.7998 0.5747 -0.1734
vn 0.4186 0.8650 -0.2765
vn -0.9578 0.0526 -0.2827
vn -0.4166 0.0002 -0.9091
vn -0.9705 -0.0000 -0.2411
vn 0.4509 0.0001 -0.8926
vn -0.4167 -0.0000 -0.9091
vn 0.4348 0.1772 -0.8829
vn 0.7935 -0.0000 -0.6086
vn 0.4509 -0.0000 -0.8926
vn -0.9540 0.1766 -0.2422
vn -0.9798 -0.0427 0.1956
vn -0.9798 -0.1329 0.1497
vn -0.9577 0.0527 -0.2829
vn -0.9577 0.0527 -0.2830
vn -0.9539 0.1768 -0.2426
vn 0.4279 0.5637 -0.7066
vn -0.4009 0.1772 -0.8988
vn -0.4007 0.5636 -0.7223
vn 0.4280 0.5636 -0.7065
vn 0.7990 0.1205 -0.5892
vn -0.9546 0.2770 -0.1093
vn -0.9540 0.1767 -0.2423
vn -0.9797 -0.1329 0.1499
vn -0.9783 -0.2018 0.0478
vn -0.9547 0.2769 -0.1092
vn -0.9539 0.1770 -0.2424
vn -0.9545 0.2772 -0.1095
vn 0.7998 0.5745 -0.1741
vn 0.8022 0.3774 -0.4626
vn 0.4280 0.5636 -0.7066
vn 0.4186 0.8650 -0.2766
vn -0.9547 0.2770 -0.1093
vn -0.9546 0.2773 -0.1091
vn -0.4079 0.8650 -0.2922
vn 0.7997 0.5748 -0.1733
vn 0.4340 0.9009 0.0012
vn 0.7817 0.6236 0.0100
vn 0.8775 -0.0000 -0.4796
vn 0.5201 -0.0000 -0.8541
vn -0.4796 -0.0000 -0.8775
vn -0.8541 -0.0000 -0.5201
vn 0.5505 0.2928 0.7818
vn 0.3279 0.8219 0.4658
vn 0.1739 0.8081 0.5628
vn 0.2833 0.2797 0.9173
vn 0.5505 0.2927 0.7819
vn 0.9049 0.2927 0.3089
vn 0.5391 0.8219 0.1841
vn 0.3283 0.8219 0.4655
vn 0.3282 0.8219 0.4655
vn 0.5508 0.2928 0.7816
vn 0.9049 0.2927 0.3090
vn 0.5507 -0.2924 0.7818
vn 0.5507 0.2924 0.7818
vn 0.2834 0.2789 0.9176
vn 0.2834 -0.2789 0.9176
vn 0.9050 -0.2923 0.3090
vn 0.9050 0.2925 0.3088
vn 0.5510 0.2922 0.7817
vn 0.5510 0.2923 0.7817
vn 0.5509 -0.2923 0.7817
vn 0.9051 -0.2924 0.3088
vn 0.4656 -0.5878 0.6616
vn 0.5505 -0.2928 0.7818
vn 0.2833 -0.2797 0.9173
vn 0.2428 -0.5685 0.7861
vn 0.7656 -0.5878 0.2616
vn 0.9049 -0.2927 0.3090
vn 0.5509 -0.2928 0.7815
vn 0.5509 -0.2928 0.7816
vn 0.4662 -0.5878 0.6612
vn 0.7655 -0.5878 0.2616
vn -0.3100 0.2797 0.9087
vn -0.1902 0.8081 0.5575
vn -0.3413 0.8219 0.4560
vn -0.3414 0.8219 0.4560
vn -0.5730 0.2927 0.7655
vn -0.3101 -0.2789 0.9089
vn -0.3101 0.2789 0.9089
vn -0.5733 0.2924 0.7654
vn -0.5732 0.2923 0.7655
vn -0.5732 -0.2925 0.7654
vn -0.2657 -0.5685 0.7786
vn -0.3100 -0.2797 0.9087
vn -0.5730 -0.2927 0.7655
vn -0.5731 -0.2927 0.7654
vn -0.4847 -0.5878 0.6477
vn 0.9686 -0.0047 0.2486
vn 0.9684 -0.0000 0.2494
vn 0.9690 -0.0136 0.2469
vn 0.9714 -0.1247 0.2018
vn 0.9686 -0.0047 0.2485
vn 0.9689 -0.0136 0.2469
vn 0.9714 -0.1247 0.2019
vn 0.9718 -0.1561 0.1770
vn 0.9743 -0.1957 0.1117
vn 0.9718 -0.1562 0.1769
vn 0.9714 -0.1248 0.2018
vn 0.9753 -0.2112 0.0645
vn 0.9745 -0.2224 0.0288
vn 0.9753 -0.2112 0.0643
vn 0.9743 -0.1957 0.1116
vn 0.9745 -0.2226 0.0288
vn 0.9684 -0.0000 0.2495
vn 0.9686 -0.0046 0.2485
vn 0.9689 -0.0137 0.2469
vn 0.9717 -0.1561 0.1770
vn 0.9745 -0.2225 0.0288
vn 0.9753 -0.2113 0.0643
vn 0.9743 -0.1958 0.1116
vn -0.8774 -0.0000 0.4797
vn -0.5201 -0.0000 0.8541
vn -0.5201 -0.0001 0.8541
vn -0.8775 -0.0000 0.4796
vn -0.5200 -0.0000 0.8541
vn 0.4797 -0.0000 0.8775
vn 0.4797 -0.0001 0.8775
vn 0.4797 -0.0001 0.8774
vn -0.5200 -0.0001 0.8541
vn 0.4797 -0.0000 0.8774
vn 0.8541 -0.0000 0.5201
vn 0.0060 -0.2224 -0.9749
vn 0.5583 0.8084 -0.1868
vn -0.0008 0.9951 -0.0984
vn -0.2938 0.8898 -0.3491
vn -0.2939 0.8898 -0.3490
vn -0.1441 0.9885 -0.0454
vn 0.7688 0.2928 -0.5686
vn 0.5586 0.8081 -0.1870
vn 0.2877 0.2928 -0.9119
vn 0.1711 0.8219 -0.5434
vn 0.2873 0.2928 -0.9120
vn -0.5711 0.2797 -0.7718
vn -0.2941 0.8896 -0.3494
vn -0.1810 0.8219 -0.5402
vn 0.7688 0.2924 -0.5688
vn 0.7688 -0.2923 -0.5687
vn 0.2876 0.2925 -0.9120
vn 0.7687 0.2925 -0.5689
vn 0.7687 -0.2925 -0.5689
vn -0.3032 -0.2922 -0.9070
vn -0.3032 0.2922 -0.9070
vn 0.2875 0.2924 -0.9120
vn 0.2875 -0.2924 -0.9120
vn -0.5712 -0.2789 -0.7720
vn -0.5712 0.2789 -0.7720
vn -0.3035 0.2924 -0.9069
vn -0.3037 -0.2923 -0.9068
vn -0.5713 -0.2789 -0.7719
vn 0.7688 -0.2928 -0.5686
vn 0.2878 -0.2927 -0.9118
vn 0.2872 -0.2928 -0.9120
vn -0.4894 -0.5685 -0.6613
vn -0.5711 -0.2797 -0.7718
vn -0.1433 0.9885 0.0479
vn -0.1156 0.9896 0.0856
vn 0.0007 0.9951 0.0985
vn -0.0247 0.8898 0.4556
vn -0.0245 0.8898 0.4556
vn 0.4635 0.8221 0.3307
vn -0.0246 0.8896 0.4560
vn -0.0245 0.8896 0.4560
vn 0.0084 0.2797 0.9600
vn 0.3037 0.2928 0.9067
vn 0.7783 0.2928 0.5554
vn 0.9156 0.2797 0.2887
vn 0.7786 0.2928 0.5550
vn 0.3033 0.2924 0.9069
vn 0.0084 0.2789 0.9603
vn 0.0084 -0.2789 0.9603
vn 0.7785 -0.2925 0.5553
vn 0.7785 0.2925 0.5553
vn 0.3034 0.2925 0.9069
vn 0.3034 -0.2925 0.9068
vn 0.7785 -0.2924 0.5553
vn 0.9159 0.2789 0.2888
vn 0.7786 0.2923 0.5552
vn 0.7786 0.2924 0.5552
vn 0.7786 -0.2924 0.5552
vn 0.2563 -0.5878 0.7673
vn 0.0084 -0.2797 0.9600
vn 0.0072 -0.5685 0.8227
vn 0.6584 -0.5878 0.4701
vn 0.7783 -0.2928 0.5554
vn 0.3037 -0.2928 0.9067
vn 0.9156 -0.2797 0.2887
vn 0.7786 -0.2928 0.5550
vn 0.6589 -0.5878 0.4695
vn 0.2601 0.0525 -0.9641
vn 0.2182 -0.0000 -0.9759
vn -0.2267 -0.0000 -0.9740
vn -0.2185 -0.0426 -0.9749
vn 0.2601 0.0526 -0.9641
vn 0.8892 0.1771 -0.4219
vn 0.8991 0.0002 -0.4378
vn 0.2605 0.0525 -0.9640
vn 0.8928 0.1771 0.4142
vn 0.9028 0.0002 0.4300
vn 0.8991 -0.0000 -0.4377
vn 0.8892 0.1771 -0.4218
vn 0.6078 0.1197 0.7850
vn 0.6269 -0.0000 0.7791
vn 0.9028 -0.0000 0.4300
vn 0.8928 0.1770 0.4141
vn 0.2199 0.1767 -0.9594
vn -0.1726 -0.1328 -0.9760
vn 0.2199 0.1766 -0.9594
vn 0.7127 0.5636 -0.4176
vn 0.2605 0.0528 -0.9640
vn 0.2605 0.0527 -0.9640
vn 0.2203 0.1768 -0.9593
vn 0.7164 0.5636 0.4113
vn 0.8928 0.1770 0.4142
vn 0.8892 0.1770 -0.4218
vn 0.8892 0.1772 -0.4218
vn 0.7127 0.5637 -0.4176
vn 0.7163 0.5637 0.4113
vn 0.4818 0.3767 0.7912
vn 0.6077 0.1205 0.7850
vn 0.7164 0.5636 0.4112
vn 0.4817 0.3767 0.7912
vn 0.0869 0.2769 -0.9570
vn -0.1727 -0.1329 -0.9760
vn -0.0706 -0.2017 -0.9769
vn 0.0869 0.2769 -0.9569
vn 0.2827 0.8650 -0.4146
vn 0.2200 0.1770 -0.9593
vn 0.2200 0.1771 -0.9593
vn 0.0872 0.2772 -0.9568
vn 0.2826 0.8650 -0.4145
vn 0.2863 0.8650 0.4121
vn 0.7163 0.5636 0.4113
vn 0.7127 0.5636 -0.4175
vn 0.2826 0.8650 -0.4146
vn 0.2862 0.8650 0.4121
vn 0.1928 0.5744 0.7955
vn 0.4812 0.3774 0.7912
vn -0.0025 0.2225 -0.9749
vn -0.0706 -0.2018 -0.9769
vn -0.0061 -0.2225 -0.9749
vn 0.0051 0.9009 -0.4340
vn 0.0868 0.2773 -0.9568
vn 0.0052 0.9009 -0.4340
vn 0.0089 0.9010 0.4338
vn 0.0052 0.9009 -0.4339
vn 0.0090 0.9010 0.4338
vn 0.0083 0.6234 0.7818
vn 0.1920 0.5747 0.7956
vn 0.2862 0.8650 0.4122
vn 0.2863 0.8650 0.4120
vn 0.0083 0.6235 0.7818
vn 0.2602 0.0526 -0.9641
vn 0.8928 0.1771 0.4141
vn 0.9029 0.0001 0.4299
vn 0.8991 -0.0000 -0.4378
vn 0.8928 0.1772 0.4141
vn 0.6270 -0.0000 0.7790
vn 0.9029 -0.0000 0.4299
vn 0.6079 0.1197 0.7850
vn 0.2198 0.1767 -0.9594
vn -0.2185 -0.0427 -0.9749
vn 0.8892 0.1772 -0.4219
vn 0.2202 0.1768 -0.9593
vn 0.0869 0.2770 -0.9569
vn -0.0707 -0.2018 -0.9769
vn 0.2827 0.8650 -0.4147
vn 0.7128 0.5636 -0.4175
vn 0.1928 0.5745 0.7955
vn 0.4813 0.3774 0.7912
vn 0.0051 0.9009 -0.4339
vn 0.0867 0.2773 -0.9569
vn 0.0868 0.2773 -0.9569
vn -0.0025 0.2226 -0.9749
vn 0.1920 0.5748 0.7955
vn 0.0089 0.9009 0.4339
vn 0.0083 0.6236 0.7817
vn -0.7687 0.2928 0.5686
vn -0.5585 0.8081 0.1870
vn -0.9105 0.2797 0.3047
vn -0.7688 0.2927 0.5686
vn -0.2877 0.2927 0.9119
vn -0.9107 0.2789 0.3048
vn -0.9107 -0.2789 0.3048
vn -0.2875 0.2925 0.9120
vn -0.7686 0.2923 0.5691
vn -0.7686 -0.2923 0.5691
vn -0.7687 -0.2928 0.5686
vn -0.9104 -0.2797 0.3047
vn -0.2436 -0.5878 0.7715
vn -0.2877 -0.2927 0.9119
vn -0.9157 0.2797 -0.2886
vn -0.7787 0.2927 -0.5550
vn -0.9157 0.2797 -0.2887
vn -0.9159 0.2789 -0.2887
vn -0.7786 0.2924 -0.5553
vn -0.7787 0.2923 -0.5551
vn -0.7786 -0.2925 -0.5552
vn -0.9159 -0.2789 -0.2887
vn -0.9157 -0.2797 -0.2886
vn -0.7787 -0.2927 -0.5550
vn -0.6589 -0.5878 -0.4694
vn -0.2258 -0.0047 0.9742
vn -0.2267 -0.0000 0.9740
vn -0.2259 -0.0047 0.9742
vn -0.2241 -0.0136 0.9745
vn -0.1791 -0.1247 0.9759
vn -0.2242 -0.0136 0.9745
vn -0.1542 -0.1561 0.9756
vn -0.0889 -0.1957 0.9766
vn -0.1541 -0.1562 0.9756
vn -0.1791 -0.1248 0.9759
vn -0.0417 -0.2112 0.9766
vn -0.0060 -0.2225 0.9749
vn -0.0415 -0.2112 0.9766
vn -0.0888 -0.1957 0.9766
vn -0.0060 -0.2226 0.9749
vn -0.2268 -0.0000 0.9740
vn -0.2258 -0.0046 0.9742
vn -0.2259 -0.0047 0.9741
vn -0.2242 -0.0137 0.9745
vn -0.5001 -0.0000 -0.8660
vn -0.8661 -0.0000 -0.4999
vn -0.8661 -0.0001 -0.4999
vn -0.8660 -0.0001 0.5000
vn -0.8660 -0.0001 0.5001
vn -0.8660 -0.0000 0.5001
vn -0.4580 0.8889 0.0004
vn -0.7100 0.4792 0.5159
vn -0.3703 0.8890 0.2695
vn 0.1419 0.8890 0.4355
vn -0.1419 0.8889 -0.4355
vn -0.3708 0.8890 -0.2689
vn -0.7100 0.4792 -0.5159
vn 0.2259 0.9602 0.1645
vn 0.3707 0.8890 0.2689
vn 0.3702 0.8890 -0.2695
vn 0.3703 0.8889 -0.2696
vn -0.3634 0.6428 -0.6743
vn -0.0860 0.9602 -0.2658
vn -0.2258 0.9602 -0.1644
vn 1.0000 0.0001 -0.0004
vn 0.5877 -0.0000 0.8090
vn -0.5877 -0.0000 -0.8091
vn 0.3703 0.8889 0.2696
vn 0.1419 0.8890 -0.4354
vn 0.8088 -0.0000 -0.5880
vt 0.625952 0.500495
vt 0.616958 0.483897
vt 0.633556 0.483897
vt 0.642551 0.500495
vt 0.650155 0.483897
vt 0.659149 0.500495
vt 0.666754 0.483897
vt 0.675748 0.500495
vt 0.686118 0.483897
vt 0.694729 0.500495
vt 0.704004 0.483897
vt 0.633556 0.458999
vt 0.616958 0.458999
vt 0.650155 0.458999
vt 0.666754 0.458999
vt 0.686118 0.458999
vt 0.633556 0.374583
vt 0.616958 0.374583
vt 0.650155 0.374583
vt 0.666754 0.374583
vt 0.686118 0.374583
vt 0.633556 0.349026
vt 0.616958 0.349026
vt 0.650155 0.349026
vt 0.666754 0.349026
vt 0.686118 0.349026
vt 0.704004 0.458999
vt 0.704004 0.374583
vt 0.704004 0.349026
vt 0.604793 0.337870
vt 0.595799 0.321271
vt 0.612397 0.321271
vt 0.621391 0.337870
vt 0.628996 0.321271
vt 0.637990 0.337870
vt 0.645594 0.321271
vt 0.654588 0.337870
vt 0.664959 0.321271
vt 0.673570 0.337870
vt 0.682845 0.321271
vt 0.612397 0.296374
vt 0.595799 0.296374
vt 0.628996 0.296374
vt 0.645594 0.296374
vt 0.664959 0.296374
vt 0.682845 0.296374
vt 0.462578 0.954633
vt 0.462571 0.871621
vt 0.470143 0.871621
vt 0.470142 0.953157
vt 0.454992 0.955849
vt 0.454997 0.871621
vt 0.447415 0.955833
vt 0.447423 0.871621
vt 0.439865 0.954633
vt 0.439850 0.871621
vt 0.462586 0.963711
vt 0.470141 0.959099
vt 0.454983 0.967712
vt 0.447409 0.967681
vt 0.439880 0.963711
vt 0.462586 0.974957
vt 0.470141 0.966469
vt 0.454980 0.981546
vt 0.447412 0.981516
vt 0.439880 0.974957
vt 0.462586 0.984234
vt 0.470141 0.973764
vt 0.454977 0.992660
vt 0.447415 0.992629
vt 0.439880 0.984234
vt 0.454993 0.931616
vt 0.447417 0.931605
vt 0.436069 0.931584
vt 0.436063 0.871621
vt 0.424727 0.931587
vt 0.424705 0.871621
vt 0.477710 0.952513
vt 0.477705 0.956613
vt 0.436079 0.961405
vt 0.436071 0.953895
vt 0.424763 0.956613
vt 0.424734 0.952513
vt 0.477705 0.961057
vt 0.436079 0.970713
vt 0.424763 0.961057
vt 0.477705 0.966978
vt 0.436079 0.978999
vt 0.424763 0.966978
vt 0.447418 0.924107
vt 0.454994 0.924117
vt 0.436068 0.924089
vt 0.424724 0.924091
vt 0.476986 0.932514
vt 0.470346 0.932630
vt 0.088708 0.466572
vt 0.072771 0.466572
vt 0.072771 0.436331
vt 0.088708 0.436331
vt 0.104645 0.466572
vt 0.104645 0.436331
vt 0.120582 0.466572
vt 0.120582 0.436331
vt 0.136520 0.466572
vt 0.136520 0.436331
vt 0.152457 0.466572
vt 0.152457 0.436331
vt 0.168394 0.466572
vt 0.168394 0.436331
vt 0.184331 0.466572
vt 0.184331 0.436331
vt 0.200268 0.466572
vt 0.200268 0.436331
vt 0.056834 0.466572
vt 0.040897 0.466572
vt 0.040897 0.436331
vt 0.056834 0.436331
vt 0.090946 0.494828
vt 0.095084 0.482092
vt 0.105918 0.474221
vt 0.119310 0.474221
vt 0.130143 0.482092
vt 0.134282 0.494828
vt 0.130143 0.507564
vt 0.119310 0.515435
vt 0.105918 0.515435
vt 0.095084 0.507564
vt 0.088708 0.470303
vt 0.072771 0.470303
vt 0.104645 0.470303
vt 0.120582 0.470303
vt 0.136520 0.470303
vt 0.152457 0.470303
vt 0.168394 0.470303
vt 0.184331 0.470303
vt 0.200268 0.470303
vt 0.056834 0.470303
vt 0.040897 0.470303
vt 0.050626 0.430308
vt 0.082007 0.430308
vt 0.082007 0.472027
vt 0.050626 0.472027
vt 0.113388 0.430308
vt 0.113388 0.472027
vt 0.144770 0.430308
vt 0.144770 0.472027
vt 0.140146 0.487354
vt 0.153488 0.479651
vt 0.166830 0.487354
vt 0.166830 0.502760
vt 0.153488 0.510464
vt 0.140146 0.502760
vt 0.140292 0.502760
vt 0.140292 0.487354
vt 0.153634 0.479651
vt 0.166977 0.487354
vt 0.166977 0.502760
vt 0.153634 0.510464
vt 0.703834 0.458447
vt 0.686489 0.458447
vt 0.686489 0.369975
vt 0.703834 0.369975
vt 0.634664 0.458447
vt 0.617319 0.458447
vt 0.617319 0.369975
vt 0.634664 0.369975
vt 0.652008 0.458447
vt 0.652008 0.369975
vt 0.669353 0.458447
vt 0.669353 0.369975
vt 0.686698 0.458447
vt 0.686698 0.369975
vt 0.704042 0.458447
vt 0.704042 0.369975
vt 0.092435 0.494828
vt 0.096289 0.482967
vt 0.106378 0.475636
vt 0.118850 0.475636
vt 0.128939 0.482967
vt 0.132793 0.494828
vt 0.128939 0.506689
vt 0.118850 0.514019
vt 0.106378 0.514019
vt 0.096289 0.506689
vt 0.104645 0.451923
vt 0.120582 0.451923
vt 0.136520 0.451923
vt 0.152457 0.451923
vt 0.168394 0.451923
vt 0.184331 0.451923
vt 0.200268 0.451923
vt 0.790185 0.161180
vt 0.774248 0.161180
vt 0.774248 0.130939
vt 0.790185 0.130939
vt 0.806122 0.161180
vt 0.806122 0.130939
vt 0.822060 0.161180
vt 0.822060 0.130939
vt 0.758311 0.161180
vt 0.742374 0.161180
vt 0.742374 0.130939
vt 0.758311 0.130939
vt 0.752202 0.620751
vt 0.744897 0.620751
vt 0.744897 0.617020
vt 0.752202 0.617020
vt 0.759508 0.620751
vt 0.759508 0.617020
vt 0.766813 0.620751
vt 0.766813 0.617020
vt 0.737667 0.620751
vt 0.730362 0.620751
vt 0.730362 0.617020
vt 0.737667 0.617020
vt 0.744972 0.620751
vt 0.744972 0.617020
vt 0.752277 0.620751
vt 0.752277 0.617020
vt 0.759583 0.620751
vt 0.759583 0.617020
vt 0.766888 0.620751
vt 0.766888 0.617020
vt 0.737592 0.620751
vt 0.730287 0.620751
vt 0.730287 0.617020
vt 0.737592 0.617020
vt 0.144274 0.993644
vt 0.139729 0.993644
vt 0.139729 0.965266
vt 0.144274 0.965266
vt 0.148819 0.993644
vt 0.148819 0.965266
vt 0.153364 0.993644
vt 0.153364 0.965266
vt 0.135184 0.993644
vt 0.130639 0.993644
vt 0.130639 0.965266
vt 0.135184 0.965266
vt 0.599241 0.747906
vt 0.603379 0.735171
vt 0.614213 0.727299
vt 0.627604 0.727299
vt 0.638438 0.735171
vt 0.642576 0.747906
vt 0.638438 0.760642
vt 0.627604 0.768514
vt 0.614213 0.768514
vt 0.603379 0.760642
vt 0.144274 0.996910
vt 0.139729 0.996910
vt 0.148819 0.996910
vt 0.153364 0.996910
vt 0.157909 0.996910
vt 0.157909 0.993644
vt 0.162454 0.996910
vt 0.162454 0.993644
vt 0.166999 0.996910
vt 0.166999 0.993644
vt 0.171544 0.996910
vt 0.171544 0.993644
vt 0.176089 0.996910
vt 0.176089 0.993644
vt 0.135184 0.996910
vt 0.130639 0.996910
s 0
f 1/1/1 2/2/2 3/3/3
f 1/4/4 3/3/3 4/5/5
f 1/6/6 4/5/5 5/7/7
f 1/8/8 5/7/9 365/9/10
f 1/10/11 365/9/12 7/11/13
f 8/12/14 3/3/15 2/2/16
f 2/2/17 9/13/18 8/12/19
f 10/14/20 4/5/21 3/3/22
f 3/3/22 8/12/23 10/14/24
f 11/15/25 5/7/26 4/5/27
f 4/5/28 10/14/29 11/15/25
f 12/16/30 365/9/31 5/7/32
f 5/7/33 11/15/34 12/16/30
f 13/17/35 8/12/36 9/13/37
f 9/13/37 14/18/38 13/17/39
f 15/19/40 10/14/41 8/12/42
f 8/12/43 13/17/44 15/19/45
f 16/20/46 11/15/47 10/14/48
f 10/14/48 15/19/45 16/20/49
f 367/21/50 12/16/51 11/15/52
f 11/15/52 16/20/53 367/21/54
f 18/22/55 13/17/56 14/18/57
f 14/18/58 19/23/59 18/22/55
f 20/24/60 15/19/61 13/17/62
f 13/17/62 18/22/63 20/24/64
f 21/25/65 16/20/66 15/19/67
f 15/19/67 20/24/68 21/25/65
f 22/26/69 367/21/70 16/20/71
f 16/20/71 21/25/72 22/26/69
f 1/1/73 7/2/74 23/3/75
f 1/4/76 23/3/75 24/5/77
f 1/6/78 24/5/79 25/7/80
f 1/8/81 25/7/82 26/9/83
f 1/10/84 26/9/83 2/11/85
f 27/15/86 25/7/87 24/5/88
f 24/5/89 28/14/90 27/15/91
f 29/16/92 26/9/93 25/7/94
f 25/7/94 27/15/95 29/16/96
f 9/27/97 2/11/98 26/9/99
f 26/9/99 29/16/100 9/27/97
f 30/20/101 27/15/102 28/14/103
f 28/14/103 361/19/104 30/20/101
f 32/21/105 29/16/106 27/15/107
f 27/15/107 30/20/108 32/21/109
f 14/28/110 9/27/111 29/16/112
f 29/16/113 32/21/114 14/28/110
f 33/25/115 30/20/116 361/19/117
f 361/19/117 34/24/118 33/25/115
f 35/26/119 32/21/120 30/20/121
f 30/20/121 33/25/122 35/26/119
f 19/29/123 14/28/124 32/21/125
f 32/21/126 35/26/127 19/29/123
f 36/30/128 37/31/129 38/32/130
f 36/33/131 38/32/132 39/34/133
f 36/35/134 39/34/133 40/36/135
f 36/37/134 40/36/136 41/38/137
f 36/39/138 41/38/137 42/40/139
f 43/41/140 38/32/141 37/31/142
f 37/31/142 44/42/143 43/41/144
f 45/43/145 39/34/146 38/32/147
f 38/32/148 43/41/149 45/43/150
f 46/44/151 40/36/152 39/34/153
f 39/34/153 45/43/154 46/44/151
f 47/45/155 41/38/156 40/36/157
f 40/36/157 46/44/158 47/45/155
f 48/46/159 42/40/160 41/38/161
f 41/38/161 47/45/162 48/46/159
f 49/17/163 43/12/164 44/13/165
f 44/13/165 50/18/166 49/17/163
f 51/19/167 45/14/168 43/12/164
f 43/12/169 49/17/163 51/19/170
f 52/20/171 46/15/172 45/14/173
f 45/14/174 51/19/175 52/20/171
f 53/21/176 47/16/177 46/15/178
f 46/15/179 52/20/180 53/21/181
f 54/28/182 48/27/183 47/16/184
f 47/16/185 53/21/186 54/28/182
f 55/22/187 49/17/188 50/18/189
f 50/18/190 56/23/191 55/22/187
f 57/24/192 51/19/193 49/17/194
f 49/17/194 55/22/195 57/24/196
f 58/25/197 52/20/198 51/19/199
f 51/19/199 57/24/200 58/25/197
f 59/26/201 53/21/202 52/20/203
f 52/20/203 58/25/204 59/26/205
f 60/29/206 54/28/207 53/21/208
f 53/21/209 59/26/210 60/29/206
f 36/30/211 42/31/212 61/32/213
f 36/33/214 61/32/215 366/34/216
f 36/35/217 366/34/218 364/36/219
f 36/37/220 364/36/221 354/38/222
f 36/39/223 354/38/224 37/40/225
f 63/41/226 61/32/227 42/31/228
f 42/31/228 48/42/226 63/41/226
f 44/46/229 37/40/230 354/38/231
f 354/38/231 31/45/229 44/46/229
f 17/17/232 63/12/233 48/13/234
f 48/13/234 54/18/232 17/17/232
f 50/28/235 44/27/236 31/16/236
f 31/16/236 370/21/235 50/28/235
f 67/22/237 17/17/238 54/18/238
f 54/18/238 60/23/237 67/22/237
f 56/29/239 50/28/240 370/21/240
f 370/21/240 68/26/239 56/29/239
f 69/47/241 70/48/242 71/49/243
f 71/49/243 72/50/244 69/47/245
f 73/51/246 74/52/247 70/48/242
f 70/48/242 69/47/248 73/51/246
f 75/53/249 76/54/250 74/52/251
f 74/52/251 73/51/246 75/53/249
f 413/55/252 414/56/253 76/54/254
f 76/54/254 75/53/255 413/55/252
f 77/57/256 69/47/257 72/50/244
f 72/50/258 78/58/259 77/57/260
f 79/59/261 73/51/246 69/47/262
f 69/47/263 77/57/264 79/59/261
f 80/60/265 75/53/266 73/51/246
f 73/51/267 79/59/261 80/60/268
f 417/61/269 413/55/270 75/53/266
f 75/53/266 80/60/271 417/61/272
f 81/62/273 77/57/274 78/58/275
f 78/58/259 82/63/276 81/62/277
f 83/64/278 79/59/261 77/57/279
f 77/57/279 81/62/280 83/64/281
f 84/65/282 80/60/283 79/59/261
f 79/59/284 83/64/285 84/65/286
f 419/66/287 417/61/288 80/60/265
f 80/60/265 84/65/282 419/66/289
f 85/67/290 81/62/291 82/63/292
f 82/63/292 86/68/293 85/67/290
f 87/69/294 83/64/281 81/62/295
f 81/62/295 85/67/290 87/69/294
f 88/70/296 84/65/282 83/64/285
f 83/64/285 87/69/297 88/70/298
f 421/71/299 419/66/300 84/65/286
f 84/65/286 88/70/298 421/71/299
f 89/47/301 90/48/242 91/49/243
f 91/49/302 92/50/244 89/47/245
f 93/51/246 94/52/247 90/48/242
f 90/48/242 89/47/303 93/51/246
f 95/53/249 96/54/304 94/52/251
f 94/52/251 93/51/246 95/53/305
f 97/55/252 98/56/306 96/54/307
f 96/54/307 95/53/249 97/55/308
f 99/57/256 89/47/241 92/50/244
f 92/50/258 100/58/259 99/57/260
f 101/59/261 93/51/309 89/47/310
f 89/47/262 99/57/311 101/59/312
f 102/60/283 95/53/249 93/51/246
f 93/51/309 101/59/284 102/60/283
f 407/61/313 97/55/270 95/53/266
f 95/53/249 102/60/314 407/61/269
f 103/62/315 99/57/256 100/58/316
f 100/58/275 104/63/292 103/62/273
f 105/64/278 101/59/312 99/57/317
f 99/57/279 103/62/280 105/64/318
f 106/65/282 102/60/319 101/59/284
f 101/59/312 105/64/285 106/65/282
f 409/66/320 407/61/288 102/60/265
f 102/60/319 106/65/321 409/66/322
f 107/67/323 103/62/324 104/63/325
f 104/63/292 108/68/293 107/67/323
f 109/69/326 105/64/285 103/62/327
f 103/62/295 107/67/328 109/69/297
f 110/70/296 106/65/321 105/64/285
f 105/64/285 109/69/297 110/70/298
f 411/71/299 409/66/329 106/65/321
f 106/65/286 110/70/330 411/71/331
f 111/72/332 112/73/333 113/54/334
f 113/54/335 114/52/332 111/72/332
f 112/73/333 115/74/336 116/75/336
f 116/75/336 113/54/337 112/73/337
f 115/74/336 117/76/338 118/77/338
f 118/77/338 116/75/339 115/74/340
f 119/58/341 120/50/342 121/78/343
f 121/78/344 122/79/345 119/58/346
f 123/60/347 124/53/348 400/51/349
f 400/51/350 125/59/351 123/60/352
f 126/80/353 127/81/354 124/53/355
f 124/53/356 123/60/357 126/80/358
f 122/82/359 121/83/360 127/81/361
f 127/81/362 126/80/363 122/82/364
f 128/63/365 119/58/366 122/79/367
f 122/79/368 129/84/369 128/63/370
f 130/65/371 123/60/372 125/59/373
f 125/59/374 131/64/375 130/65/376
f 132/85/377 126/80/358 123/60/378
f 123/60/379 130/65/380 132/85/381
f 129/86/382 122/82/383 126/80/384
f 126/80/385 132/85/386 129/86/387
f 133/87/388 134/68/389 128/63/390
f 128/63/391 129/84/392 133/87/393
f 398/69/394 135/70/395 130/65/396
f 130/65/397 131/64/398 398/69/399
f 135/70/400 136/88/401 132/85/402
f 132/85/377 130/65/403 135/70/404
f 136/88/405 133/89/406 129/86/407
f 129/86/408 132/85/409 136/88/405
f 400/51/410 124/53/348 112/73/333
f 112/73/333 111/72/332 400/51/411
f 112/73/337 124/53/412 127/81/413
f 127/81/413 115/74/336 112/73/414
f 115/74/339 127/81/415 121/83/416
f 121/83/417 117/76/418 115/74/419
f 137/72/420 138/73/421 139/54/421
f 139/54/422 140/52/420 137/72/420
f 138/73/421 141/74/423 142/75/423
f 142/75/423 139/54/424 138/73/421
f 141/74/423 143/76/425 144/77/425
f 144/77/425 142/75/423 141/74/423
f 383/58/426 382/50/427 145/78/428
f 145/78/429 146/79/430 383/58/431
f 147/60/432 148/53/433 384/51/434
f 384/51/434 385/59/351 147/60/435
f 149/80/436 150/81/437 148/53/438
f 148/53/439 147/60/357 149/80/358
f 146/82/359 145/83/440 150/81/441
f 150/81/442 149/80/363 146/82/364
f 151/63/443 383/58/444 146/79/445
f 146/79/446 152/84/447 151/63/448
f 153/65/449 147/60/450 385/59/451
f 385/59/452 154/64/375 153/65/371
f 155/85/402 149/80/358 147/60/453
f 147/60/379 153/65/380 155/85/377
f 152/86/454 146/82/455 149/80/384
f 149/80/384 155/85/456 152/86/387
f 156/87/457 157/68/458 151/63/459
f 151/63/460 152/84/461 156/87/462
f 371/69/463 158/70/395 153/65/464
f 153/65/396 154/64/398 371/69/465
f 158/70/400 159/88/466 155/85/402
f 155/85/402 153/65/403 158/70/395
f 159/88/467 156/89/406 152/86/408
f 152/86/408 155/85/409 159/88/405
f 384/51/468 148/53/469 160/73/470
f 160/73/471 301/72/472 384/51/468
f 160/73/473 148/53/474 150/81/475
f 150/81/437 161/74/476 160/73/471
f 161/74/477 150/81/478 145/83/440
f 145/83/479 162/76/480 161/74/481
f 163/58/482 395/50/483 164/78/484
f 164/78/485 165/79/486 163/58/487
f 166/60/488 167/53/489 168/51/490
f 168/51/491 389/59/492 166/60/493
f 169/80/494 170/81/495 167/53/496
f 167/53/497 166/60/498 169/80/499
f 165/82/500 164/83/501 170/81/502
f 170/81/502 169/80/503 165/82/500
f 64/63/504 163/58/505 165/79/506
f 165/79/507 171/84/508 64/63/509
f 172/65/510 166/60/493 389/59/511
f 389/59/511 66/64/512 172/65/513
f 173/85/514 169/80/494 166/60/515
f 166/60/516 172/65/517 173/85/518
f 171/86/519 165/82/520 169/80/521
f 169/80/522 173/85/523 171/86/519
f 162/87/524 174/68/525 64/63/526
f 64/63/527 171/84/528 162/87/529
f 301/69/530 160/70/471 172/65/531
f 172/65/532 66/64/533 301/69/534
f 160/70/471 161/88/476 173/85/514
f 173/85/535 172/65/536 160/70/471
f 161/88/481 162/89/480 171/86/537
f 171/86/538 173/85/539 161/88/540
f 168/51/541 167/53/542 175/73/543
f 175/73/543 390/72/544 168/51/541
f 175/73/545 167/53/497 170/81/546
f 170/81/547 176/74/548 175/73/545
f 176/74/549 170/81/550 164/83/551
f 164/83/551 177/76/552 176/74/549
f 390/72/544 175/73/545 178/90/553
f 178/90/543 392/91/544 390/72/544
f 175/73/545 176/74/548 179/92/548
f 179/92/548 178/90/545 175/73/545
f 176/74/548 177/76/552 180/93/552
f 180/93/552 179/92/548 176/74/548
f 162/94/554 145/78/555 382/50/556
f 382/50/557 174/95/558 162/94/559
f 181/96/560 182/97/561 183/98/562
f 183/98/562 184/99/563 181/96/564
f 185/100/565 181/96/564 184/99/566
f 184/99/566 186/101/567 185/100/565
f 187/102/568 185/100/569 186/101/570
f 186/101/570 188/103/571 187/102/568
f 189/104/572 187/102/568 188/103/573
f 188/103/573 190/105/574 189/104/572
f 191/106/575 189/104/576 190/105/577
f 190/105/578 192/107/579 191/106/575
f 193/108/580 191/106/575 192/107/581
f 192/107/582 194/109/583 193/108/580
f 195/110/584 193/108/580 194/109/585
f 194/109/586 196/111/587 195/110/584
f 197/112/588 195/110/589 196/111/590
f 196/111/590 198/113/591 197/112/588
f 199/114/592 197/115/588 198/116/593
f 198/116/594 200/117/595 199/114/592
f 182/97/596 199/114/597 200/117/598
f 200/117/598 183/98/599 182/97/561
f 201/118/600 202/119/601 203/120/602
f 203/120/603 204/121/604 205/122/605
f 205/122/605 206/123/606 207/124/607
f 207/124/608 208/125/609 209/126/610
f 205/122/605 207/124/608 209/126/611
f 203/120/602 205/122/605 209/126/610
f 201/118/612 203/120/602 209/126/610
f 210/127/613 201/118/612 209/126/610
f 202/128/614 201/129/615 182/97/616
f 182/97/617 181/96/618 202/128/619
f 203/130/620 202/128/621 181/96/622
f 181/96/622 185/100/623 203/130/624
f 204/131/625 203/130/626 185/100/627
f 185/100/628 187/102/629 204/131/630
f 205/132/631 204/131/632 187/102/633
f 187/102/633 189/104/634 205/132/635
f 206/133/636 205/132/637 189/104/638
f 189/104/639 191/106/640 206/133/636
f 207/134/641 206/133/642 191/106/643
f 191/106/643 193/108/644 207/134/641
f 208/135/645 207/134/646 193/108/647
f 193/108/648 195/110/649 208/135/650
f 209/136/651 208/135/652 195/110/653
f 195/110/653 197/112/654 209/136/655
f 210/137/656 209/138/657 197/115/658
f 197/115/658 199/114/659 210/137/660
f 201/129/661 210/137/662 199/114/663
f 199/114/664 182/97/665 201/129/666
f 211/139/667 212/140/668 213/141/668
f 213/141/668 214/142/667 211/139/667
f 212/140/668 215/143/669 216/144/669
f 216/144/669 213/141/668 212/140/668
f 215/143/669 217/145/670 218/146/670
f 218/146/670 216/144/669 215/143/669
f 215/147/671 212/148/671 211/149/671
f 211/149/671 381/150/671 219/151/671
f 215/147/671 211/149/671 219/151/671
f 217/152/671 215/147/671 219/151/671
f 220/153/672 214/154/672 213/155/672
f 213/155/672 216/156/672 218/157/672
f 220/153/672 213/155/672 218/157/672
f 221/158/672 220/153/672 218/157/672
f 222/139/673 223/140/674 224/141/674
f 224/141/674 225/142/673 222/139/673
f 223/140/674 226/143/675 227/144/675
f 227/144/675 224/141/674 223/140/674
f 226/143/676 228/145/677 229/146/677
f 229/146/677 227/144/675 226/143/675
f 226/147/678 223/148/678 222/149/678
f 222/149/678 230/150/678 231/151/678
f 226/147/678 222/149/678 231/151/678
f 228/152/678 226/147/678 231/151/678
f 399/153/679 225/154/679 224/155/679
f 224/155/679 227/156/679 229/157/679
f 399/153/679 224/155/679 229/157/679
f 232/158/679 399/153/679 229/157/679
f 233/139/673 234/140/674 235/141/674
f 235/141/674 236/142/673 233/139/673
f 234/140/674 237/143/675 238/144/675
f 238/144/675 235/141/674 234/140/674
f 237/143/675 239/145/677 240/146/677
f 240/146/677 238/144/675 237/143/675
f 237/147/678 234/148/678 233/149/678
f 233/149/678 241/150/678 242/151/678
f 237/147/678 233/149/678 242/151/678
f 239/152/678 237/147/678 242/151/678
f 243/153/679 236/154/679 235/155/679
f 235/155/679 238/156/679 240/157/679
f 243/153/679 235/155/679 240/157/679
f 244/158/679 243/153/679 240/157/679
f 245/139/673 246/140/674 247/141/674
f 247/141/674 248/142/673 245/139/673
f 246/140/674 249/143/675 250/144/675
f 250/144/675 247/141/674 246/140/674
f 249/143/675 251/145/677 391/146/677
f 391/146/680 250/144/675 249/143/675
f 249/147/678 246/148/678 245/149/678
f 245/149/678 252/150/678 394/151/678
f 249/147/678 245/149/678 394/151/678
f 251/152/678 249/147/678 394/151/678
f 253/153/679 248/154/679 247/155/679
f 247/155/679 250/156/679 391/157/679
f 253/153/679 247/155/679 391/157/679
f 393/158/679 253/153/679 391/157/679
f 254/139/673 255/140/674 256/141/674
f 256/141/674 257/142/673 254/139/673
f 255/140/674 258/143/675 259/144/675
f 259/144/675 256/141/674 255/140/674
f 258/143/675 423/145/677 260/146/677
f 260/146/677 259/144/675 258/143/675
f 427/153/679 257/154/679 256/155/679
f 256/155/679 259/156/679 260/157/679
f 427/153/679 256/155/679 260/157/679
f 425/158/679 427/153/679 260/157/679
f 261/159/681 262/160/682 353/161/682
f 353/161/682 264/162/681 261/159/681
f 265/163/683 261/164/684 264/165/685
f 264/165/685 266/166/683 265/163/683
f 267/167/686 265/163/687 266/166/688
f 266/166/688 268/168/686 267/167/686
f 269/169/689 267/167/690 268/168/690
f 268/168/691 270/170/692 269/169/692
f 271/171/693 269/169/694 270/170/694
f 270/170/694 272/172/695 271/171/695
f 344/173/696 271/171/697 272/172/698
f 272/172/699 274/174/696 344/173/696
f 275/175/700 276/176/701 277/177/702
f 277/177/702 278/178/703 279/179/704
f 279/179/705 280/180/706 281/181/707
f 281/181/707 282/182/708 283/183/709
f 279/179/705 281/181/707 283/183/709
f 277/177/710 279/179/705 283/183/709
f 275/175/711 277/177/710 283/183/709
f 284/184/712 275/175/700 283/183/713
f 276/128/714 275/129/715 285/97/716
f 285/97/717 286/96/718 276/128/719
f 277/130/720 276/128/721 286/96/722
f 286/96/723 358/100/724 277/130/725
f 278/131/726 277/130/727 358/100/728
f 358/100/729 288/102/730 278/131/731
f 279/132/732 278/131/733 288/102/734
f 288/102/730 289/104/735 279/132/736
f 280/133/737 279/132/738 289/104/739
f 289/104/740 290/106/741 280/133/737
f 281/134/742 280/133/743 290/106/741
f 290/106/744 291/108/745 281/134/742
f 282/135/746 281/134/747 291/108/748
f 291/108/748 292/110/749 282/135/750
f 283/136/751 282/135/752 292/110/753
f 292/110/754 293/112/755 283/136/751
f 284/137/756 283/138/757 293/115/758
f 293/115/759 294/114/760 284/137/761
f 275/129/762 284/137/763 294/114/764
f 294/114/765 285/97/766 275/129/767
f 288/102/734 358/100/768 262/185/682
f 262/185/682 261/186/681 288/102/734
f 289/104/739 288/102/734 261/186/684
f 261/186/685 265/187/683 289/104/769
f 290/106/770 289/104/769 265/187/687
f 265/187/687 267/188/686 290/106/744
f 291/108/748 290/106/771 267/188/690
f 267/188/691 269/189/692 291/108/748
f 292/110/772 291/108/748 269/189/694
f 269/189/694 271/190/773 292/110/772
f 293/112/759 292/110/753 271/190/697
f 271/190/774 344/191/696 293/112/759
f 295/192/775 296/193/776 297/194/777
f 297/194/778 298/195/779 295/192/775
f 299/196/780 295/192/775 298/195/781
f 298/195/781 300/197/782 299/196/783
f 62/198/784 299/196/785 300/197/786
f 300/197/786 374/199/671 62/198/787
f 302/200/788 303/201/789 304/202/790
f 304/202/790 305/203/791 302/200/788
f 296/193/776 302/200/792 305/203/793
f 305/203/794 297/194/795 296/193/776
f 306/204/796 307/205/797 296/206/798
f 296/206/798 295/207/799 306/204/800
f 308/208/801 306/204/802 295/207/803
f 295/207/803 299/209/804 308/208/805
f 309/210/806 308/208/807 299/209/808
f 299/209/808 62/211/809 309/210/810
f 310/212/811 309/213/812 62/214/813
f 62/214/814 311/215/815 310/212/815
f 312/216/816 310/212/817 311/215/817
f 311/215/817 313/217/818 312/216/818
f 314/218/819 312/216/820 313/217/820
f 313/217/820 315/219/821 314/218/822
f 316/220/823 314/218/824 315/219/824
f 315/219/825 317/221/823 316/220/823
f 318/222/826 316/220/827 317/221/827
f 317/221/828 303/223/829 318/222/830
f 319/224/831 318/225/832 303/226/833
f 303/226/789 302/227/834 319/224/835
f 307/205/836 319/224/837 302/227/838
f 302/227/839 296/206/840 307/205/841
f 320/228/775 321/229/776 322/230/777
f 322/230/777 323/231/842 320/228/775
f 324/232/785 320/228/843 323/231/781
f 323/231/844 325/233/782 324/232/780
f 326/234/784 324/232/785 325/233/786
f 325/233/786 327/235/671 326/234/787
f 328/236/788 329/237/789 330/238/845
f 330/238/845 331/239/791 328/236/792
f 321/229/846 328/236/792 331/239/793
f 331/239/793 322/230/795 321/229/776
f 332/240/847 333/241/848 334/242/849
f 334/242/849 335/243/850 336/244/851
f 336/244/851 337/245/852 338/246/853
f 338/246/853 339/247/854 340/248/855
f 336/244/851 338/246/856 340/248/855
f 334/242/849 336/244/851 340/248/855
f 332/240/847 334/242/849 340/248/855
f 341/249/857 332/240/847 340/248/855
f 333/250/858 332/251/859 321/229/798
f 321/229/798 320/228/799 333/250/858
f 334/252/860 333/250/861 320/228/803
f 320/228/803 324/232/804 334/252/860
f 335/253/862 334/252/863 324/232/808
f 324/232/808 326/234/784 335/253/864
f 336/254/865 335/253/866 326/234/813
f 326/234/814 342/255/815 336/254/865
f 337/256/867 336/254/868 342/255/869
f 342/255/817 343/257/818 337/256/870
f 338/258/871 337/256/872 343/257/873
f 343/257/873 376/259/821 338/258/871
f 339/260/874 338/258/875 376/259/824
f 376/259/876 379/261/877 339/260/874
f 340/262/878 339/260/879 379/261/827
f 379/261/828 329/263/829 340/262/878
f 341/264/880 340/265/881 329/237/833
f 329/237/789 328/236/834 341/264/882
f 332/251/883 341/264/884 328/236/839
f 328/236/839 321/229/840 332/251/885
f 346/163/886 344/164/887 274/165/887
f 274/165/887 347/166/888 346/163/888
f 348/167/889 346/163/890 347/166/891
f 347/166/891 349/168/889 348/167/889
f 350/169/892 348/167/893 349/168/893
f 349/168/894 351/170/895 350/169/895
f 262/171/896 350/169/897 351/170/897
f 351/170/898 353/172/899 262/171/899
f 355/104/900 293/102/901 344/186/887
f 344/186/887 346/187/902 355/104/903
f 356/106/904 355/104/903 346/187/890
f 346/187/890 348/188/889 356/106/905
f 357/108/906 356/106/905 348/188/893
f 348/188/907 350/189/895 357/108/908
f 358/110/909 357/108/910 350/189/897
f 350/189/911 262/190/899 358/110/912
f 287/12/913 23/3/914 7/2/915
f 7/2/915 273/13/916 287/12/917
f 28/14/918 24/5/919 23/3/920
f 23/3/921 287/12/922 28/14/918
f 359/17/923 287/12/924 273/13/925
f 273/13/925 360/18/926 359/17/923
f 361/19/927 28/14/928 287/12/929
f 287/12/930 359/17/931 361/19/932
f 362/22/933 359/17/934 360/18/935
f 360/18/936 363/23/937 362/22/933
f 34/24/938 361/19/939 359/17/940
f 359/17/941 362/22/942 34/24/943
f 273/27/944 7/11/945 365/9/946
f 365/9/947 12/16/948 273/27/949
f 360/28/950 273/27/951 12/16/952
f 12/16/953 367/21/954 360/28/955
f 363/29/956 360/28/957 367/21/958
f 367/21/959 22/26/960 363/29/956
f 345/43/961 366/34/962 61/32/963
f 61/32/964 63/41/965 345/43/966
f 263/44/967 364/36/968 366/34/969
f 366/34/970 345/43/971 263/44/967
f 31/45/972 354/38/973 364/36/974
f 364/36/975 263/44/976 31/45/977
f 6/19/978 345/14/979 63/12/980
f 63/12/981 17/17/982 6/19/978
f 369/20/983 263/15/984 345/14/985
f 345/14/986 6/19/987 369/20/988
f 370/21/989 31/16/990 263/15/991
f 263/15/992 369/20/993 370/21/994
f 372/24/995 6/19/996 17/17/997
f 17/17/998 67/22/999 372/24/1000
f 373/25/1001 369/20/1002 6/19/1003
f 6/19/1004 372/24/1005 373/25/1006
f 68/26/1007 370/21/1008 369/20/1009
f 369/20/1009 373/25/1010 68/26/1007
f 315/192/1011 313/193/1012 368/194/1013
f 368/194/1013 352/195/1014 315/192/1015
f 317/196/1016 315/192/1017 352/195/1018
f 352/195/1019 65/197/1020 317/196/1021
f 303/198/1022 317/196/1023 65/197/1024
f 65/197/1024 304/199/1025 303/198/1026
f 311/200/1027 62/201/1028 374/202/1029
f 374/202/1030 375/203/1031 311/200/1032
f 313/193/1033 311/200/1034 375/203/1035
f 375/203/1036 368/194/1037 313/193/1033
f 376/228/1015 343/229/1012 377/230/1038
f 377/230/1038 378/231/1014 376/228/1015
f 379/232/1021 376/228/1039 378/231/1018
f 378/231/1018 380/233/1020 379/232/1021
f 329/234/1022 379/232/1021 380/233/1024
f 380/233/1024 330/235/1025 329/234/1026
f 342/236/1032 326/237/1028 327/238/1029
f 327/238/1030 386/239/1031 342/236/1032
f 343/229/1033 342/236/1034 386/239/1035
f 386/239/1036 377/230/1037 343/229/1033
f 217/139/1040 219/140/1041 221/141/1041
f 221/141/1041 218/142/1040 217/139/1040
f 219/140/1041 381/143/1042 220/144/1042
f 220/144/1042 221/141/1041 219/140/1041
f 381/143/1042 211/145/1043 214/146/1043
f 214/146/1043 220/144/1042 381/143/1042
f 383/80/1044 384/53/1045 382/81/1046
f 384/53/1045 383/80/1044 385/60/1047
f 151/85/1048 385/60/1049 383/80/1050
f 385/60/1051 151/85/1052 154/65/1053
f 371/70/1054 151/85/1055 157/88/1054
f 151/85/1055 371/70/1056 154/65/1057
f 301/73/1058 382/81/1059 384/53/1060
f 382/81/1059 301/73/1058 174/74/1061
f 301/70/1062 64/85/1063 174/88/1064
f 64/85/1065 301/70/1066 66/65/1067
f 239/139/1068 242/140/1069 244/141/1069
f 244/141/1069 240/142/1068 239/139/1068
f 242/140/1069 241/143/1070 243/144/1070
f 243/144/1070 244/141/1069 242/140/1069
f 241/143/1070 233/145/1071 236/146/1071
f 236/146/1071 243/144/1070 241/143/1070
f 163/80/1072 168/53/1073 395/81/1074
f 168/53/1073 163/80/1075 389/60/1076
f 64/85/1077 389/60/1078 163/80/1079
f 389/60/1080 64/85/1081 66/65/1081
f 390/73/1082 395/81/1083 168/53/1084
f 395/81/1085 390/73/1082 396/74/1082
f 390/73/1082 397/92/1082 396/74/1082
f 397/92/1082 390/73/1082 392/90/1082
f 396/74/1086 395/81/1087 164/83/1088
f 164/83/1089 177/76/1090 396/74/1091
f 396/74/1092 177/76/1093 180/93/1093
f 180/93/1093 397/92/1094 396/74/1095
f 228/139/1068 231/140/1096 232/141/1096
f 232/141/1096 229/142/1068 228/139/1068
f 231/140/1096 230/143/1097 399/144/1097
f 399/144/1097 232/141/1096 231/140/1096
f 230/143/1097 222/145/1098 225/146/1098
f 225/146/1071 399/144/1097 230/143/1097
f 137/72/1099 402/54/1100 401/73/1101
f 402/54/1102 137/72/1103 140/52/1103
f 401/73/1104 144/75/1105 143/74/1105
f 144/75/1106 401/73/1107 402/54/1108
f 403/47/1109 405/49/1110 404/48/1110
f 405/49/1110 403/47/1111 406/50/1112
f 407/57/1113 406/50/1112 403/47/1111
f 406/50/1114 407/57/1115 408/58/1116
f 409/62/1117 408/58/1118 407/57/1119
f 408/58/1118 409/62/1120 410/63/1121
f 411/67/1122 410/63/1123 409/62/1117
f 410/63/1124 411/67/1125 412/68/1125
f 413/47/1111 415/49/1110 414/48/1110
f 415/49/1110 413/47/1126 416/50/1112
f 417/57/1115 416/50/1112 413/47/1111
f 416/50/1127 417/57/1115 418/58/1116
f 419/62/1117 418/58/1128 417/57/1129
f 418/58/1118 419/62/1117 420/63/1121
f 421/67/1130 420/63/1124 419/62/1131
f 420/63/1123 421/67/1122 422/68/1122
f 423/139/1132 424/140/1096 425/141/1096
f 425/141/1069 260/142/1068 423/139/1068
f 424/140/1096 426/143/1070 427/144/1070
f 427/144/1097 425/141/1096 424/140/1096
f 426/143/1097 254/145/1071 257/146/1071
f 257/146/1071 427/144/1097 426/143/1097
f 119/80/1133 400/53/1134 120/81/1135
f 400/53/1134 119/80/1133 125/60/1136
f 128/85/1137 125/60/1051 119/80/1138
f 125/60/1139 128/85/1052 131/65/1140
f 398/70/1141 128/85/1055 134/88/1141
f 128/85/1055 398/70/1056 131/65/1057
f 111/73/1142 120/81/1143 400/53/1144
f 120/81/1135 111/73/1145 388/74/1146
f 388/74/1146 121/83/1147 120/81/1148
f 121/83/1147 388/74/1146 117/76/1147
f 251/139/1149 394/140/1150 393/141/1150
f 393/141/1069 391/142/1068 251/139/1068
f 394/140/1150 252/143/1151 253/144/1151
f 253/144/1151 393/141/1150 394/140/1150
f 252/143/1151 245/145/1071 248/146/1071
f 248/146/1071 253/144/1151 252/143/1151
f 111/73/1142 387/75/1152 388/74/1153
f 387/75/1152 111/73/1145 114/54/1145
f 388/74/1153 118/77/1147 117/76/1147
f 118/77/1147 388/74/1153 387/75/1152
f 431/30/73 432/31/1154 433/32/1155
f 431/33/1156 433/32/1157 434/34/1158
f 431/35/78 434/34/1159 435/36/82
f 431/37/78 435/36/82 436/38/1160
f 431/39/1161 436/38/83 437/40/85
f 438/41/1162 433/32/1163 432/31/1164
f 432/31/1164 439/42/1165 438/41/1162
f 440/43/1166 434/34/1167 433/32/1168
f 433/32/1168 438/41/922 440/43/1169
f 441/44/1170 435/36/87 434/34/1171
f 434/34/1171 440/43/1172 441/44/86
f 442/45/1173 436/38/93 435/36/1174
f 435/36/94 441/44/1175 442/45/92
f 443/46/1176 437/40/98 436/38/99
f 436/38/99 442/45/1177 443/46/1176
f 444/17/1178 438/12/1179 439/13/1180
f 439/13/1180 445/18/1181 444/17/1182
f 446/19/1183 440/14/1184 438/12/924
f 438/12/1185 444/17/1178 446/19/1186
f 447/20/101 441/15/1187 440/14/1188
f 440/14/1188 446/19/1189 447/20/1190
f 448/21/1191 442/16/1192 441/15/1193
f 441/15/1194 447/20/1195 448/21/1196
f 449/28/1197 443/27/1198 442/16/1199
f 442/16/1200 448/21/1201 449/28/110
f 450/22/933 444/17/1202 445/18/1203
f 445/18/1203 451/23/937 450/22/1204
f 452/24/1205 446/19/1206 444/17/1207
f 444/17/1207 450/22/1208 452/24/1205
f 453/25/1209 447/20/116 446/19/1210
f 446/19/1211 452/24/1212 453/25/1213
f 454/26/1214 448/21/1215 447/20/121
f 447/20/1216 453/25/1217 454/26/1218
f 455/29/1219 449/28/1220 448/21/1221
f 448/21/1222 454/26/127 455/29/123
f 431/30/1 437/31/1223 456/32/1224
f 431/33/4 456/32/1225 610/34/1226
f 431/35/6 610/34/1226 609/36/1227
f 431/37/1228 609/36/1227 608/38/1229
f 431/39/1230 608/38/1231 432/40/1232
f 457/41/18 456/32/1233 437/31/16
f 437/31/16 443/42/18 457/41/18
f 439/46/1234 432/40/1235 608/38/1236
f 608/38/1236 430/45/1234 439/46/1234
f 429/17/38 457/12/37 443/13/37
f 443/13/37 449/18/38 429/17/38
f 445/28/1237 439/27/1238 430/16/1238
f 430/16/1238 612/21/1237 445/28/1237
f 460/22/1239 429/17/58 449/18/58
f 449/18/58 455/23/1239 460/22/1239
f 451/29/1240 445/28/1241 612/21/1241
f 612/21/1241 461/26/1240 451/29/1240
f 462/72/1242 463/73/1243 464/54/1244
f 464/54/1245 465/52/1242 462/72/1242
f 463/73/1246 466/74/1247 467/75/1248
f 467/75/1247 464/54/1244 463/73/1249
f 466/74/1248 468/76/1250 469/77/1250
f 469/77/1251 467/75/1252 466/74/1253
f 470/58/1254 471/50/1255 472/78/1256
f 472/78/1257 473/79/1258 470/58/1259
f 474/60/1260 475/53/1261 634/51/1262
f 634/51/1262 476/59/1263 474/60/1264
f 477/80/1265 478/81/1266 475/53/1267
f 475/53/1268 474/60/1269 477/80/1270
f 473/82/1271 472/83/1272 478/81/1273
f 478/81/1274 477/80/1275 473/82/1276
f 479/63/1277 470/58/1278 473/79/1279
f 473/79/1280 480/84/1281 479/63/1282
f 481/65/1283 474/60/1284 476/59/1285
f 476/59/1286 482/64/1287 481/65/1288
f 483/85/1289 477/80/1265 474/60/1290
f 474/60/1291 481/65/1292 483/85/1293
f 480/86/1294 473/82/1295 477/80/1296
f 477/80/1296 483/85/1297 480/86/1298
f 484/87/1299 485/68/1300 479/63/1301
f 479/63/1302 480/84/1303 484/87/1304
f 632/69/1305 486/70/1306 481/65/1307
f 481/65/1308 482/64/1309 632/69/1310
f 486/70/1311 487/88/1312 483/85/1289
f 483/85/1289 481/65/1313 486/70/1314
f 487/88/1315 484/89/1316 480/86/1317
f 480/86/1318 483/85/1319 487/88/1315
f 634/51/1320 475/53/1261 463/73/1243
f 463/73/1246 462/72/1242 634/51/1321
f 463/73/1244 475/53/1322 478/81/1266
f 478/81/1266 466/74/1248 463/73/1249
f 466/74/1253 478/81/1323 472/83/1324
f 472/83/1324 468/76/1250 466/74/1247
f 488/72/1325 489/73/1326 490/54/1326
f 490/54/1327 491/52/1325 488/72/1325
f 489/73/1328 492/74/1329 493/75/1329
f 493/75/1329 490/54/1326 489/73/1326
f 492/74/1329 494/76/1330 495/77/1330
f 495/77/1330 493/75/1329 492/74/1329
f 618/58/1331 617/50/1332 496/78/1333
f 496/78/1334 497/79/1335 618/58/1336
f 498/60/1337 499/53/1338 619/51/1339
f 619/51/1339 620/59/1340 498/60/1260
f 500/80/1270 501/81/1341 499/53/1342
f 499/53/1342 498/60/1290 500/80/1265
f 497/82/1271 496/83/1343 501/81/1344
f 501/81/1345 500/80/1346 497/82/1271
f 502/63/1347 618/58/1348 497/79/1349
f 497/79/1350 503/84/1351 502/63/1352
f 504/65/1353 498/60/1354 620/59/1285
f 620/59/1355 505/64/1287 504/65/1356
f 506/85/1289 500/80/1265 498/60/1291
f 498/60/1291 504/65/1292 506/85/1289
f 503/86/1298 497/82/1357 500/80/1358
f 500/80/1358 506/85/1359 503/86/1360
f 507/87/1361 508/68/1362 502/63/1363
f 502/63/1364 503/84/1365 507/87/1366
f 613/69/1305 509/70/1306 504/65/1307
f 504/65/1308 505/64/1309 613/69/1367
f 509/70/1368 510/88/1369 506/85/1289
f 506/85/1289 504/65/1370 509/70/1371
f 510/88/1315 507/89/1372 503/86/1318
f 503/86/1318 506/85/1319 510/88/1315
f 619/51/1373 499/53/1374 511/73/1375
f 511/73/1375 606/72/1376 619/51/1373
f 511/73/1377 499/53/1378 501/81/1341
f 501/81/1379 512/74/1380 511/73/1377
f 512/74/1381 501/81/1382 496/83/1383
f 496/83/1384 513/76/1385 512/74/1380
f 514/58/1386 629/50/1387 515/78/1388
f 515/78/1389 516/79/1390 514/58/1391
f 517/60/1392 518/53/1393 519/51/1394
f 519/51/1394 623/59/1395 517/60/1396
f 520/80/1397 521/81/1398 518/53/1399
f 518/53/1400 517/60/1401 520/80/1397
f 516/82/1402 515/83/1403 521/81/1404
f 521/81/1404 520/80/1405 516/82/1402
f 458/63/1406 514/58/1407 516/79/1408
f 516/79/1409 522/84/1410 458/63/1411
f 523/65/1412 517/60/1413 623/59/1414
f 623/59/1414 459/64/1415 523/65/1416
f 524/85/1417 520/80/1397 517/60/1418
f 517/60/1419 523/65/1420 524/85/1421
f 522/86/1422 516/82/1423 520/80/1424
f 520/80/1425 524/85/1426 522/86/1422
f 513/87/1427 525/68/1428 458/63/1429
f 458/63/1430 522/84/1431 513/87/1432
f 606/69/1433 511/70/1377 523/65/1434
f 523/65/1434 459/64/1435 606/69/1436
f 511/70/1377 512/88/1380 524/85/1437
f 524/85/1438 523/65/1439 511/70/1377
f 512/88/1380 513/89/1385 522/86/1440
f 522/86/1441 524/85/1442 512/88/1443
f 519/51/1444 518/53/1445 526/73/1446
f 526/73/1447 624/72/1448 519/51/1444
f 526/73/1446 518/53/1400 521/81/1449
f 521/81/1449 527/74/1450 526/73/1446
f 527/74/1450 521/81/1451 515/83/1452
f 515/83/1452 528/76/1453 527/74/1450
f 624/72/1448 526/73/1446 529/90/1454
f 529/90/1446 626/91/1448 624/72/1448
f 526/73/1446 527/74/1455 530/92/1455
f 530/92/1455 529/90/1446 526/73/1446
f 527/74/1450 528/76/1453 531/93/1453
f 531/93/1453 530/92/1450 527/74/1450
f 513/94/1456 496/78/1457 617/50/1458
f 617/50/1459 525/95/1460 513/94/1461
f 532/96/1462 533/97/1463 534/98/1464
f 534/98/1465 535/99/1466 532/96/1467
f 536/100/1468 532/96/1467 535/99/1469
f 535/99/1469 537/101/1470 536/100/1468
f 538/102/1471 536/100/1472 537/101/1473
f 537/101/1473 539/103/1474 538/102/1471
f 540/104/1475 538/102/1476 539/103/1477
f 539/103/1477 541/105/1478 540/104/1475
f 542/106/1479 540/104/1480 541/105/1481
f 541/105/1482 543/107/1483 542/106/1479
f 544/108/1484 542/106/1479 543/107/1485
f 543/107/1486 545/109/1487 544/108/1488
f 546/110/1489 544/108/1490 545/109/1491
f 545/109/1492 547/111/1493 546/110/1494
f 548/112/1495 546/110/1496 547/111/1497
f 547/111/1498 549/113/1499 548/112/1500
f 550/114/1501 548/115/1495 549/116/1502
f 549/116/1503 551/117/1504 550/114/1505
f 533/97/1506 550/114/1505 551/117/1507
f 551/117/1507 534/98/1508 533/97/1509
f 552/118/1510 553/119/1511 554/120/1512
f 554/120/1512 555/121/1513 556/122/1514
f 556/122/1514 557/123/1515 558/124/1516
f 558/124/1517 559/125/1518 560/126/1519
f 556/122/1520 558/124/1517 560/126/1521
f 554/120/1522 556/122/1514 560/126/1523
f 552/118/1510 554/120/1522 560/126/1523
f 561/127/1524 552/118/1510 560/126/1523
f 553/128/1525 552/129/1526 533/97/1527
f 533/97/1527 532/96/1528 553/128/1525
f 554/130/1529 553/128/1530 532/96/1531
f 532/96/1531 536/100/1532 554/130/1529
f 555/131/1533 554/130/1534 536/100/1535
f 536/100/1536 538/102/1537 555/131/1538
f 556/132/1539 555/131/1540 538/102/1541
f 538/102/1541 540/104/1542 556/132/1543
f 557/133/1544 556/132/1545 540/104/1546
f 540/104/1547 542/106/1548 557/133/1549
f 558/134/1550 557/133/1551 542/106/1552
f 542/106/1552 544/108/1553 558/134/1550
f 559/135/1554 558/134/1555 544/108/1556
f 544/108/1556 546/110/1557 559/135/1558
f 560/136/1559 559/135/1560 546/110/1561
f 546/110/1561 548/112/1562 560/136/1559
f 561/137/1563 560/138/1564 548/115/1565
f 548/115/1566 550/114/1567 561/137/1568
f 552/129/1569 561/137/1570 550/114/1571
f 550/114/1572 533/97/1573 552/129/1569
f 562/139/1574 563/140/1575 564/141/1576
f 564/141/1575 565/142/1574 562/139/1574
f 563/140/1576 566/143/1577 567/144/1578
f 567/144/1577 564/141/1576 563/140/1575
f 566/143/1578 568/145/1579 569/146/1579
f 569/146/1579 567/144/1578 566/143/1577
f 566/147/1580 563/148/1580 562/149/1580
f 562/149/1580 616/150/1580 570/151/1580
f 566/147/1580 562/149/1580 570/151/1580
f 568/152/1580 566/147/1580 570/151/1580
f 571/153/1581 565/154/1581 564/155/1581
f 564/155/1581 567/156/1581 569/157/1581
f 571/153/1581 564/155/1581 569/157/1581
f 572/158/1581 571/153/1581 569/157/1581
f 573/139/1151 574/140/1582 575/141/1582
f 575/141/1582 576/142/1151 573/139/1151
f 574/140/1071 577/143/1583 578/144/1583
f 578/144/1583 575/141/1071 574/140/1071
f 577/143/1584 579/145/674 580/146/674
f 580/146/674 578/144/1583 577/143/1583
f 577/147/678 574/148/678 573/149/678
f 573/149/678 581/150/678 582/151/678
f 577/147/678 573/149/678 582/151/678
f 579/152/678 577/147/678 582/151/678
f 633/153/679 576/154/679 575/155/679
f 575/155/679 578/156/679 580/157/679
f 633/153/679 575/155/679 580/157/679
f 583/158/679 633/153/679 580/157/679
f 584/139/1151 585/140/1582 586/141/1582
f 586/141/1071 587/142/1151 584/139/1151
f 585/140/1071 588/143/1583 589/144/1583
f 589/144/1583 586/141/1582 585/140/1071
f 588/143/1583 590/145/674 591/146/674
f 591/146/674 589/144/673 588/143/673
f 588/147/678 585/148/678 584/149/678
f 584/149/678 592/150/678 593/151/678
f 588/147/678 584/149/678 593/151/678
f 590/152/678 588/147/678 593/151/678
f 594/153/679 587/154/679 586/155/679
f 586/155/679 589/156/679 591/157/679
f 594/153/679 586/155/679 591/157/679
f 595/158/679 594/153/679 591/157/679
f 596/139/1151 597/140/1071 598/141/1071
f 598/141/1071 599/142/1151 596/139/1151
f 597/140/1582 600/143/1583 601/144/1583
f 601/144/1583 598/141/1582 597/140/1582
f 600/143/673 602/145/1585 625/146/1585
f 625/146/1585 601/144/673 600/143/673
f 600/147/678 597/148/678 596/149/678
f 596/149/678 603/150/678 628/151/678
f 600/147/678 596/149/678 628/151/678
f 602/152/678 600/147/678 628/151/678
f 604/153/679 599/154/679 598/155/679
f 598/155/679 601/156/679 625/157/679
f 604/153/679 598/155/679 625/157/679
f 627/158/679 604/153/679 625/157/679
f 607/43/24 610/34/1586 456/32/1587
f 456/32/1588 457/41/23 607/43/24
f 605/44/25 609/36/26 610/34/28
f 610/34/28 607/43/29 605/44/1589
f 430/45/1590 608/38/1591 609/36/1592
f 609/36/33 605/44/34 430/45/1593
f 428/19/1594 607/14/1595 457/12/1596
f 457/12/1597 429/17/1598 428/19/1594
f 611/20/46 605/15/1599 607/14/1600
f 607/14/1601 428/19/40 611/20/49
f 612/21/1602 430/16/1603 605/15/1604
f 605/15/1605 611/20/53 612/21/1606
f 614/24/64 428/19/1607 429/17/1608
f 429/17/1608 460/22/63 614/24/64
f 615/25/65 611/20/1609 428/19/67
f 428/19/67 614/24/68 615/25/65
f 461/26/1610 612/21/1611 611/20/71
f 611/20/71 615/25/72 461/26/1612
f 568/139/1613 570/140/1614 572/141/1615
f 572/141/1614 569/142/1613 568/139/1613
f 570/140/1615 616/143/1616 571/144/1617
f 571/144/1616 572/141/1615 570/140/1614
f 616/143/1617 562/145/1618 565/146/1618
f 565/146/1618 571/144/1617 616/143/1616
f 618/80/1619 619/53/1620 617/81/1621
f 619/53/1622 618/80/1619 620/60/1623
f 502/85/1624 620/60/1625 618/80/1626
f 620/60/1625 502/85/1624 505/65/1627
f 613/70/1628 502/85/1629 508/88/1628
f 502/85/1629 613/70/1630 505/65/1631
f 606/73/1632 617/81/1633 619/53/1620
f 617/81/1633 606/73/1632 525/74/1634
f 606/70/1635 458/85/1636 525/88/1637
f 458/85/1638 606/70/1639 459/65/1640
f 590/139/1641 593/140/680 595/141/680
f 595/141/677 591/142/1641 590/139/1641
f 593/140/677 592/143/1642 594/144/1642
f 594/144/1642 595/141/680 593/140/677
f 592/143/1642 584/145/1069 587/146/1069
f 587/146/1069 594/144/1068 592/143/1068
f 514/80/1643 519/53/1644 629/81/1645
f 519/53/1644 514/80/1643 623/60/1646
f 458/85/1647 623/60/1648 514/80/1649
f 623/60/1650 458/85/1651 459/65/1651
f 624/73/1652 629/81/1653 519/53/1654
f 629/81/1655 624/73/1652 630/74/1652
f 624/73/1652 631/92/1652 630/74/1652
f 631/92/1652 624/73/1652 626/90/1652
f 630/74/1656 629/81/1657 515/83/1658
f 515/83/1659 528/76/1660 630/74/1661
f 630/74/1662 528/76/1660 531/93/1660
f 531/93/1660 631/92/1663 630/74/1664
f 579/139/675 582/140/677 583/141/677
f 583/141/677 580/142/675 579/139/675
f 582/140/677 581/143/1068 633/144/1068
f 633/144/1068 583/141/677 582/140/677
f 581/143/1068 573/145/1069 576/146/1069
f 576/146/1069 633/144/1068 581/143/1068
f 488/72/1665 636/54/1666 635/73/1667
f 636/54/1668 488/72/1665 491/52/1665
f 635/73/1669 495/75/1670 494/74/1670
f 495/75/1670 635/73/1669 636/54/1671
f 470/80/1672 634/53/1673 471/81/1674
f 634/53/1675 470/80/1672 476/60/1676
f 479/85/1677 476/60/1625 470/80/1626
f 476/60/1625 479/85/1677 482/65/1627
f 632/70/1678 479/85/1629 485/88/1678
f 479/85/1629 632/70/1630 482/65/1679
f 462/73/1680 471/81/1681 634/53/1675
f 471/81/1674 462/73/1682 622/74/1683
f 622/74/1684 472/83/1685 471/81/1681
f 472/83/1685 622/74/1684 468/76/1685
f 602/139/1641 628/140/680 627/141/680
f 627/141/680 625/142/1641 602/139/1641
f 628/140/1686 603/143/1642 604/144/1642
f 604/144/1642 627/141/1686 628/140/1686
f 603/143/1642 596/145/1150 599/146/1150
f 599/146/1150 604/144/1642 603/143/1642
f 462/73/1682 621/75/1687 622/74/1688
f 621/75/1689 462/73/1680 465/54/1680
f 622/74/1688 469/77/1685 468/76/1685
f 469/77/1685 622/74/1688 621/75/1687
f 640/30/211 641/31/1690 642/32/1691
f 640/33/1692 642/32/1691 643/34/1693
f 640/35/217 643/34/1693 644/36/1694
f 640/37/217 644/36/1695 645/38/1696
f 640/39/223 645/38/1697 646/40/225
f 647/41/1698 642/32/1699 641/31/228
f 641/31/228 648/42/1700 647/41/1698
f 649/43/961 643/34/1701 642/32/1702
f 642/32/1702 647/41/1703 649/43/1704
f 650/44/1705 644/36/968 643/34/970
f 643/34/970 649/43/1706 650/44/1705
f 651/45/1707 645/38/973 644/36/1708
f 644/36/1709 650/44/1710 651/45/972
f 652/46/1711 646/40/1712 645/38/1713
f 645/38/1714 651/45/1715 652/46/1711
f 653/17/1716 647/12/1717 648/13/234
f 648/13/234 654/18/232 653/17/1716
f 655/19/1718 649/14/1719 647/12/1720
f 647/12/1721 653/17/1722 655/19/1723
f 656/20/988 650/15/1724 649/14/1725
f 649/14/1725 655/19/1726 656/20/1727
f 657/21/1728 651/16/1729 650/15/991
f 650/15/992 656/20/1730 657/21/1731
f 658/28/1732 652/27/1733 651/16/1734
f 651/16/1735 657/21/1736 658/28/1732
f 659/22/1737 653/17/1738 654/18/1739
f 654/18/1739 660/23/1740 659/22/1737
f 661/24/1741 655/19/1742 653/17/1743
f 653/17/1743 659/22/1744 661/24/995
f 662/25/1745 656/20/1746 655/19/1747
f 655/19/1003 661/24/1748 662/25/1749
f 663/26/1750 657/21/1751 656/20/1009
f 656/20/1752 662/25/1753 663/26/1754
f 664/29/1755 658/28/1756 657/21/1757
f 657/21/1758 663/26/1759 664/29/239
f 640/30/1760 646/31/1761 665/32/1762
f 640/33/1763 665/32/1764 819/34/1765
f 640/35/134 819/34/1765 818/36/1766
f 640/37/1767 818/36/1766 817/38/1768
f 640/39/1769 817/38/1770 641/40/1771
f 666/41/1772 665/32/1773 646/31/142
f 646/31/142 652/42/1772 666/41/1772
f 648/46/1774 641/40/1775 817/38/1776
f 817/38/1776 639/45/1774 648/46/1774
f 638/17/1777 666/12/165 652/13/165
f 652/13/165 658/18/1777 638/17/1777
f 654/28/1778 648/27/1779 639/16/1779
f 639/16/1779 821/21/1778 654/28/1778
f 669/22/1780 638/17/1781 658/18/1781
f 658/18/1781 664/23/1780 669/22/1780
f 660/29/1782 654/28/1783 821/21/1783
f 821/21/1783 670/26/1782 660/29/1782
f 671/72/1784 672/73/1785 673/54/1786
f 673/54/1787 674/52/1784 671/72/1784
f 672/73/1788 675/74/1789 676/75/1790
f 676/75/1790 673/54/1786 672/73/1791
f 675/74/1790 677/76/1792 678/77/1792
f 678/77/1792 676/75/1793 675/74/1794
f 679/58/1795 680/50/1796 681/78/1797
f 681/78/1798 682/79/1799 679/58/1800
f 683/60/1801 684/53/1802 843/51/1803
f 843/51/1803 685/59/1804 683/60/1805
f 686/80/1806 687/81/1807 684/53/1808
f 684/53/1809 683/60/1810 686/80/1806
f 682/82/1811 681/83/1812 687/81/1813
f 687/81/1813 686/80/1814 682/82/1815
f 688/63/1816 679/58/1817 682/79/1818
f 682/79/1819 689/84/1820 688/63/1821
f 690/65/1822 683/60/1823 685/59/1824
f 685/59/1825 691/64/1826 690/65/1827
f 692/85/1828 686/80/1829 683/60/1830
f 683/60/1831 690/65/1832 692/85/1833
f 689/86/1834 682/82/1835 686/80/1836
f 686/80/1836 692/85/1837 689/86/1838
f 693/87/1839 694/68/1840 688/63/1841
f 688/63/1842 689/84/1843 693/87/1844
f 841/69/1845 695/70/1846 690/65/1847
f 690/65/1848 691/64/1849 841/69/1850
f 695/70/1851 696/88/1852 692/85/1828
f 692/85/1828 690/65/1853 695/70/1854
f 696/88/1855 693/89/1856 689/86/1857
f 689/86/1858 692/85/1859 696/88/1855
f 843/51/1860 684/53/1802 672/73/1785
f 672/73/1788 671/72/1784 843/51/1861
f 672/73/1786 684/53/1862 687/81/1863
f 687/81/1864 675/74/1790 672/73/1791
f 675/74/1793 687/81/1865 681/83/1866
f 681/83/1866 677/76/1867 675/74/1794
f 697/72/1868 698/73/1869 699/54/1869
f 699/54/1870 700/52/1868 697/72/1868
f 698/73/1871 701/74/1872 702/75/1872
f 702/75/1872 699/54/1869 698/73/1869
f 701/74/1873 703/76/1874 704/77/1874
f 704/77/1874 702/75/1873 701/74/1873
f 827/58/1875 826/50/1876 705/78/1877
f 705/78/1878 706/79/1879 827/58/1880
f 707/60/1881 708/53/1882 828/51/1883
f 828/51/1883 829/59/1804 707/60/1801
f 709/80/1806 710/81/1884 708/53/1885
f 708/53/1886 707/60/1830 709/80/1829
f 706/82/1815 705/83/1887 710/81/1888
f 710/81/1888 709/80/1814 706/82/1889
f 711/63/1890 827/58/1891 706/79/1892
f 706/79/1893 712/84/1894 711/63/1895
f 713/65/1896 707/60/1823 829/59/1824
f 829/59/1897 714/64/1826 713/65/1822
f 715/85/1828 709/80/1829 707/60/1898
f 707/60/1899 713/65/1832 715/85/1828
f 712/86/1838 706/82/1835 709/80/1900
f 709/80/1900 715/85/1901 712/86/1902
f 716/87/1903 717/68/1904 711/63/1905
f 711/63/1906 712/84/1907 716/87/1908
f 822/69/1909 718/70/1910 713/65/1911
f 713/65/1911 714/64/1849 822/69/1912
f 718/70/1913 719/88/1914 715/85/1828
f 715/85/1828 713/65/1853 718/70/1854
f 719/88/1915 716/89/1856 712/86/1858
f 712/86/1858 715/85/1859 719/88/1855
f 828/51/1916 708/53/1882 720/73/1917
f 720/73/1918 815/72/1919 828/51/1916
f 720/73/1920 708/53/1921 710/81/1922
f 710/81/1923 721/74/1924 720/73/1925
f 721/74/1926 710/81/1927 705/83/1928
f 705/83/1929 722/76/1930 721/74/1931
f 723/58/1932 838/50/1933 724/78/1934
f 724/78/1935 725/79/1936 723/58/1937
f 726/60/1938 727/53/1939 728/51/1940
f 728/51/1941 832/59/1942 726/60/1943
f 729/80/1944 730/81/1945 727/53/1946
f 727/53/1947 726/60/1948 729/80/1944
f 725/82/1949 724/83/1950 730/81/1951
f 730/81/1951 729/80/1952 725/82/1949
f 667/63/1953 723/58/1954 725/79/1955
f 725/79/1956 731/84/1957 667/63/1958
f 732/65/1959 726/60/1960 832/59/1961
f 832/59/1961 668/64/1962 732/65/1963
f 733/85/1964 729/80/1965 726/60/1966
f 726/60/1967 732/65/1968 733/85/1969
f 731/86/1970 725/82/1971 729/80/1972
f 729/80/1973 733/85/1974 731/86/1970
f 722/87/1975 734/68/1976 667/63/1977
f 667/63/1978 731/84/1979 722/87/1980
f 815/69/1981 720/70/1920 732/65/1982
f 732/65/1982 668/64/1983 815/69/1984
f 720/70/1920 721/88/1926 733/85/1985
f 733/85/1969 732/65/1986 720/70/1920
f 721/88/1924 722/89/1930 731/86/1987
f 731/86/1988 733/85/1989 721/88/1990
f 728/51/1991 727/53/1992 735/73/1993
f 735/73/1994 833/72/1995 728/51/1991
f 735/73/1993 727/53/1947 730/81/1996
f 730/81/1996 736/74/1997 735/73/1993
f 736/74/1997 730/81/1998 724/83/1999
f 724/83/2000 737/76/2001 736/74/2002
f 833/72/1995 735/73/1993 738/90/2003
f 738/90/1994 835/91/1995 833/72/1995
f 735/73/1993 736/74/2002 739/92/2002
f 739/92/2002 738/90/1993 735/73/1993
f 736/74/2002 737/76/2001 740/93/2001
f 740/93/2001 739/92/1997 736/74/1997
f 722/94/2004 705/78/2005 826/50/2006
f 826/50/2007 734/95/2008 722/94/2009
f 741/96/2010 742/97/2011 743/98/2012
f 743/98/2013 744/99/2014 741/96/2015
f 745/100/2016 741/96/2015 744/99/2017
f 744/99/2017 746/101/2018 745/100/2016
f 747/102/2019 745/100/2020 746/101/2021
f 746/101/2021 748/103/2022 747/102/2019
f 749/104/2023 747/102/2024 748/103/2025
f 748/103/2026 750/105/2027 749/104/2023
f 751/106/2028 749/104/2029 750/105/2030
f 750/105/2031 752/107/2032 751/106/2033
f 753/108/2034 751/106/2035 752/107/2036
f 752/107/2037 754/109/2038 753/108/2034
f 755/110/2039 753/108/2040 754/109/2041
f 754/109/2042 756/111/2043 755/110/2039
f 757/112/2044 755/110/2045 756/111/2046
f 756/111/2046 758/113/2047 757/112/2048
f 759/114/2049 757/115/2050 758/116/2051
f 758/116/2052 760/117/2053 759/114/2054
f 742/97/2055 759/114/2054 760/117/2056
f 760/117/2056 743/98/2057 742/97/2058
f 761/118/2059 762/119/2060 763/120/2061
f 763/120/2062 764/121/2063 765/122/2064
f 765/122/2064 766/123/2065 767/124/2066
f 767/124/2067 768/125/2068 769/126/2069
f 765/122/2070 767/124/2067 769/126/2071
f 763/120/2061 765/122/2064 769/126/2071
f 761/118/2072 763/120/2061 769/126/2069
f 770/127/2073 761/118/2059 769/126/2074
f 762/128/2075 761/129/2076 742/97/2077
f 742/97/2077 741/96/2078 762/128/2079
f 763/130/2080 762/128/2081 741/96/2082
f 741/96/2082 745/100/2083 763/130/2080
f 764/131/2084 763/130/2085 745/100/2086
f 745/100/2087 747/102/2088 764/131/2089
f 765/132/2090 764/131/2091 747/102/2092
f 747/102/2093 749/104/2094 765/132/2095
f 766/133/2096 765/132/2097 749/104/2098
f 749/104/2099 751/106/2100 766/133/2101
f 767/134/2102 766/133/2103 751/106/2104
f 751/106/2104 753/108/2105 767/134/2102
f 768/135/2106 767/134/2107 753/108/2108
f 753/108/2108 755/110/2109 768/135/2110
f 769/136/2111 768/135/2112 755/110/2113
f 755/110/2113 757/112/2114 769/136/2111
f 770/137/2115 769/138/2116 757/115/2117
f 757/115/2117 759/114/2118 770/137/2119
f 761/129/2120 770/137/2121 759/114/2122
f 759/114/2123 742/97/2124 761/129/2120
f 771/139/2125 772/140/2126 773/141/2127
f 773/141/2126 774/142/1043 771/139/1043
f 772/140/2127 775/143/2128 776/144/2129
f 776/144/2128 773/141/2127 772/140/2126
f 775/143/2129 777/145/1040 778/146/1040
f 778/146/1040 776/144/2129 775/143/2128
f 775/147/1025 772/148/1025 771/149/1025
f 771/149/1025 825/150/1025 779/151/1025
f 775/147/1025 771/149/1025 779/151/1025
f 777/152/1025 775/147/1025 779/151/1025
f 780/153/2130 774/154/2130 773/155/2130
f 773/155/2130 776/156/2130 778/157/2130
f 780/153/2130 773/155/2130 778/157/2130
f 781/158/2130 780/153/2130 778/157/2130
f 782/139/1642 783/140/1150 784/141/1150
f 784/141/1150 785/142/1642 782/139/1642
f 783/140/1150 786/143/1151 787/144/1151
f 787/144/1151 784/141/1150 783/140/1150
f 786/143/2131 788/145/1071 789/146/1071
f 789/146/1071 787/144/1151 786/143/1151
f 786/147/678 783/148/678 782/149/678
f 782/149/678 790/150/678 791/151/678
f 786/147/678 782/149/678 791/151/678
f 788/152/678 786/147/678 791/151/678
f 842/153/679 785/154/679 784/155/679
f 784/155/679 787/156/679 789/157/679
f 842/153/679 784/155/679 789/157/679
f 792/158/679 842/153/679 789/157/679
f 793/139/1642 794/140/1150 795/141/1150
f 795/141/1150 796/142/1642 793/139/1642
f 794/140/1069 797/143/1151 798/144/1151
f 798/144/1151 795/141/1150 794/140/1069
f 797/143/1151 799/145/1582 800/146/1582
f 800/146/1582 798/144/1151 797/143/1151
f 797/147/678 794/148/678 793/149/678
f 793/149/678 801/150/678 802/151/678
f 797/147/678 793/149/678 802/151/678
f 799/152/678 797/147/678 802/151/678
f 803/153/679 796/154/679 795/155/679
f 795/155/679 798/156/679 800/157/679
f 803/153/679 795/155/679 800/157/679
f 804/158/679 803/153/679 800/157/679
f 805/139/1642 806/140/1150 807/141/1150
f 807/141/1150 808/142/1642 805/139/1642
f 806/140/1150 809/143/1151 810/144/1151
f 810/144/1151 807/141/1150 806/140/1150
f 809/143/2132 811/145/1582 834/146/1582
f 834/146/1582 810/144/1070 809/143/1070
f 809/147/678 806/148/678 805/149/678
f 805/149/678 812/150/678 837/151/678
f 809/147/678 805/149/678 837/151/678
f 811/152/678 809/147/678 837/151/678
f 813/153/679 808/154/679 807/155/679
f 807/155/679 810/156/679 834/157/679
f 813/153/679 807/155/679 834/157/679
f 836/158/679 813/153/679 834/157/679
f 816/43/150 819/34/2133 665/32/2134
f 665/32/148 666/41/2135 816/43/2136
f 814/44/2137 818/36/152 819/34/153
f 819/34/153 816/43/154 814/44/2138
f 639/45/155 817/38/156 818/36/2139
f 818/36/157 814/44/158 639/45/2140
f 637/19/2141 816/14/2142 666/12/2143
f 666/12/2144 638/17/2145 637/19/2146
f 820/20/2147 814/15/2148 816/14/173
f 816/14/174 637/19/2149 820/20/2150
f 821/21/2151 639/16/2152 814/15/2153
f 814/15/179 820/20/2154 821/21/181
f 823/24/192 637/19/2155 638/17/2156
f 638/17/2156 669/22/195 823/24/192
f 824/25/2157 820/20/2158 637/19/199
f 637/19/199 823/24/200 824/25/2157
f 670/26/2159 821/21/2160 820/20/203
f 820/20/2161 824/25/2162 670/26/205
f 777/139/670 779/140/2163 781/141/2164
f 781/141/2163 778/142/2165 777/139/2165
f 779/140/2164 825/143/2166 780/144/2167
f 780/144/2166 781/141/2164 779/140/2163
f 825/143/2167 771/145/667 774/146/667
f 774/146/667 780/144/2167 825/143/2167
f 827/80/2168 828/53/2169 826/81/2170
f 828/53/2171 827/80/2172 829/60/2173
f 711/85/2174 829/60/2175 827/80/2176
f 829/60/2175 711/85/2177 714/65/2178
f 822/70/2179 711/85/2180 717/88/2179
f 711/85/2180 822/70/2181 714/65/2182
f 815/73/2183 826/81/2184 828/53/2169
f 826/81/2184 815/73/2183 734/74/2185
f 815/70/2186 667/85/2187 734/88/2188
f 667/85/2189 815/70/2190 668/65/2191
f 799/139/1583 802/140/1585 804/141/1585
f 804/141/1585 800/142/1583 799/139/1583
f 802/140/1585 801/143/1641 803/144/1641
f 803/144/1641 804/141/1585 802/140/1585
f 801/143/1641 793/145/680 796/146/680
f 796/146/677 803/144/675 801/143/675
f 723/80/2192 728/53/2193 838/81/2194
f 728/53/2193 723/80/2192 832/60/2195
f 667/85/2196 832/60/2197 723/80/2198
f 832/60/2199 667/85/2200 668/65/2200
f 833/73/2201 838/81/2202 728/53/2203
f 838/81/2204 833/73/2205 839/74/2205
f 833/73/2205 840/92/2205 839/74/2205
f 840/92/2205 833/73/2205 835/90/2205
f 839/74/2206 838/81/2207 724/83/2208
f 724/83/2209 737/76/2210 839/74/2211
f 839/74/2212 737/76/2210 740/93/2210
f 740/93/2210 840/92/2213 839/74/2214
f 788/139/673 791/140/674 792/141/674
f 792/141/674 789/142/673 788/139/673
f 791/140/674 790/143/675 842/144/675
f 842/144/675 792/141/674 791/140/674
f 790/143/675 782/145/677 785/146/677
f 785/146/677 842/144/675 790/143/675
f 697/72/2215 845/54/2216 844/73/2217
f 845/54/2218 697/72/2215 700/52/2215
f 844/73/2219 704/75/2220 703/74/2220
f 704/75/2220 844/73/2219 845/54/2221
f 679/80/2222 843/53/2223 680/81/2224
f 843/53/2225 679/80/2222 685/60/2226
f 688/85/2227 685/60/2175 679/80/2176
f 685/60/2175 688/85/2228 691/65/2178
f 841/70/2229 688/85/2180 694/88/2229
f 688/85/2180 841/70/2181 691/65/2230
f 671/73/2231 680/81/2232 843/53/2233
f 680/81/2224 671/73/2234 831/74/2235
f 831/74/2236 681/83/2237 680/81/2238
f 681/83/2237 831/74/2236 677/76/2237
f 811/139/1583 837/140/1585 836/141/1585
f 836/141/1585 834/142/1583 811/139/1583
f 837/140/2239 812/143/2240 813/144/2240
f 813/144/2240 836/141/2239 837/140/2239
f 812/143/1641 805/145/680 808/146/680
f 808/146/680 813/144/1641 812/143/1641
f 671/73/2231 830/75/2241 831/74/2242
f 830/75/2243 671/73/2234 674/54/2234
f 831/74/2242 678/77/2237 677/76/2237
f 678/77/2237 831/74/2242 830/75/2244
f 846/159/2245 847/160/2246 884/161/2246
f 884/161/2246 848/162/2245 846/159/2245
f 849/163/2247 846/164/2248 848/165/2249
f 848/165/2249 850/166/2247 849/163/2247
f 851/167/2250 849/163/2251 850/166/2252
f 850/166/2252 852/168/2250 851/167/2250
f 853/169/2253 851/167/2254 852/168/2254
f 852/168/2255 854/170/2256 853/169/2256
f 855/171/2257 853/169/2258 854/170/2258
f 854/170/2258 856/172/2259 855/171/2259
f 877/173/2260 855/171/2261 856/172/2262
f 856/172/2263 857/174/2260 877/173/2260
f 858/175/2264 859/176/2265 860/177/2266
f 860/177/2266 861/178/2267 862/179/2268
f 862/179/2269 863/180/2270 864/181/2271
f 864/181/2272 865/182/2273 866/183/2274
f 862/179/2275 864/181/2271 866/183/2276
f 860/177/2277 862/179/2269 866/183/2276
f 858/175/2278 860/177/2277 866/183/2276
f 867/184/2279 858/175/2278 866/183/2276
f 859/128/2280 858/129/2281 868/97/2282
f 868/97/2282 869/96/2283 859/128/2280
f 860/130/2284 859/128/2285 869/96/2286
f 869/96/2287 888/100/2288 860/130/2289
f 861/131/2290 860/130/2291 888/100/2292
f 888/100/2293 870/102/2294 861/131/2295
f 862/132/2296 861/131/2297 870/102/2298
f 870/102/2294 871/104/2299 862/132/2300
f 863/133/2301 862/132/2302 871/104/2303
f 871/104/2304 872/106/2305 863/133/2306
f 864/134/2307 863/133/2308 872/106/2305
f 872/106/2305 873/108/2309 864/134/2310
f 865/135/2311 864/134/2312 873/108/2309
f 873/108/2309 874/110/2313 865/135/2314
f 866/136/2315 865/135/2316 874/110/2313
f 874/110/2317 875/112/2318 866/136/2319
f 867/137/2320 866/138/2321 875/115/2322
f 875/115/2322 876/114/2323 867/137/2324
f 858/129/2325 867/137/2326 876/114/2327
f 876/114/2327 868/97/2328 858/129/2329
f 870/102/2330 888/100/2331 847/185/2246
f 847/185/2246 846/186/2245 870/102/2330
f 871/104/2303 870/102/2330 846/186/2248
f 846/186/2249 849/187/2247 871/104/2303
f 872/106/2332 871/104/2333 849/187/2334
f 849/187/2251 851/188/2250 872/106/2335
f 873/108/2336 872/106/2335 851/188/2337
f 851/188/2255 853/189/2256 873/108/2336
f 874/110/2338 873/108/2336 853/189/2339
f 853/189/2258 855/190/2340 874/110/2338
f 875/112/2341 874/110/2313 855/190/2261
f 855/190/2342 877/191/2260 875/112/2341
f 878/163/2343 877/164/2344 857/165/2344
f 857/165/2344 879/166/2345 878/163/2345
f 880/167/2346 878/163/2347 879/166/2348
f 879/166/2348 881/168/2346 880/167/2346
f 882/169/2349 880/167/2350 881/168/2350
f 881/168/2351 883/170/2352 882/169/2352
f 847/171/2353 882/169/2354 883/170/2354
f 883/170/2355 884/172/2356 847/171/2356
f 885/104/2357 875/102/2358 877/186/2344
f 877/186/2344 878/187/2359 885/104/2360
f 886/106/2361 885/104/2360 878/187/2347
f 878/187/2347 880/188/2346 886/106/2361
f 887/108/2362 886/106/2361 880/188/2350
f 880/188/2363 882/189/2352 887/108/2364
f 888/110/2365 887/108/2364 882/189/2354
f 882/189/2366 847/190/2356 888/110/2367
f 889/159/2245 890/160/2246 927/161/2246
f 927/161/2246 891/162/2245 889/159/2245
f 892/163/2247 889/164/2248 891/165/2249
f 891/165/2249 893/166/2247 892/163/2247
f 894/167/2250 892/163/2251 893/166/2252
f 893/166/2252 895/168/2250 894/167/2250
f 896/169/2253 894/167/2254 895/168/2254
f 895/168/2255 897/170/2256 896/169/2256
f 898/171/2257 896/169/2258 897/170/2258
f 897/170/2258 899/172/2259 898/171/2259
f 920/173/2260 898/171/2261 899/172/2368
f 899/172/2263 900/174/2260 920/173/2260
f 901/175/2264 902/176/2265 903/177/2266
f 903/177/2266 904/178/2267 905/179/2268
f 905/179/2269 906/180/2270 907/181/2271
f 907/181/2272 908/182/2273 909/183/2274
f 905/179/2275 907/181/2271 909/183/2276
f 903/177/2277 905/179/2269 909/183/2276
f 901/175/2278 903/177/2277 909/183/2276
f 910/184/2279 901/175/2278 909/183/2276
f 902/128/2280 901/129/2369 911/97/2282
f 911/97/2282 912/96/2283 902/128/2280
f 903/130/2284 902/128/2285 912/96/2286
f 912/96/2287 931/100/2288 903/130/2289
f 904/131/2290 903/130/2291 931/100/2292
f 931/100/2293 913/102/2294 904/131/2295
f 905/132/2296 904/131/2297 913/102/2298
f 913/102/2294 914/104/2299 905/132/2300
f 906/133/2301 905/132/2302 914/104/2303
f 914/104/2304 915/106/2305 906/133/2306
f 907/134/2307 906/133/2308 915/106/2305
f 915/106/2370 916/108/2336 907/134/2310
f 908/135/2314 907/134/2371 916/108/2309
f 916/108/2309 917/110/2313 908/135/2314
f 909/136/2315 908/135/2316 917/110/2313
f 917/110/2317 918/112/2318 909/136/2372
f 910/137/2320 909/138/2321 918/115/2322
f 918/115/2322 919/114/2323 910/137/2324
f 901/129/2325 910/137/2373 919/114/2327
f 919/114/2327 911/97/2328 901/129/2329
f 913/102/2330 931/100/2331 890/185/2246
f 890/185/2246 889/186/2245 913/102/2330
f 914/104/2303 913/102/2330 889/186/2248
f 889/186/2249 892/187/2247 914/104/2303
f 915/106/2332 914/104/2333 892/187/2334
f 892/187/2251 894/188/2250 915/106/2335
f 916/108/2309 915/106/2332 894/188/2337
f 894/188/2255 896/189/2256 916/108/2336
f 917/110/2338 916/108/2336 896/189/2339
f 896/189/2258 898/190/2340 917/110/2338
f 918/112/2341 917/110/2313 898/190/2261
f 898/190/2342 920/191/2260 918/112/2341
f 921/163/2343 920/164/2344 900/165/2344
f 900/165/2344 922/166/2345 921/163/2345
f 923/167/2346 921/163/2347 922/166/2348
f 922/166/2348 924/168/2346 923/167/2346
f 925/169/2349 923/167/2350 924/168/2350
f 924/168/2351 926/170/2352 925/169/2352
f 890/171/2353 925/169/2354 926/170/2354
f 926/170/2355 927/172/2356 890/171/2356
f 928/104/2357 918/102/2358 920/186/2344
f 920/186/2344 921/187/2359 928/104/2360
f 929/106/2374 928/104/2360 921/187/2347
f 921/187/2347 923/188/2346 929/106/2361
f 930/108/2362 929/106/2361 923/188/2350
f 923/188/2363 925/189/2352 930/108/2364
f 931/110/2365 930/108/2364 925/189/2354
f 925/189/2366 890/190/2356 931/110/2375
f 932/159/2245 933/160/2246 970/161/2246
f 970/161/2246 934/162/2245 932/159/2245
f 935/163/2247 932/164/2248 934/165/2249
f 934/165/2249 936/166/2247 935/163/2247
f 937/167/2250 935/163/2251 936/166/2252
f 936/166/2252 938/168/2250 937/167/2250
f 939/169/2253 937/167/2254 938/168/2254
f 938/168/2255 940/170/2256 939/169/2256
f 941/171/2257 939/169/2258 940/170/2258
f 940/170/2258 942/172/2259 941/171/2259
f 963/173/2260 941/171/2261 942/172/2368
f 942/172/2263 943/174/2260 963/173/2260
f 944/175/2264 945/176/2265 946/177/2266
f 946/177/2266 947/178/2267 948/179/2268
f 948/179/2269 949/180/2270 950/181/2271
f 950/181/2272 951/182/2273 952/183/2274
f 948/179/2275 950/181/2271 952/183/2276
f 946/177/2277 948/179/2269 952/183/2276
f 944/175/2278 946/177/2277 952/183/2276
f 953/184/2279 944/175/2278 952/183/2276
f 945/128/2280 944/129/2281 954/97/2282
f 954/97/2282 955/96/2283 945/128/2280
f 946/130/2284 945/128/2285 955/96/2286
f 955/96/2287 974/100/2288 946/130/2289
f 947/131/2290 946/130/2291 974/100/2292
f 974/100/2293 956/102/2294 947/131/2295
f 948/132/2296 947/131/2297 956/102/2298
f 956/102/2294 957/104/2299 948/132/2300
f 949/133/2301 948/132/2302 957/104/2303
f 957/104/2304 958/106/2305 949/133/2306
f 950/134/2307 949/133/2308 958/106/2305
f 958/106/2305 959/108/2309 950/134/2310
f 951/135/2311 950/134/2312 959/108/2309
f 959/108/2309 960/110/2313 951/135/2314
f 952/136/2315 951/135/2316 960/110/2313
f 960/110/2317 961/112/2318 952/136/2319
f 953/137/2320 952/138/2321 961/115/2322
f 961/115/2322 962/114/2323 953/137/2324
f 944/129/2325 953/137/2326 962/114/2327
f 962/114/2327 954/97/2328 944/129/2329
f 956/102/2330 974/100/2331 933/185/2246
f 933/185/2246 932/186/2245 956/102/2330
f 957/104/2303 956/102/2330 932/186/2248
f 932/186/2249 935/187/2247 957/104/2303
f 958/106/2332 957/104/2333 935/187/2334
f 935/187/2251 937/188/2250 958/106/2335
f 959/108/2336 958/106/2335 937/188/2337
f 937/188/2255 939/189/2256 959/108/2336
f 960/110/2338 959/108/2336 939/189/2339
f 939/189/2258 941/190/2340 960/110/2338
f 961/112/2341 960/110/2313 941/190/2261
f 941/190/2342 963/191/2260 961/112/2341
f 964/163/2343 963/164/2344 943/165/2344
f 943/165/2344 965/166/2345 964/163/2345
f 966/167/2346 964/163/2347 965/166/2348
f 965/166/2348 967/168/2346 966/167/2346
f 968/169/2349 966/167/2350 967/168/2350
f 967/168/2351 969/170/2352 968/169/2352
f 933/171/2353 968/169/2354 969/170/2354
f 969/170/2355 970/172/2356 933/171/2356
f 971/104/2357 961/102/2358 963/186/2344
f 963/186/2344 964/187/2359 971/104/2360
f 972/106/2361 971/104/2360 964/187/2347
f 964/187/2347 966/188/2346 972/106/2361
f 973/108/2362 972/106/2361 966/188/2350
f 966/188/2363 968/189/2352 973/108/2364
f 974/110/2365 973/108/2364 968/189/2354
f 968/189/2366 933/190/2356 974/110/2375
f 975/159/2245 976/160/2246 1013/161/2246
f 1013/161/2246 977/162/2245 975/159/2245
f 978/163/2247 975/164/2248 977/165/2249
f 977/165/2249 979/166/2247 978/163/2247
f 980/167/2250 978/163/2251 979/166/2252
f 979/166/2252 981/168/2250 980/167/2250
f 982/169/2253 980/167/2254 981/168/2254
f 981/168/2255 983/170/2256 982/169/2256
f 984/171/2257 982/169/2258 983/170/2258
f 983/170/2258 985/172/2259 984/171/2259
f 1006/173/2260 984/171/2261 985/172/2368
f 985/172/2263 986/174/2260 1006/173/2260
f 987/175/2264 988/176/2265 989/177/2266
f 989/177/2266 990/178/2267 991/179/2268
f 991/179/2269 992/180/2270 993/181/2271
f 993/181/2272 994/182/2273 995/183/2274
f 991/179/2275 993/181/2271 995/183/2276
f 989/177/2277 991/179/2269 995/183/2276
f 987/175/2278 989/177/2277 995/183/2276
f 996/184/2279 987/175/2278 995/183/2276
f 988/128/2280 987/129/2281 997/97/2282
f 997/97/2282 998/96/2283 988/128/2280
f 989/130/2284 988/128/2285 998/96/2286
f 998/96/2287 1017/100/2288 989/130/2289
f 990/131/2290 989/130/2291 1017/100/2292
f 1017/100/2293 999/102/2294 990/131/2295
f 991/132/2296 990/131/2297 999/102/2298
f 999/102/2294 1000/104/2299 991/132/2300
f 992/133/2301 991/132/2302 1000/104/2303
f 1000/104/2304 1001/106/2305 992/133/2306
f 993/134/2310 992/133/2308 1001/106/2305
f 1001/106/2305 1002/108/2309 993/134/2310
f 994/135/2314 993/134/2371 1002/108/2309
f 1002/108/2309 1003/110/2313 994/135/2314
f 995/136/2315 994/135/2316 1003/110/2313
f 1003/110/2317 1004/112/2318 995/136/2372
f 996/137/2320 995/138/2321 1004/115/2322
f 1004/115/2322 1005/114/2323 996/137/2324
f 987/129/2325 996/137/2373 1005/114/2327
f 1005/114/2327 997/97/2328 987/129/2329
f 999/102/2330 1017/100/2331 976/185/2246
f 976/185/2246 975/186/2245 999/102/2330
f 1000/104/2303 999/102/2330 975/186/2248
f 975/186/2249 978/187/2247 1000/104/2303
f 1001/106/2332 1000/104/2333 978/187/2334
f 978/187/2251 980/188/2250 1001/106/2335
f 1002/108/2336 1001/106/2335 980/188/2337
f 980/188/2255 982/189/2256 1002/108/2336
f 1003/110/2338 1002/108/2336 982/189/2339
f 982/189/2258 984/190/2340 1003/110/2338
f 1004/112/2341 1003/110/2313 984/190/2261
f 984/190/2342 1006/191/2260 1004/112/2341
f 1007/163/2343 1006/164/2344 986/165/2344
f 986/165/2344 1008/166/2345 1007/163/2345
f 1009/167/2346 1007/163/2347 1008/166/2348
f 1008/166/2348 1010/168/2346 1009/167/2346
f 1011/169/2349 1009/167/2350 1010/168/2350
f 1010/168/2351 1012/170/2352 1011/169/2352
f 976/171/2353 1011/169/2354 1012/170/2354
f 1012/170/2355 1013/172/2356 976/171/2356
f 1014/104/2360 1004/102/2358 1006/186/2344
f 1006/186/2344 1007/187/2359 1014/104/2360
f 1015/106/2374 1014/104/2360 1007/187/2347
f 1007/187/2347 1009/188/2346 1015/106/2361
f 1016/108/2362 1015/106/2361 1009/188/2350
f 1009/188/2363 1011/189/2352 1016/108/2364
f 1017/110/2365 1016/108/2364 1011/189/2354
f 1011/189/2366 976/190/2356 1017/110/2375
f 1018/159/2245 1019/160/2246 1056/161/2246
f 1056/161/2246 1020/162/2245 1018/159/2245
f 1021/163/2247 1018/164/2248 1020/165/2249
f 1020/165/2249 1022/166/2247 1021/163/2247
f 1023/167/2250 1021/163/2251 1022/166/2252
f 1022/166/2252 1024/168/2250 1023/167/2250
f 1025/169/2253 1023/167/2254 1024/168/2254
f 1024/168/2255 1026/170/2256 1025/169/2256
f 1027/171/2257 1025/169/2258 1026/170/2258
f 1026/170/2258 1028/172/2259 1027/171/2259
f 1049/173/2260 1027/171/2261 1028/172/2368
f 1028/172/2263 1029/174/2260 1049/173/2260
f 1030/175/2264 1031/176/2265 1032/177/2266
f 1032/177/2266 1033/178/2267 1034/179/2268
f 1034/179/2269 1035/180/2270 1036/181/2271
f 1036/181/2272 1037/182/2273 1038/183/2274
f 1034/179/2275 1036/181/2271 1038/183/2276
f 1032/177/2277 1034/179/2269 1038/183/2276
f 1030/175/2278 1032/177/2277 1038/183/2276
f 1039/184/2279 1030/175/2278 1038/183/2276
f 1031/128/2280 1030/129/2281 1040/97/2282
f 1040/97/2282 1041/96/2283 1031/128/2280
f 1032/130/2284 1031/128/2285 1041/96/2286
f 1041/96/2287 1060/100/2288 1032/130/2289
f 1033/131/2290 1032/130/2291 1060/100/2292
f 1060/100/2293 1042/102/2294 1033/131/2295
f 1034/132/2296 1033/131/2297 1042/102/2298
f 1042/102/2294 1043/104/2299 1034/132/2300
f 1035/133/2301 1034/132/2302 1043/104/2303
f 1043/104/2304 1044/106/2305 1035/133/2306
f 1036/134/2307 1035/133/2308 1044/106/2305
f 1044/106/2305 1045/108/2309 1036/134/2310
f 1037/135/2311 1036/134/2312 1045/108/2309
f 1045/108/2309 1046/110/2313 1037/135/2314
f 1038/136/2315 1037/135/2316 1046/110/2313
f 1046/110/2317 1047/112/2318 1038/136/2319
f 1039/137/2320 1038/138/2321 1047/115/2322
f 1047/115/2322 1048/114/2323 1039/137/2324
f 1030/129/2325 1039/137/2326 1048/114/2327
f 1048/114/2327 1040/97/2328 1030/129/2329
f 1042/102/2330 1060/100/2331 1019/185/2246
f 1019/185/2246 1018/186/2245 1042/102/2330
f 1043/104/2303 1042/102/2330 1018/186/2248
f 1018/186/2249 1021/187/2247 1043/104/2303
f 1044/106/2332 1043/104/2333 1021/187/2334
f 1021/187/2251 1023/188/2250 1044/106/2335
f 1045/108/2336 1044/106/2335 1023/188/2337
f 1023/188/2255 1025/189/2256 1045/108/2336
f 1046/110/2338 1045/108/2336 1025/189/2339
f 1025/189/2258 1027/190/2340 1046/110/2338
f 1047/112/2341 1046/110/2313 1027/190/2261
f 1027/190/2342 1049/191/2260 1047/112/2341
f 1050/163/2343 1049/164/2344 1029/165/2344
f 1029/165/2344 1051/166/2345 1050/163/2345
f 1052/167/2346 1050/163/2347 1051/166/2348
f 1051/166/2348 1053/168/2346 1052/167/2346
f 1054/169/2349 1052/167/2350 1053/168/2350
f 1053/168/2351 1055/170/2352 1054/169/2352
f 1019/171/2353 1054/169/2354 1055/170/2354
f 1055/170/2355 1056/172/2356 1019/171/2356
f 1057/104/2360 1047/102/2358 1049/186/2344
f 1049/186/2344 1050/187/2359 1057/104/2360
f 1058/106/2361 1057/104/2360 1050/187/2347
f 1050/187/2347 1052/188/2346 1058/106/2361
f 1059/108/2362 1058/106/2361 1052/188/2350
f 1052/188/2363 1054/189/2352 1059/108/2364
f 1060/110/2365 1059/108/2364 1054/189/2354
f 1054/189/2366 1019/190/2356 1060/110/2375
f 1061/159/2245 1062/160/2246 1099/161/2246
f 1099/161/2246 1063/162/2245 1061/159/2245
f 1064/163/2247 1061/164/2248 1063/165/2249
f 1063/165/2249 1065/166/2247 1064/163/2247
f 1066/167/2250 1064/163/2251 1065/166/2252
f 1065/166/2252 1067/168/2250 1066/167/2250
f 1068/169/2253 1066/167/2254 1067/168/2254
f 1067/168/2255 1069/170/2256 1068/169/2256
f 1070/171/2257 1068/169/2258 1069/170/2258
f 1069/170/2258 1071/172/2259 1070/171/2259
f 1092/173/2260 1070/171/2261 1071/172/2368
f 1071/172/2263 1072/174/2260 1092/173/2260
f 1073/175/2264 1074/176/2265 1075/177/2266
f 1075/177/2266 1076/178/2267 1077/179/2268
f 1077/179/2269 1078/180/2270 1079/181/2271
f 1079/181/2272 1080/182/2273 1081/183/2274
f 1077/179/2275 1079/181/2271 1081/183/2276
f 1075/177/2277 1077/179/2269 1081/183/2276
f 1073/175/2278 1075/177/2277 1081/183/2276
f 1082/184/2279 1073/175/2278 1081/183/2276
f 1074/128/2280 1073/129/2369 1083/97/2282
f 1083/97/2282 1084/96/2283 1074/128/2280
f 1075/130/2284 1074/128/2285 1084/96/2286
f 1084/96/2287 1103/100/2288 1075/130/2289
f 1076/131/2290 1075/130/2291 1103/100/2292
f 1103/100/2293 1085/102/2294 1076/131/2295
f 1077/132/2296 1076/131/2297 1085/102/2376
f 1085/102/2294 1086/104/2299 1077/132/2300
f 1078/133/2301 1077/132/2302 1086/104/2303
f 1086/104/2304 1087/106/2305 1078/133/2306
f 1079/134/2307 1078/133/2308 1087/106/2305
f 1087/106/2370 1088/108/2336 1079/134/2310
f 1080/135/2314 1079/134/2371 1088/108/2309
f 1088/108/2309 1089/110/2313 1080/135/2314
f 1081/136/2315 1080/135/2316 1089/110/2313
f 1089/110/2317 1090/112/2318 1081/136/2372
f 1082/137/2320 1081/138/2321 1090/115/2322
f 1090/115/2322 1091/114/2323 1082/137/2324
f 1073/129/2325 1082/137/2373 1091/114/2327
f 1091/114/2327 1083/97/2328 1073/129/2329
f 1085/102/2330 1103/100/2331 1062/185/2246
f 1062/185/2246 1061/186/2245 1085/102/2330
f 1086/104/2303 1085/102/2330 1061/186/2248
f 1061/186/2249 1064/187/2247 1086/104/2303
f 1087/106/2332 1086/104/2333 1064/187/2334
f 1064/187/2251 1066/188/2250 1087/106/2335
f 1088/108/2309 1087/106/2332 1066/188/2337
f 1066/188/2255 1068/189/2256 1088/108/2336
f 1089/110/2338 1088/108/2336 1068/189/2339
f 1068/189/2258 1070/190/2340 1089/110/2338
f 1090/112/2341 1089/110/2313 1070/190/2261
f 1070/190/2342 1092/191/2260 1090/112/2341
f 1093/163/2343 1092/164/2344 1072/165/2344
f 1072/165/2344 1094/166/2345 1093/163/2345
f 1095/167/2346 1093/163/2347 1094/166/2348
f 1094/166/2348 1096/168/2346 1095/167/2346
f 1097/169/2349 1095/167/2350 1096/168/2350
f 1096/168/2351 1098/170/2352 1097/169/2352
f 1062/171/2353 1097/169/2354 1098/170/2354
f 1098/170/2355 1099/172/2356 1062/171/2356
f 1100/104/2360 1090/102/2358 1092/186/2344
f 1092/186/2344 1093/187/2359 1100/104/2360
f 1101/106/2374 1100/104/2360 1093/187/2347
f 1093/187/2347 1095/188/2346 1101/106/2361
f 1102/108/2362 1101/106/2361 1095/188/2350
f 1095/188/2363 1097/189/2352 1102/108/2364
f 1103/110/2365 1102/108/2364 1097/189/2354
f 1097/189/2366 1062/190/2356 1103/110/2375
f 1104/159/2245 1105/160/2246 1142/161/2246
f 1142/161/2246 1106/162/2245 1104/159/2245
f 1107/163/2247 1104/164/2248 1106/165/2249
f 1106/165/2249 1108/166/2247 1107/163/2247
f 1109/167/2250 1107/163/2251 1108/166/2252
f 1108/166/2252 1110/168/2250 1109/167/2250
f 1111/169/2253 1109/167/2254 1110/168/2254
f 1110/168/2255 1112/170/2256 1111/169/2256
f 1113/171/2257 1111/169/2258 1112/170/2258
f 1112/170/2258 1114/172/2259 1113/171/2259
f 1135/173/2260 1113/171/2261 1114/172/2368
f 1114/172/2263 1115/174/2260 1135/173/2260
f 1116/175/2264 1117/176/2265 1118/177/2266
f 1118/177/2266 1119/178/2267 1120/179/2268
f 1120/179/2269 1121/180/2270 1122/181/2271
f 1122/181/2272 1123/182/2273 1124/183/2274
f 1120/179/2275 1122/181/2271 1124/183/2276
f 1118/177/2277 1120/179/2269 1124/183/2276
f 1116/175/2278 1118/177/2277 1124/183/2276
f 1125/184/2279 1116/175/2278 1124/183/2276
f 1117/128/2280 1116/129/2377 1126/97/2282
f 1126/97/2282 1127/96/2283 1117/128/2280
f 1118/130/2289 1117/128/2285 1127/96/2286
f 1127/96/2287 1146/100/2288 1118/130/2289
f 1119/131/2290 1118/130/2291 1146/100/2378
f 1146/100/2293 1128/102/2294 1119/131/2295
f 1120/132/2296 1119/131/2297 1128/102/2298
f 1128/102/2379 1129/104/2299 1120/132/2300
f 1121/133/2301 1120/132/2380 1129/104/2299
f 1129/104/2304 1130/106/2305 1121/133/2301
f 1122/134/2310 1121/133/2308 1130/106/2305
f 1130/106/2305 1131/108/2309 1122/134/2310
f 1123/135/2311 1122/134/2312 1131/108/2309
f 1131/108/2309 1132/110/2313 1123/135/2381
f 1124/136/2315 1123/135/2316 1132/110/2313
f 1132/110/2382 1133/112/2318 1124/136/2319
f 1125/137/2320 1124/138/2321 1133/115/2322
f 1133/115/2322 1134/114/2323 1125/137/2324
f 1116/129/2325 1125/137/2373 1134/114/2327
f 1134/114/2327 1126/97/2328 1116/129/2383
f 1128/102/2330 1146/100/2331 1105/185/2246
f 1105/185/2246 1104/186/2245 1128/102/2330
f 1129/104/2303 1128/102/2330 1104/186/2248
f 1104/186/2249 1107/187/2247 1129/104/2333
f 1130/106/2332 1129/104/2333 1107/187/2251
f 1107/187/2251 1109/188/2250 1130/106/2305
f 1131/108/2336 1130/106/2335 1109/188/2337
f 1109/188/2255 1111/189/2256 1131/108/2309
f 1132/110/2338 1131/108/2336 1111/189/2258
f 1111/189/2258 1113/190/2340 1132/110/2338
f 1133/112/2341 1132/110/2313 1113/190/2261
f 1113/190/2342 1135/191/2260 1133/112/2341
f 1136/163/2343 1135/164/2344 1115/165/2344
f 1115/165/2344 1137/166/2345 1136/163/2345
f 1138/167/2346 1136/163/2347 1137/166/2348
f 1137/166/2348 1139/168/2346 1138/167/2346
f 1140/169/2349 1138/167/2350 1139/168/2350
f 1139/168/2351 1141/170/2352 1140/169/2352
f 1105/171/2353 1140/169/2354 1141/170/2354
f 1141/170/2355 1142/172/2356 1105/171/2356
f 1143/104/2357 1133/102/2358 1135/186/2344
f 1135/186/2344 1136/187/2359 1143/104/2360
f 1144/106/2361 1143/104/2360 1136/187/2347
f 1136/187/2347 1138/188/2346 1144/106/2361
f 1145/108/2362 1144/106/2361 1138/188/2350
f 1138/188/2363 1140/189/2352 1145/108/2364
f 1146/110/2365 1145/108/2364 1140/189/2354
f 1140/189/2366 1105/190/2356 1146/110/2367
f 1147/159/2245 1148/160/2246 1185/161/2246
f 1185/161/2246 1149/162/2245 1147/159/2245
f 1150/163/2247 1147/164/2248 1149/165/2249
f 1149/165/2249 1151/166/2247 1150/163/2247
f 1152/167/2250 1150/163/2251 1151/166/2252
f 1151/166/2252 1153/168/2250 1152/167/2250
f 1154/169/2253 1152/167/2254 1153/168/2254
f 1153/168/2255 1155/170/2256 1154/169/2256
f 1156/171/2257 1154/169/2258 1155/170/2258
f 1155/170/2258 1157/172/2259 1156/171/2259
f 1178/173/2260 1156/171/2261 1157/172/2368
f 1157/172/2263 1158/174/2260 1178/173/2260
f 1159/175/2264 1160/176/2265 1161/177/2266
f 1161/177/2266 1162/178/2267 1163/179/2268
f 1163/179/2269 1164/180/2270 1165/181/2271
f 1165/181/2272 1166/182/2273 1167/183/2274
f 1163/179/2275 1165/181/2271 1167/183/2276
f 1161/177/2277 1163/179/2269 1167/183/2276
f 1159/175/2278 1161/177/2277 1167/183/2276
f 1168/184/2279 1159/175/2278 1167/183/2276
f 1160/128/2280 1159/129/2377 1169/97/2282
f 1169/97/2282 1170/96/2283 1160/128/2280
f 1161/130/2289 1160/128/2285 1170/96/2286
f 1170/96/2287 1189/100/2288 1161/130/2289
f 1162/131/2290 1161/130/2291 1189/100/2378
f 1189/100/2293 1171/102/2294 1162/131/2295
f 1163/132/2296 1162/131/2297 1171/102/2298
f 1171/102/2379 1172/104/2299 1163/132/2300
f 1164/133/2301 1163/132/2380 1172/104/2299
f 1172/104/2304 1173/106/2305 1164/133/2301
f 1165/134/2310 1164/133/2308 1173/106/2305
f 1173/106/2305 1174/108/2309 1165/134/2310
f 1166/135/2311 1165/134/2312 1174/108/2309
f 1174/108/2309 1175/110/2313 1166/135/2381
f 1167/136/2315 1166/135/2316 1175/110/2313
f 1175/110/2382 1176/112/2318 1167/136/2319
f 1168/137/2320 1167/138/2321 1176/115/2322
f 1176/115/2322 1177/114/2323 1168/137/2324
f 1159/129/2325 1168/137/2373 1177/114/2327
f 1177/114/2327 1169/97/2328 1159/129/2383
f 1171/102/2330 1189/100/2331 1148/185/2246
f 1148/185/2246 1147/186/2245 1171/102/2330
f 1172/104/2303 1171/102/2330 1147/186/2248
f 1147/186/2249 1150/187/2247 1172/104/2333
f 1173/106/2332 1172/104/2333 1150/187/2251
f 1150/187/2251 1152/188/2250 1173/106/2305
f 1174/108/2336 1173/106/2335 1152/188/2337
f 1152/188/2255 1154/189/2256 1174/108/2309
f 1175/110/2338 1174/108/2336 1154/189/2258
f 1154/189/2258 1156/190/2340 1175/110/2338
f 1176/112/2341 1175/110/2313 1156/190/2261
f 1156/190/2342 1178/191/2260 1176/112/2341
f 1179/163/2343 1178/164/2344 1158/165/2344
f 1158/165/2344 1180/166/2345 1179/163/2345
f 1181/167/2346 1179/163/2347 1180/166/2348
f 1180/166/2348 1182/168/2346 1181/167/2346
f 1183/169/2349 1181/167/2350 1182/168/2350
f 1182/168/2351 1184/170/2352 1183/169/2352
f 1148/171/2353 1183/169/2354 1184/170/2354
f 1184/170/2355 1185/172/2356 1148/171/2356
f 1186/104/2357 1176/102/2358 1178/186/2344
f 1178/186/2344 1179/187/2359 1186/104/2360
f 1187/106/2361 1186/104/2360 1179/187/2347
f 1179/187/2347 1181/188/2346 1187/106/2361
f 1188/108/2362 1187/106/2361 1181/188/2350
f 1181/188/2363 1183/189/2352 1188/108/2364
f 1189/110/2365 1188/108/2364 1183/189/2354
f 1183/189/2366 1148/190/2356 1189/110/2367
f 1190/1/1 1191/2/2 1192/3/3
f 1190/4/4 1192/3/3 1193/5/5
f 1190/6/6 1193/5/5 1194/7/7
f 1190/8/8 1194/7/9 1278/9/10
f 1190/10/11 1278/9/12 1195/11/13
f 1196/12/19 1192/3/2384 1191/2/17
f 1191/2/17 1197/13/18 1196/12/19
f 1198/14/20 1193/5/21 1192/3/22
f 1192/3/22 1196/12/23 1198/14/24
f 1199/15/25 1194/7/26 1193/5/27
f 1193/5/28 1198/14/29 1199/15/25
f 1200/16/30 1278/9/31 1194/7/32
f 1194/7/33 1199/15/34 1200/16/30
f 1201/17/35 1196/12/42 1197/13/37
f 1197/13/37 1202/18/38 1201/17/39
f 1203/19/40 1198/14/41 1196/12/42
f 1196/12/43 1201/17/35 1203/19/2385
f 1204/20/46 1199/15/47 1198/14/48
f 1198/14/48 1203/19/45 1204/20/49
f 1279/21/50 1200/16/51 1199/15/52
f 1199/15/52 1204/20/53 1279/21/54
f 1205/22/55 1201/17/56 1202/18/57
f 1202/18/58 1206/23/59 1205/22/55
f 1207/24/60 1203/19/61 1201/17/62
f 1201/17/62 1205/22/63 1207/24/64
f 1208/25/65 1204/20/66 1203/19/67
f 1203/19/2386 1207/24/68 1208/25/65
f 1209/26/69 1279/21/70 1204/20/71
f 1204/20/71 1208/25/72 1209/26/69
f 1190/1/73 1195/2/74 1210/3/75
f 1190/4/76 1210/3/75 1211/5/77
f 1190/6/78 1211/5/79 1212/7/80
f 1190/8/81 1212/7/82 1213/9/83
f 1190/10/84 1213/9/83 1191/11/85
f 1214/15/86 1212/7/87 1211/5/88
f 1211/5/89 1215/14/90 1214/15/91
f 1216/16/92 1213/9/93 1212/7/94
f 1212/7/94 1214/15/95 1216/16/96
f 1197/27/97 1191/11/98 1213/9/99
f 1213/9/99 1216/16/100 1197/27/97
f 1217/20/101 1214/15/102 1215/14/103
f 1215/14/103 1275/19/104 1217/20/101
f 1218/21/105 1216/16/106 1214/15/107
f 1214/15/107 1217/20/108 1218/21/109
f 1202/28/110 1197/27/111 1216/16/112
f 1216/16/113 1218/21/114 1202/28/110
f 1219/25/115 1217/20/2387 1275/19/117
f 1275/19/117 1220/24/118 1219/25/115
f 1221/26/119 1218/21/120 1217/20/2388
f 1217/20/121 1219/25/1217 1221/26/119
f 1206/29/123 1202/28/124 1218/21/125
f 1218/21/126 1221/26/127 1206/29/123
f 1222/47/241 1223/48/2389 1224/49/243
f 1224/49/243 1225/50/244 1222/47/245
f 1226/51/246 1227/52/247 1223/48/242
f 1223/48/242 1222/47/2390 1226/51/246
f 1228/53/249 1229/54/2391 1227/52/2392
f 1227/52/2392 1226/51/267 1228/53/266
f 1290/55/252 1291/56/253 1229/54/254
f 1229/54/254 1228/53/255 1290/55/252
f 1230/57/256 1222/47/241 1225/50/244
f 1225/50/244 1231/58/2393 1230/57/2394
f 1232/59/261 1226/51/246 1222/47/262
f 1222/47/263 1230/57/264 1232/59/261
f 1233/60/319 1228/53/266 1226/51/246
f 1226/51/267 1232/59/2395 1233/60/314
f 1294/61/272 1290/55/2396 1228/53/266
f 1228/53/266 1233/60/265 1294/61/272
f 1234/62/273 1230/57/274 1231/58/259
f 1231/58/275 1235/63/292 1234/62/2397
f 1236/64/278 1232/59/261 1230/57/279
f 1230/57/279 1234/62/280 1236/64/281
f 1237/65/282 1233/60/283 1232/59/261
f 1232/59/284 1236/64/278 1237/65/286
f 1296/66/289 1294/61/2398 1233/60/319
f 1233/60/319 1237/65/282 1296/66/289
f 1238/67/290 1234/62/291 1235/63/292
f 1235/63/2399 1239/68/2400 1238/67/290
f 1240/69/294 1236/64/285 1234/62/295
f 1234/62/295 1238/67/290 1240/69/2401
f 1241/70/296 1237/65/282 1236/64/285
f 1236/64/285 1240/69/297 1241/70/298
f 1298/71/299 1296/66/300 1237/65/286
f 1237/65/282 1241/70/2402 1298/71/299
f 1242/47/301 1243/48/2389 1244/49/243
f 1244/49/2403 1245/50/244 1242/47/245
f 1246/51/246 1247/52/247 1243/48/242
f 1243/48/242 1242/47/248 1246/51/246
f 1248/53/249 1249/54/304 1247/52/251
f 1247/52/251 1246/51/246 1248/53/305
f 1250/55/252 1251/56/306 1249/54/307
f 1249/54/307 1248/53/249 1250/55/308
f 1252/57/256 1242/47/241 1245/50/244
f 1245/50/244 1253/58/259 1252/57/274
f 1254/59/2404 1246/51/246 1242/47/263
f 1242/47/262 1252/57/264 1254/59/261
f 1255/60/319 1248/53/249 1246/51/246
f 1246/51/2405 1254/59/2406 1255/60/283
f 1284/61/2407 1250/55/2396 1248/53/266
f 1248/53/249 1255/60/314 1284/61/269
f 1256/62/315 1252/57/256 1253/58/259
f 1253/58/275 1257/63/325 1256/62/273
f 1258/64/285 1254/59/261 1252/57/317
f 1252/57/279 1256/62/280 1258/64/281
f 1259/65/282 1255/60/319 1254/59/284
f 1254/59/312 1258/64/285 1259/65/282
f 1286/66/322 1284/61/288 1255/60/319
f 1255/60/319 1259/65/321 1286/66/322
f 1260/67/290 1256/62/315 1257/63/292
f 1257/63/292 1261/68/293 1260/67/290
f 1262/69/326 1258/64/285 1256/62/327
f 1256/62/2408 1260/67/328 1262/69/297
f 1263/70/296 1259/65/321 1258/64/285
f 1258/64/285 1262/69/297 1263/70/298
f 1288/71/299 1286/66/329 1259/65/321
f 1259/65/282 1263/70/330 1288/71/331
f 1264/139/673 1265/140/674 1266/141/674
f 1266/141/674 1267/142/673 1264/139/673
f 1265/140/674 1268/143/675 1269/144/675
f 1269/144/675 1266/141/674 1265/140/674
f 1268/143/675 1300/145/677 1270/146/677
f 1270/146/677 1269/144/675 1268/143/675
f 1304/153/679 1267/154/679 1266/155/679
f 1266/155/679 1269/156/679 1270/157/679
f 1304/153/679 1266/155/679 1270/157/679
f 1302/158/679 1304/153/679 1270/157/679
f 1272/12/913 1210/3/914 1195/2/915
f 1195/2/915 1271/13/916 1272/12/917
f 1215/14/918 1211/5/919 1210/3/920
f 1210/3/921 1272/12/922 1215/14/918
f 1273/17/923 1272/12/924 1271/13/925
f 1271/13/925 1274/18/926 1273/17/923
f 1275/19/927 1215/14/928 1272/12/929
f 1272/12/930 1273/17/931 1275/19/932
f 1276/22/933 1273/17/934 1274/18/935
f 1274/18/936 1277/23/937 1276/22/933
f 1220/24/2409 1275/19/939 1273/17/941
f 1273/17/940 1276/22/2410 1220/24/1205
f 1271/27/944 1195/11/945 1278/9/947
f 1278/9/947 1200/16/948 1271/27/949
f 1274/28/950 1271/27/951 1200/16/952
f 1200/16/953 1279/21/954 1274/28/955
f 1277/29/956 1274/28/957 1279/21/958
f 1279/21/959 1209/26/960 1277/29/956
f 1280/47/1109 1282/49/1110 1281/48/1110
f 1282/49/1110 1280/47/1109 1283/50/1114
f 1284/57/1115 1283/50/1114 1280/47/1109
f 1283/50/2411 1284/57/1113 1285/58/2412
f 1286/62/1117 1285/58/1118 1284/57/1119
f 1285/58/1118 1286/62/1117 1287/63/1121
f 1288/67/2413 1287/63/1123 1286/62/1120
f 1287/63/1123 1288/67/1125 1289/68/1125
f 1290/47/1111 1292/49/2414 1291/48/2414
f 1292/49/1110 1290/47/1126 1293/50/1112
f 1294/57/1115 1293/50/1112 1290/47/1111
f 1293/50/1127 1294/57/1115 1295/58/1116
f 1296/62/1117 1295/58/1118 1294/57/1119
f 1295/58/1118 1296/62/1117 1297/63/1121
f 1298/67/2413 1297/63/1123 1296/62/1120
f 1297/63/1123 1298/67/2413 1299/68/2413
f 1300/139/1132 1301/140/1096 1302/141/2415
f 1302/141/1096 1270/142/1068 1300/139/1068
f 1301/140/1096 1303/143/1070 1304/144/1070
f 1304/144/2416 1302/141/2415 1301/140/1096
f 1303/143/1097 1264/145/1071 1267/146/1071
f 1267/146/1071 1304/144/1097 1303/143/1097
f 1305/1/2417 1306/2/2418 1307/3/2419
f 1305/4/2420 1307/3/2419 1308/5/2421
f 1305/6/2422 1308/5/2421 1309/7/2423
f 1305/8/2422 1309/7/2424 1393/9/2425
f 1305/10/2426 1393/9/2427 1310/11/2428
f 1311/12/2429 1307/3/2430 1306/2/2431
f 1306/2/2432 1312/13/2433 1311/12/2429
f 1313/14/2434 1308/5/2435 1307/3/2436
f 1307/3/2436 1311/12/2437 1313/14/2438
f 1314/15/2439 1309/7/2440 1308/5/2441
f 1308/5/2442 1313/14/2443 1314/15/2439
f 1315/16/2444 1393/9/2445 1309/7/2446
f 1309/7/2447 1314/15/2448 1315/16/2444
f 1316/17/2449 1311/12/2450 1312/13/2451
f 1312/13/2451 1317/18/2452 1316/17/2453
f 1318/19/2454 1313/14/2455 1311/12/2456
f 1311/12/2457 1316/17/2449 1318/19/2458
f 1319/20/2459 1314/15/2460 1313/14/2461
f 1313/14/2462 1318/19/2463 1319/20/2464
f 1394/21/2465 1315/16/2466 1314/15/2467
f 1314/15/2467 1319/20/2468 1394/21/2465
f 1320/22/2469 1316/17/2470 1317/18/2471
f 1317/18/2472 1321/23/2473 1320/22/2469
f 1322/24/2474 1318/19/2475 1316/17/2476
f 1316/17/2476 1320/22/2477 1322/24/2474
f 1323/25/2478 1319/20/2479 1318/19/2480
f 1318/19/2480 1322/24/2481 1323/25/2478
f 1324/26/2482 1394/21/2483 1319/20/2484
f 1319/20/2484 1323/25/2485 1324/26/2482
f 1305/1/2486 1310/2/2487 1325/3/2488
f 1305/4/2489 1325/3/2488 1326/5/2490
f 1305/6/2491 1326/5/2492 1327/7/2493
f 1305/8/2494 1327/7/2493 1328/9/2495
f 1305/10/2496 1328/9/2495 1306/11/2497
f 1329/15/2498 1327/7/2499 1326/5/2500
f 1326/5/2500 1330/14/2501 1329/15/2502
f 1331/16/2503 1328/9/2504 1327/7/2505
f 1327/7/2505 1329/15/2506 1331/16/2503
f 1312/27/2507 1306/11/2508 1328/9/2509
f 1328/9/2510 1331/16/2511 1312/27/2507
f 1332/20/2512 1329/15/2513 1330/14/2514
f 1330/14/2514 1390/19/2515 1332/20/2516
f 1333/21/2517 1331/16/2518 1329/15/2519
f 1329/15/2519 1332/20/2520 1333/21/2521
f 1317/28/2522 1312/27/2523 1331/16/2524
f 1331/16/2525 1333/21/2526 1317/28/2522
f 1334/25/2527 1332/20/2528 1390/19/2529
f 1390/19/2529 1335/24/2530 1334/25/2527
f 1336/26/2531 1333/21/2532 1332/20/2533
f 1332/20/2534 1334/25/2535 1336/26/2531
f 1321/29/2536 1317/28/2537 1333/21/2538
f 1333/21/2539 1336/26/2540 1321/29/2536
f 1337/47/2541 1338/48/2542 1339/49/2543
f 1339/49/2543 1340/50/2544 1337/47/2545
f 1341/51/2546 1342/52/2547 1338/48/2542
f 1338/48/2542 1337/47/2548 1341/51/2546
f 1343/53/2549 1344/54/2550 1342/52/2551
f 1342/52/2551 1341/51/2552 1343/53/2549
f 1405/55/2553 1406/56/2554 1344/54/2555
f 1344/54/2555 1343/53/2556 1405/55/2557
f 1345/57/2558 1337/47/2541 1340/50/2544
f 1340/50/2559 1346/58/2560 1345/57/2561
f 1347/59/2562 1341/51/2546 1337/47/2563
f 1337/47/2564 1345/57/2565 1347/59/2562
f 1348/60/2566 1343/53/2567 1341/51/2552
f 1341/51/2546 1347/59/2568 1348/60/2569
f 1409/61/2570 1405/55/2571 1343/53/2567
f 1343/53/2549 1348/60/2566 1409/61/2572
f 1349/62/2573 1345/57/2558 1346/58/2574
f 1346/58/2575 1350/63/2576 1349/62/2577
f 1351/64/2578 1347/59/2562 1345/57/2579
f 1345/57/2579 1349/62/2580 1351/64/2581
f 1352/65/2582 1348/60/2583 1347/59/2562
f 1347/59/2562 1351/64/2584 1352/65/2582
f 1411/66/2585 1409/61/2586 1348/60/2583
f 1348/60/2566 1352/65/2587 1411/66/2588
f 1353/67/2589 1349/62/2573 1350/63/2590
f 1350/63/2590 1354/68/2591 1353/67/2592
f 1355/69/2593 1351/64/2594 1349/62/2595
f 1349/62/2596 1353/67/2592 1355/69/2593
f 1356/70/2597 1352/65/2587 1351/64/2584
f 1351/64/2584 1355/69/2593 1356/70/2597
f 1413/71/2598 1411/66/2599 1352/65/2582
f 1352/65/2600 1356/70/2597 1413/71/2598
f 1357/47/2545 1358/48/2542 1359/49/2543
f 1359/49/2543 1360/50/2559 1357/47/2601
f 1361/51/2546 1362/52/2602 1358/48/2603
f 1358/48/2603 1357/47/2548 1361/51/2546
f 1363/53/2549 1364/54/2604 1362/52/2551
f 1362/52/2605 1361/51/2546 1363/53/2606
f 1365/55/2557 1366/56/2607 1364/54/2608
f 1364/54/2555 1363/53/2549 1365/55/2557
f 1367/57/2609 1357/47/2541 1360/50/2559
f 1360/50/2610 1368/58/2611 1367/57/2561
f 1369/59/2562 1361/51/2546 1357/47/2612
f 1357/47/2613 1367/57/2614 1369/59/2562
f 1370/60/2615 1363/53/2606 1361/51/2546
f 1361/51/2616 1369/59/2617 1370/60/2618
f 1399/61/2570 1365/55/2619 1363/53/2549
f 1363/53/2549 1370/60/2569 1399/61/2572
f 1371/62/2620 1367/57/2621 1368/58/2560
f 1368/58/2622 1372/63/2623 1371/62/2624
f 1373/64/2584 1369/59/2617 1367/57/2625
f 1367/57/2579 1371/62/2626 1373/64/2594
f 1374/65/2587 1370/60/2566 1369/59/2562
f 1369/59/2617 1373/64/2594 1374/65/2600
f 1401/66/2627 1399/61/2628 1370/60/2629
f 1370/60/2629 1374/65/2630 1401/66/2627
f 1375/67/2592 1371/62/2631 1372/63/2590
f 1372/63/2590 1376/68/2591 1375/67/2592
f 1377/69/2593 1373/64/2594 1371/62/2632
f 1371/62/2632 1375/67/2592 1377/69/2593
f 1378/70/2597 1374/65/2630 1373/64/2584
f 1373/64/2633 1377/69/2593 1378/70/2597
f 1403/71/2598 1401/66/2634 1374/65/2630
f 1374/65/2582 1378/70/2635 1403/71/2636
f 1379/139/2637 1380/140/2638 1381/141/2638
f 1381/141/2638 1382/142/2637 1379/139/2637
f 1380/140/2638 1383/143/2639 1384/144/2639
f 1384/144/2639 1381/141/2638 1380/140/2638
f 1383/143/2639 1415/145/2640 1385/146/2640
f 1385/146/2640 1384/144/2639 1383/143/2639
f 1419/153/679 1382/154/679 1381/155/679
f 1381/155/679 1384/156/679 1385/157/679
f 1419/153/679 1381/155/679 1385/157/679
f 1417/158/679 1419/153/679 1385/157/679
f 1387/12/2641 1325/3/2642 1310/2/2643
f 1310/2/2643 1386/13/2644 1387/12/2645
f 1330/14/2646 1326/5/2647 1325/3/2648
f 1325/3/2649 1387/12/2650 1330/14/2651
f 1388/17/2652 1387/12/2653 1386/13/2654
f 1386/13/2654 1389/18/2655 1388/17/2652
f 1390/19/2656 1330/14/2657 1387/12/2658
f 1387/12/2659 1388/17/2660 1390/19/2661
f 1391/22/2662 1388/17/2663 1389/18/2664
f 1389/18/2664 1392/23/2665 1391/22/2662
f 1335/24/2666 1390/19/2667 1388/17/2668
f 1388/17/2669 1391/22/2670 1335/24/2671
f 1386/27/2672 1310/11/2673 1393/9/2674
f 1393/9/2675 1315/16/2676 1386/27/2672
f 1389/28/2677 1386/27/2678 1315/16/2679
f 1315/16/2680 1394/21/2681 1389/28/2677
f 1392/29/2682 1389/28/2683 1394/21/2684
f 1394/21/2685 1324/26/2686 1392/29/2682
f 1395/47/2687 1397/49/2688 1396/48/2688
f 1397/49/2688 1395/47/2687 1398/50/2689
f 1399/57/2690 1398/50/2689 1395/47/2691
f 1398/50/2692 1399/57/2693 1400/58/2694
f 1401/62/2695 1400/58/2696 1399/57/2697
f 1400/58/2696 1401/62/2695 1402/63/2698
f 1403/67/2699 1402/63/2700 1401/62/2701
f 1402/63/2700 1403/67/2702 1404/68/2702
f 1405/47/2691 1407/49/2703 1406/48/2703
f 1407/49/2688 1405/47/2704 1408/50/2689
f 1409/57/2690 1408/50/2689 1405/47/2691
f 1408/50/2705 1409/57/2693 1410/58/2706
f 1411/62/2695 1410/58/2696 1409/57/2697
f 1410/58/2696 1411/62/2695 1412/63/2698
f 1413/67/2707 1412/63/2708 1411/62/2709
f 1412/63/2700 1413/67/2707 1414/68/2707
f 1415/139/2710 1416/140/2711 1417/141/2712
f 1417/141/2711 1385/142/2713 1415/139/2713
f 1416/140/2714 1418/143/2715 1419/144/2716
f 1419/144/2717 1417/141/2718 1416/140/2714
f 1418/143/2719 1379/145/2720 1382/146/2720
f 1382/146/2720 1419/144/2719 1418/143/2719
f 1420/1/1 1421/2/2 1422/3/3
f 1420/4/4 1422/3/3 1423/5/5
f 1420/6/6 1423/5/5 1424/7/7
f 1420/8/8 1424/7/9 1508/9/10
f 1420/10/11 1508/9/12 1425/11/13
f 1426/12/19 1422/3/2384 1421/2/17
f 1421/2/17 1427/13/18 1426/12/19
f 1428/14/20 1423/5/21 1422/3/22
f 1422/3/22 1426/12/23 1428/14/24
f 1429/15/25 1424/7/26 1423/5/27
f 1423/5/28 1428/14/29 1429/15/25
f 1430/16/30 1508/9/31 1424/7/32
f 1424/7/33 1429/15/34 1430/16/30
f 1431/17/35 1426/12/42 1427/13/37
f 1427/13/37 1432/18/38 1431/17/39
f 1433/19/40 1428/14/41 1426/12/42
f 1426/12/43 1431/17/35 1433/19/2385
f 1434/20/46 1429/15/47 1428/14/48
f 1428/14/48 1433/19/45 1434/20/49
f 1509/21/50 1430/16/51 1429/15/52
f 1429/15/52 1434/20/53 1509/21/54
f 1435/22/55 1431/17/56 1432/18/57
f 1432/18/58 1436/23/59 1435/22/55
f 1437/24/60 1433/19/61 1431/17/62
f 1431/17/62 1435/22/63 1437/24/64
f 1438/25/65 1434/20/66 1433/19/67
f 1433/19/2386 1437/24/68 1438/25/65
f 1439/26/69 1509/21/70 1434/20/71
f 1434/20/71 1438/25/72 1439/26/69
f 1420/1/73 1425/2/74 1440/3/75
f 1420/4/76 1440/3/75 1441/5/77
f 1420/6/78 1441/5/79 1442/7/80
f 1420/8/81 1442/7/82 1443/9/83
f 1420/10/84 1443/9/83 1421/11/85
f 1444/15/86 1442/7/87 1441/5/88
f 1441/5/89 1445/14/90 1444/15/91
f 1446/16/92 1443/9/93 1442/7/94
f 1442/7/94 1444/15/95 1446/16/96
f 1427/27/97 1421/11/98 1443/9/99
f 1443/9/99 1446/16/100 1427/27/97
f 1447/20/101 1444/15/102 1445/14/103
f 1445/14/103 1505/19/104 1447/20/101
f 1448/21/105 1446/16/106 1444/15/107
f 1444/15/107 1447/20/108 1448/21/109
f 1432/28/110 1427/27/111 1446/16/112
f 1446/16/113 1448/21/114 1432/28/110
f 1449/25/115 1447/20/2387 1505/19/117
f 1505/19/117 1450/24/118 1449/25/115
f 1451/26/119 1448/21/120 1447/20/2388
f 1447/20/121 1449/25/1217 1451/26/119
f 1436/29/123 1432/28/124 1448/21/125
f 1448/21/126 1451/26/127 1436/29/123
f 1452/47/241 1453/48/242 1454/49/243
f 1454/49/243 1455/50/244 1452/47/245
f 1456/51/246 1457/52/247 1453/48/242
f 1453/48/242 1452/47/2390 1456/51/246
f 1458/53/249 1459/54/2391 1457/52/2392
f 1457/52/2392 1456/51/267 1458/53/266
f 1520/55/252 1521/56/253 1459/54/254
f 1459/54/254 1458/53/255 1520/55/252
f 1460/57/256 1452/47/241 1455/50/244
f 1455/50/244 1461/58/259 1460/57/2394
f 1462/59/261 1456/51/246 1452/47/262
f 1452/47/263 1460/57/264 1462/59/261
f 1463/60/319 1458/53/266 1456/51/246
f 1456/51/267 1462/59/2395 1463/60/314
f 1524/61/272 1520/55/2396 1458/53/266
f 1458/53/266 1463/60/265 1524/61/269
f 1464/62/273 1460/57/274 1461/58/259
f 1461/58/275 1465/63/292 1464/62/291
f 1466/64/278 1462/59/261 1460/57/279
f 1460/57/279 1464/62/280 1466/64/281
f 1467/65/282 1463/60/283 1462/59/261
f 1462/59/284 1466/64/285 1467/65/286
f 1526/66/289 1524/61/2398 1463/60/319
f 1463/60/319 1467/65/282 1526/66/289
f 1468/67/290 1464/62/315 1465/63/292
f 1465/63/292 1469/68/293 1468/67/290
f 1470/69/294 1466/64/285 1464/62/295
f 1464/62/295 1468/67/290 1470/69/2401
f 1471/70/296 1467/65/282 1466/64/285
f 1466/64/285 1470/69/297 1471/70/298
f 1528/71/299 1526/66/300 1467/65/282
f 1467/65/282 1471/70/2402 1528/71/299
f 1472/47/301 1473/48/242 1474/49/243
f 1474/49/243 1475/50/244 1472/47/301
f 1476/51/246 1477/52/247 1473/48/242
f 1473/48/242 1472/47/2390 1476/51/246
f 1478/53/249 1479/54/304 1477/52/251
f 1477/52/251 1476/51/246 1478/53/305
f 1480/55/252 1481/56/306 1479/54/307
f 1479/54/307 1478/53/249 1480/55/308
f 1482/57/256 1472/47/241 1475/50/244
f 1475/50/244 1483/58/259 1482/57/274
f 1484/59/261 1476/51/246 1472/47/263
f 1472/47/262 1482/57/264 1484/59/261
f 1485/60/268 1478/53/305 1476/51/246
f 1476/51/309 1484/59/284 1485/60/283
f 1514/61/2407 1480/55/2396 1478/53/249
f 1478/53/249 1485/60/283 1514/61/269
f 1486/62/315 1482/57/256 1483/58/275
f 1483/58/275 1487/63/325 1486/62/273
f 1488/64/285 1484/59/261 1482/57/317
f 1482/57/279 1486/62/280 1488/64/285
f 1489/65/282 1485/60/319 1484/59/312
f 1484/59/312 1488/64/285 1489/65/286
f 1516/66/322 1514/61/288 1485/60/319
f 1485/60/319 1489/65/321 1516/66/289
f 1490/67/290 1486/62/315 1487/63/292
f 1487/63/292 1491/68/2400 1490/67/290
f 1492/69/326 1488/64/285 1486/62/2408
f 1486/62/295 1490/67/328 1492/69/297
f 1493/70/296 1489/65/321 1488/64/285
f 1488/64/285 1492/69/297 1493/70/298
f 1518/71/299 1516/66/329 1489/65/321
f 1489/65/282 1493/70/330 1518/71/331
f 1494/139/673 1495/140/674 1496/141/674
f 1496/141/674 1497/142/673 1494/139/673
f 1495/140/674 1498/143/675 1499/144/675
f 1499/144/675 1496/141/674 1495/140/674
f 1498/143/675 1530/145/677 1500/146/677
f 1500/146/677 1499/144/675 1498/143/675
f 1534/153/679 1497/154/679 1496/155/679
f 1496/155/679 1499/156/679 1500/157/679
f 1534/153/679 1496/155/679 1500/157/679
f 1532/158/679 1534/153/679 1500/157/679
f 1502/12/913 1440/3/914 1425/2/915
f 1425/2/915 1501/13/916 1502/12/917
f 1445/14/918 1441/5/919 1440/3/920
f 1440/3/921 1502/12/922 1445/14/918
f 1503/17/923 1502/12/924 1501/13/925
f 1501/13/925 1504/18/926 1503/17/923
f 1505/19/927 1445/14/928 1502/12/929
f 1502/12/930 1503/17/931 1505/19/932
f 1506/22/933 1503/17/934 1504/18/935
f 1504/18/936 1507/23/937 1506/22/933
f 1450/24/2409 1505/19/939 1503/17/941
f 1503/17/940 1506/22/2410 1450/24/1205
f 1501/27/944 1425/11/945 1508/9/947
f 1508/9/947 1430/16/948 1501/27/949
f 1504/28/950 1501/27/951 1430/16/952
f 1430/16/953 1509/21/954 1504/28/955
f 1507/29/956 1504/28/957 1509/21/958
f 1509/21/959 1439/26/960 1507/29/956
f 1510/47/1109 1512/49/1110 1511/48/1110
f 1512/49/1110 1510/47/1109 1513/50/1114
f 1514/57/1115 1513/50/1112 1510/47/1111
f 1513/50/1112 1514/57/1115 1515/58/1116
f 1516/62/1117 1515/58/1118 1514/57/1119
f 1515/58/1118 1516/62/1117 1517/63/1121
f 1518/67/2413 1517/63/1123 1516/62/1120
f 1517/63/1123 1518/67/1125 1519/68/1125
f 1520/47/1111 1522/49/2414 1521/48/2414
f 1522/49/1110 1520/47/1126 1523/50/1112
f 1524/57/1115 1523/50/1114 1520/47/1109
f 1523/50/2411 1524/57/1115 1525/58/1116
f 1526/62/1117 1525/58/1118 1524/57/1119
f 1525/58/1118 1526/62/1117 1527/63/1121
f 1528/67/2721 1527/63/1123 1526/62/1120
f 1527/63/1123 1528/67/2413 1529/68/2413
f 1530/139/1132 1531/140/1096 1532/141/2415
f 1532/141/1096 1500/142/1068 1530/139/1068
f 1531/140/1096 1533/143/1070 1534/144/1070
f 1534/144/2416 1532/141/2415 1531/140/1096
f 1533/143/1097 1494/145/1071 1497/146/1071
f 1497/146/1071 1534/144/1097 1533/143/1097
f 1535/1/73 1536/2/2722 1537/3/1157
f 1535/4/2723 1537/3/1157 1538/5/1158
f 1535/6/78 1538/5/1158 1539/7/80
f 1535/8/78 1539/7/82 1623/9/2724
f 1535/10/84 1623/9/2725 1540/11/2726
f 1541/12/2727 1537/3/914 1536/2/2728
f 1536/2/2728 1542/13/1165 1541/12/2727
f 1543/14/2729 1538/5/919 1537/3/1168
f 1537/3/1168 1541/12/922 1543/14/1166
f 1544/15/91 1539/7/87 1538/5/2730
f 1538/5/1171 1543/14/2731 1544/15/91
f 1545/16/2732 1623/9/2733 1539/7/2734
f 1539/7/94 1544/15/1175 1545/16/2732
f 1546/17/1178 1541/12/2735 1542/13/1180
f 1542/13/1180 1547/18/1181 1546/17/2736
f 1548/19/1189 1543/14/2737 1541/12/924
f 1541/12/2738 1546/17/2739 1548/19/932
f 1549/20/2740 1544/15/2741 1543/14/2742
f 1543/14/2742 1548/19/2743 1549/20/101
f 1624/21/2744 1545/16/2745 1544/15/2746
f 1544/15/2746 1549/20/2747 1624/21/2748
f 1550/22/933 1546/17/2749 1547/18/936
f 1547/18/1203 1551/23/937 1550/22/933
f 1552/24/938 1548/19/2750 1546/17/940
f 1546/17/940 1550/22/2410 1552/24/1205
f 1553/25/1209 1549/20/2387 1548/19/1211
f 1548/19/2751 1552/24/1212 1553/25/1209
f 1554/26/2752 1624/21/2753 1549/20/121
f 1549/20/121 1553/25/1217 1554/26/2752
f 1535/1/1 1540/2/2754 1555/3/2755
f 1535/4/2756 1555/3/2755 1556/5/2757
f 1535/6/6 1556/5/2758 1557/7/7
f 1535/8/1228 1557/7/9 1558/9/2759
f 1535/10/11 1558/9/2759 1536/11/1232
f 1559/15/1589 1557/7/26 1556/5/2760
f 1556/5/2761 1560/14/2762 1559/15/25
f 1561/16/1590 1558/9/1591 1557/7/32
f 1557/7/33 1559/15/2763 1561/16/2764
f 1542/27/2765 1536/11/945 1558/9/947
f 1558/9/947 1561/16/2766 1542/27/2765
f 1562/20/49 1559/15/2767 1560/14/2768
f 1560/14/2768 1620/19/2769 1562/20/49
f 1563/21/2770 1561/16/2771 1559/15/2772
f 1559/15/2772 1562/20/2773 1563/21/2774
f 1547/28/950 1542/27/2775 1561/16/2776
f 1561/16/2777 1563/21/2778 1547/28/950
f 1564/25/2779 1562/20/66 1620/19/2780
f 1620/19/2780 1565/24/2781 1564/25/2779
f 1566/26/2782 1563/21/2783 1562/20/2784
f 1562/20/71 1564/25/72 1566/26/2782
f 1551/29/956 1547/28/2785 1563/21/959
f 1563/21/2786 1566/26/2787 1551/29/956
f 1567/47/2788 1568/48/2789 1569/49/2790
f 1569/49/2790 1570/50/2791 1567/47/2792
f 1571/51/2793 1572/52/2794 1568/48/1450
f 1568/48/1450 1567/47/2795 1571/51/2793
f 1573/53/2796 1574/54/2797 1572/52/2798
f 1572/52/2798 1571/51/2799 1573/53/2796
f 1635/55/2800 1636/56/2801 1574/54/2802
f 1574/54/2802 1573/53/2803 1635/55/2800
f 1575/57/2804 1567/47/2788 1570/50/2791
f 1570/50/2791 1576/58/2805 1575/57/2806
f 1577/59/2807 1571/51/2793 1567/47/2808
f 1567/47/2809 1575/57/2810 1577/59/2807
f 1578/60/2811 1573/53/2812 1571/51/2813
f 1571/51/2814 1577/59/2815 1578/60/2816
f 1639/61/2817 1635/55/2818 1573/53/2796
f 1573/53/2796 1578/60/2819 1639/61/2820
f 1579/62/2821 1575/57/2804 1576/58/2805
f 1576/58/2822 1580/63/2823 1579/62/2824
f 1581/64/2825 1577/59/2807 1575/57/2826
f 1575/57/2827 1579/62/2828 1581/64/2829
f 1582/65/2830 1578/60/2831 1577/59/2807
f 1577/59/2832 1581/64/2833 1582/65/2834
f 1641/66/2835 1639/61/2836 1578/60/2816
f 1578/60/2811 1582/65/2830 1641/66/2835
f 1583/67/2837 1579/62/2824 1580/63/2838
f 1580/63/2838 1584/68/2839 1583/67/2837
f 1585/69/2840 1581/64/2833 1579/62/2841
f 1579/62/2841 1583/67/2837 1585/69/2842
f 1586/70/2843 1582/65/2830 1581/64/2833
f 1581/64/2833 1585/69/2844 1586/70/2845
f 1643/71/2846 1641/66/2847 1582/65/2848
f 1582/65/2849 1586/70/2845 1643/71/2850
f 1587/47/2851 1588/48/2789 1589/49/2790
f 1589/49/2790 1590/50/2791 1587/47/2851
f 1591/51/2793 1592/52/2794 1588/48/1450
f 1588/48/1450 1587/47/2795 1591/51/2793
f 1593/53/2852 1594/54/2853 1592/52/2854
f 1592/52/2854 1591/51/2793 1593/53/2855
f 1595/55/2800 1596/56/2856 1594/54/2857
f 1594/54/2857 1593/53/2852 1595/55/2858
f 1597/57/2859 1587/47/2788 1590/50/2791
f 1590/50/2860 1598/58/2822 1597/57/2806
f 1599/59/2807 1591/51/2861 1587/47/2809
f 1587/47/2809 1597/57/2862 1599/59/2807
f 1600/60/2811 1593/53/2852 1591/51/2793
f 1591/51/2861 1599/59/2832 1600/60/2831
f 1629/61/2820 1595/55/2818 1593/53/2796
f 1593/53/2852 1600/60/2811 1629/61/2817
f 1601/62/2863 1597/57/2804 1598/58/2805
f 1598/58/2822 1602/63/2864 1601/62/2821
f 1603/64/2865 1599/59/2807 1597/57/2826
f 1597/57/2827 1601/62/2828 1603/64/2829
f 1604/65/2830 1600/60/2811 1599/59/2866
f 1599/59/2866 1603/64/2833 1604/65/2834
f 1631/66/2867 1629/61/2868 1600/60/2811
f 1600/60/2811 1604/65/2849 1631/66/2867
f 1605/67/2837 1601/62/2863 1602/63/2838
f 1602/63/2838 1606/68/2839 1605/67/2837
f 1607/69/2869 1603/64/2833 1601/62/2870
f 1601/62/2871 1605/67/2872 1607/69/2844
f 1608/70/2843 1604/65/2849 1603/64/2833
f 1603/64/2833 1607/69/2844 1608/70/2845
f 1633/71/2850 1631/66/2873 1604/65/2849
f 1604/65/2830 1608/70/2874 1633/71/2875
f 1609/139/1068 1610/140/1069 1611/141/1069
f 1611/141/1069 1612/142/1068 1609/139/1068
f 1610/140/1069 1613/143/1070 1614/144/1070
f 1614/144/1070 1611/141/1069 1610/140/1069
f 1613/143/1070 1645/145/1071 1615/146/1071
f 1615/146/1071 1614/144/1070 1613/143/1070
f 1649/153/679 1612/154/679 1611/155/679
f 1611/155/679 1614/156/679 1615/157/679
f 1649/153/679 1611/155/679 1615/157/679
f 1647/158/679 1649/153/679 1615/157/679
f 1617/12/2876 1555/3/2384 1540/2/2877
f 1540/2/2877 1616/13/2878 1617/12/2879
f 1560/14/20 1556/5/21 1555/3/22
f 1555/3/22 1617/12/23 1560/14/2880
f 1618/17/1598 1617/12/42 1616/13/2881
f 1616/13/2881 1619/18/2882 1618/17/1598
f 1620/19/1594 1560/14/2883 1617/12/1597
f 1617/12/2884 1618/17/2885 1620/19/2385
f 1621/22/55 1618/17/2886 1619/18/2887
f 1619/18/57 1622/23/59 1621/22/55
f 1565/24/2888 1620/19/2889 1618/17/62
f 1618/17/62 1621/22/63 1565/24/64
f 1616/27/2890 1540/11/98 1623/9/99
f 1623/9/99 1545/16/2891 1616/27/2892
f 1619/28/110 1616/27/2893 1545/16/2894
f 1545/16/2895 1624/21/2896 1619/28/2897
f 1622/29/123 1619/28/2898 1624/21/2899
f 1624/21/126 1554/26/2900 1622/29/123
f 1625/47/2901 1627/49/2902 1626/48/2902
f 1627/49/2902 1625/47/2903 1628/50/2904
f 1629/57/2905 1628/50/2906 1625/47/2901
f 1628/50/2906 1629/57/2905 1630/58/2907
f 1631/62/2908 1630/58/2909 1629/57/2910
f 1630/58/2909 1631/62/2908 1632/63/2911
f 1633/67/2912 1632/63/2913 1631/62/2914
f 1632/63/2913 1633/67/2915 1634/68/2915
f 1635/47/2901 1637/49/2916 1636/48/2916
f 1637/49/2902 1635/47/2917 1638/50/2904
f 1639/57/2905 1638/50/2906 1635/47/2918
f 1638/50/2919 1639/57/2905 1640/58/2907
f 1641/62/2908 1640/58/2909 1639/57/2910
f 1640/58/2909 1641/62/2908 1642/63/2911
f 1643/67/2912 1642/63/2913 1641/62/2914
f 1642/63/2913 1643/67/2912 1644/68/2912
f 1645/139/2920 1646/140/2921 1647/141/2922
f 1647/141/2921 1615/142/673 1645/139/673
f 1646/140/2921 1648/143/675 1649/144/2923
f 1649/144/2924 1647/141/2922 1646/140/2921
f 1648/143/2925 1609/145/677 1612/146/677
f 1612/146/677 1649/144/2925 1648/143/2925
f 1652/192/775 1653/193/776 1654/194/777
f 1654/194/778 1655/195/779 1652/192/775
f 1656/196/780 1652/192/843 1655/195/781
f 1655/195/781 1657/197/782 1656/196/780
f 1650/198/784 1656/196/785 1657/197/786
f 1657/197/786 1702/199/671 1650/198/787
f 1658/200/788 1659/201/789 1660/202/790
f 1660/202/845 1661/203/791 1658/200/792
f 1653/193/776 1658/200/792 1661/203/793
f 1661/203/794 1654/194/795 1653/193/776
f 1662/204/800 1663/205/2926 1653/206/798
f 1653/206/798 1652/207/2927 1662/204/796
f 1664/208/801 1662/204/2928 1652/207/803
f 1652/207/803 1656/209/804 1664/208/805
f 1665/210/806 1664/208/807 1656/209/808
f 1656/209/808 1650/211/809 1665/210/810
f 1666/212/811 1665/213/2929 1650/214/813
f 1650/214/814 1667/215/815 1666/212/815
f 1668/216/816 1666/212/817 1667/215/817
f 1667/215/817 1669/217/818 1668/216/818
f 1670/218/819 1668/216/820 1669/217/820
f 1669/217/873 1671/219/821 1670/218/822
f 1672/220/823 1670/218/824 1671/219/824
f 1671/219/825 1673/221/823 1672/220/823
f 1674/222/826 1672/220/827 1673/221/827
f 1673/221/828 1659/223/829 1674/222/830
f 1675/224/831 1674/225/2930 1659/226/833
f 1659/226/789 1658/227/834 1675/224/835
f 1663/205/841 1675/224/2931 1658/227/2932
f 1658/227/839 1653/206/840 1663/205/836
f 1676/228/775 1677/229/776 1678/230/777
f 1678/230/777 1679/231/842 1676/228/775
f 1680/232/785 1676/228/843 1679/231/781
f 1679/231/844 1681/233/782 1680/232/780
f 1682/234/784 1680/232/785 1681/233/786
f 1681/233/786 1683/235/671 1682/234/787
f 1684/236/788 1685/237/789 1686/238/845
f 1686/238/845 1687/239/791 1684/236/792
f 1677/229/846 1684/236/792 1687/239/793
f 1687/239/793 1678/230/795 1677/229/776
f 1688/240/847 1689/241/848 1690/242/849
f 1690/242/849 1691/243/850 1692/244/851
f 1692/244/851 1693/245/852 1694/246/853
f 1694/246/853 1695/247/854 1696/248/855
f 1692/244/851 1694/246/856 1696/248/855
f 1690/242/849 1692/244/851 1696/248/855
f 1688/240/847 1690/242/849 1696/248/855
f 1697/249/857 1688/240/847 1696/248/855
f 1689/250/858 1688/251/859 1677/229/798
f 1677/229/798 1676/228/2927 1689/250/858
f 1690/252/860 1689/250/861 1676/228/803
f 1676/228/803 1680/232/804 1690/252/860
f 1691/253/862 1690/252/863 1680/232/808
f 1680/232/808 1682/234/784 1691/253/864
f 1692/254/865 1691/253/866 1682/234/813
f 1682/234/814 1698/255/815 1692/254/2933
f 1693/256/867 1692/254/868 1698/255/2934
f 1698/255/869 1699/257/818 1693/256/870
f 1694/258/871 1693/256/872 1699/257/873
f 1699/257/873 1704/259/821 1694/258/871
f 1695/260/874 1694/258/875 1704/259/2935
f 1704/259/2936 1707/261/823 1695/260/874
f 1696/262/878 1695/260/879 1707/261/827
f 1707/261/828 1685/263/2937 1696/262/2938
f 1697/264/880 1696/265/881 1685/237/833
f 1685/237/789 1684/236/834 1697/264/2939
f 1688/251/883 1697/264/884 1684/236/839
f 1684/236/839 1677/229/840 1688/251/885
f 1671/192/1011 1669/193/1012 1701/194/1013
f 1701/194/2940 1700/195/1014 1671/192/1015
f 1673/196/1016 1671/192/1017 1700/195/1018
f 1700/195/1019 1651/197/1020 1673/196/1021
f 1659/198/1022 1673/196/1023 1651/197/1024
f 1651/197/1024 1660/199/672 1659/198/1026
f 1667/200/1027 1650/201/1028 1702/202/1029
f 1702/202/1030 1703/203/1031 1667/200/1032
f 1669/193/1033 1667/200/1034 1703/203/1035
f 1703/203/1036 1701/194/1037 1669/193/1033
f 1704/228/1015 1699/229/1012 1705/230/1038
f 1705/230/1038 1706/231/1014 1704/228/1015
f 1707/232/1021 1704/228/1039 1706/231/1018
f 1706/231/1018 1708/233/1020 1707/232/1021
f 1685/234/1022 1707/232/1021 1708/233/1024
f 1708/233/1024 1686/235/1025 1685/234/1026
f 1698/236/1032 1682/237/1028 1683/238/2941
f 1683/238/1030 1709/239/1031 1698/236/1032
f 1699/229/1033 1698/236/1034 1709/239/1035
f 1709/239/1036 1705/230/1037 1699/229/1033
f 1712/192/775 1713/193/776 1714/194/777
f 1714/194/778 1715/195/779 1712/192/775
f 1716/196/780 1712/192/775 1715/195/781
f 1715/195/781 1717/197/782 1716/196/783
f 1710/198/784 1716/196/785 1717/197/786
f 1717/197/786 1762/199/671 1710/198/787
f 1718/200/788 1719/201/789 1720/202/790
f 1720/202/845 1721/203/791 1718/200/792
f 1713/193/776 1718/200/792 1721/203/793
f 1721/203/794 1714/194/795 1713/193/776
f 1722/204/800 1723/205/2926 1713/206/798
f 1713/206/798 1712/207/2927 1722/204/796
f 1724/208/801 1722/204/2928 1712/207/803
f 1712/207/803 1716/209/804 1724/208/805
f 1725/210/806 1724/208/807 1716/209/808
f 1716/209/808 1710/211/809 1725/210/810
f 1726/212/811 1725/213/2929 1710/214/813
f 1710/214/814 1727/215/815 1726/212/815
f 1728/216/816 1726/212/817 1727/215/817
f 1727/215/869 1729/217/818 1728/216/818
f 1730/218/819 1728/216/820 1729/217/820
f 1729/217/820 1731/219/821 1730/218/822
f 1732/220/823 1730/218/824 1731/219/824
f 1731/219/825 1733/221/823 1732/220/877
f 1734/222/826 1732/220/827 1733/221/827
f 1733/221/828 1719/223/829 1734/222/830
f 1735/224/831 1734/225/2930 1719/226/833
f 1719/226/789 1718/227/834 1735/224/835
f 1723/205/836 1735/224/2931 1718/227/2932
f 1718/227/839 1713/206/840 1723/205/836
f 1736/228/775 1737/229/776 1738/230/777
f 1738/230/777 1739/231/842 1736/228/775
f 1740/232/785 1736/228/843 1739/231/781
f 1739/231/844 1741/233/782 1740/232/780
f 1742/234/784 1740/232/785 1741/233/786
f 1741/233/786 1743/235/671 1742/234/787
f 1744/236/788 1745/237/789 1746/238/845
f 1746/238/2942 1747/239/791 1744/236/792
f 1737/229/846 1744/236/792 1747/239/793
f 1747/239/793 1738/230/795 1737/229/776
f 1748/240/847 1749/241/848 1750/242/849
f 1750/242/849 1751/243/850 1752/244/851
f 1752/244/851 1753/245/852 1754/246/853
f 1754/246/853 1755/247/854 1756/248/855
f 1752/244/851 1754/246/856 1756/248/855
f 1750/242/849 1752/244/851 1756/248/855
f 1748/240/847 1750/242/849 1756/248/855
f 1757/249/857 1748/240/847 1756/248/855
f 1749/250/858 1748/251/859 1737/229/798
f 1737/229/798 1736/228/2927 1749/250/858
f 1750/252/860 1749/250/861 1736/228/803
f 1736/228/803 1740/232/804 1750/252/860
f 1751/253/862 1750/252/863 1740/232/808
f 1740/232/808 1742/234/784 1751/253/864
f 1752/254/865 1751/253/866 1742/234/813
f 1742/234/814 1758/255/815 1752/254/2933
f 1753/256/867 1752/254/868 1758/255/2934
f 1758/255/869 1759/257/818 1753/256/870
f 1754/258/871 1753/256/872 1759/257/873
f 1759/257/873 1764/259/821 1754/258/871
f 1755/260/874 1754/258/875 1764/259/2935
f 1764/259/2936 1767/261/823 1755/260/874
f 1756/262/878 1755/260/879 1767/261/827
f 1767/261/828 1745/263/829 1756/262/878
f 1757/264/880 1756/265/881 1745/237/833
f 1745/237/789 1744/236/834 1757/264/2939
f 1748/251/883 1757/264/884 1744/236/839
f 1744/236/839 1737/229/840 1748/251/885
f 1731/192/1011 1729/193/1012 1761/194/1013
f 1761/194/2940 1760/195/1014 1731/192/1015
f 1733/196/1016 1731/192/1017 1760/195/1018
f 1760/195/1019 1711/197/1020 1733/196/1021
f 1719/198/1022 1733/196/1023 1711/197/1024
f 1711/197/1024 1720/199/672 1719/198/1026
f 1727/200/1032 1710/201/1028 1762/202/1029
f 1762/202/1030 1763/203/1031 1727/200/1032
f 1729/193/1033 1727/200/1034 1763/203/1035
f 1763/203/1036 1761/194/1037 1729/193/1033
f 1764/228/1015 1759/229/1012 1765/230/1038
f 1765/230/1038 1766/231/1014 1764/228/1015
f 1767/232/1021 1764/228/1039 1766/231/1018
f 1766/231/1018 1768/233/1020 1767/232/1021
f 1745/234/1022 1767/232/1021 1768/233/1024
f 1768/233/1024 1746/235/1025 1745/234/1026
f 1758/236/1032 1742/237/1028 1743/238/2941
f 1743/238/1030 1769/239/1031 1758/236/1032
f 1759/229/1033 1758/236/1034 1769/239/1035
f 1769/239/1036 1765/230/1037 1759/229/1033
f 1772/192/775 1773/193/776 1774/194/777
f 1774/194/778 1775/195/779 1772/192/775
f 1776/196/780 1772/192/843 1775/195/781
f 1775/195/781 1777/197/782 1776/196/780
f 1770/198/784 1776/196/785 1777/197/786
f 1777/197/786 1822/199/671 1770/198/787
f 1778/200/788 1779/201/789 1780/202/845
f 1780/202/790 1781/203/791 1778/200/788
f 1773/193/776 1778/200/792 1781/203/793
f 1781/203/794 1774/194/795 1773/193/776
f 1782/204/800 1783/205/2926 1773/206/798
f 1773/206/798 1772/207/2927 1782/204/796
f 1784/208/801 1782/204/802 1772/207/803
f 1772/207/803 1776/209/804 1784/208/805
f 1785/210/806 1784/208/807 1776/209/808
f 1776/209/808 1770/211/809 1785/210/810
f 1786/212/811 1785/213/2929 1770/214/813
f 1770/214/814 1787/215/2943 1786/212/815
f 1788/216/816 1786/212/817 1787/215/817
f 1787/215/869 1789/217/818 1788/216/818
f 1790/218/819 1788/216/873 1789/217/820
f 1789/217/820 1791/219/821 1790/218/821
f 1792/220/823 1790/218/824 1791/219/824
f 1791/219/825 1793/221/823 1792/220/2944
f 1794/222/826 1792/220/827 1793/221/827
f 1793/221/828 1779/223/2937 1794/222/830
f 1795/224/831 1794/225/2930 1779/226/833
f 1779/226/789 1778/227/834 1795/224/835
f 1783/205/841 1795/224/2931 1778/227/2932
f 1778/227/839 1773/206/840 1783/205/836
f 1796/228/775 1797/229/776 1798/230/777
f 1798/230/777 1799/231/842 1796/228/775
f 1800/232/785 1796/228/843 1799/231/781
f 1799/231/844 1801/233/782 1800/232/780
f 1802/234/784 1800/232/785 1801/233/786
f 1801/233/786 1803/235/671 1802/234/787
f 1804/236/788 1805/237/789 1806/238/845
f 1806/238/845 1807/239/791 1804/236/792
f 1797/229/846 1804/236/792 1807/239/793
f 1807/239/793 1798/230/795 1797/229/776
f 1808/240/847 1809/241/848 1810/242/849
f 1810/242/849 1811/243/850 1812/244/851
f 1812/244/851 1813/245/852 1814/246/853
f 1814/246/853 1815/247/854 1816/248/855
f 1812/244/851 1814/246/856 1816/248/855
f 1810/242/849 1812/244/851 1816/248/855
f 1808/240/847 1810/242/849 1816/248/855
f 1817/249/857 1808/240/847 1816/248/855
f 1809/250/858 1808/251/859 1797/229/798
f 1797/229/798 1796/228/2927 1809/250/858
f 1810/252/860 1809/250/861 1796/228/803
f 1796/228/803 1800/232/804 1810/252/860
f 1811/253/862 1810/252/863 1800/232/808
f 1800/232/808 1802/234/784 1811/253/864
f 1812/254/865 1811/253/866 1802/234/813
f 1802/234/814 1818/255/815 1812/254/2933
f 1813/256/867 1812/254/868 1818/255/869
f 1818/255/869 1819/257/818 1813/256/870
f 1814/258/871 1813/256/872 1819/257/873
f 1819/257/873 1824/259/821 1814/258/871
f 1815/260/874 1814/258/875 1824/259/2935
f 1824/259/2936 1827/261/823 1815/260/874
f 1816/262/878 1815/260/879 1827/261/827
f 1827/261/828 1805/263/2937 1816/262/2938
f 1817/264/880 1816/265/881 1805/237/833
f 1805/237/789 1804/236/834 1817/264/2939
f 1808/251/883 1817/264/884 1804/236/839
f 1804/236/839 1797/229/840 1808/251/885
f 1791/192/1011 1789/193/1012 1821/194/1013
f 1821/194/2940 1820/195/1014 1791/192/1015
f 1793/196/1016 1791/192/1017 1820/195/2945
f 1820/195/1019 1771/197/1020 1793/196/1021
f 1779/198/1022 1793/196/1023 1771/197/1024
f 1771/197/1024 1780/199/672 1779/198/1026
f 1787/200/1032 1770/201/1028 1822/202/2941
f 1822/202/1030 1823/203/1031 1787/200/1032
f 1789/193/1033 1787/200/1034 1823/203/1035
f 1823/203/1036 1821/194/1037 1789/193/1033
f 1824/228/1015 1819/229/1012 1825/230/1038
f 1825/230/1038 1826/231/1014 1824/228/1015
f 1827/232/1021 1824/228/1039 1826/231/1018
f 1826/231/1018 1828/233/1020 1827/232/1021
f 1805/234/1022 1827/232/1023 1828/233/1024
f 1828/233/1024 1806/235/1025 1805/234/1026
f 1818/236/1032 1802/237/1028 1803/238/1029
f 1803/238/1030 1829/239/1031 1818/236/1032
f 1819/229/1033 1818/236/1034 1829/239/1035
f 1829/239/1036 1825/230/1037 1819/229/1033
