_FINI_0	00071940	24	true
_INIT_0	00071950	106	true
_INIT_1	000719d4	22	true
_INIT_2	000719f0	70	true
Java_net_fishlabs_gof2hdallandroid2012_ToJNI_BackButtonPressed	00071a70	12	true
NFC::NFC	00071a80	2	true
NFC::iap_buy_dlc_valkyrie	00071a84	80	true
_JNIEnv::CallStaticVoidMethod	00071aec	70	true
NFC::iap_buy_dlc_kaamo_club	00071b3c	80	true
NFC::iap_buy_dlc_supernova	00071ba4	80	true
NFC::iap_buy_dlc_vip	00071c0c	80	true
NFC::iap_buy_dlc_full_package	00071c74	80	true
NFC::iap_restore_purchases	00071cdc	70	true
NFC::iap_buy_credits_100_000	00071d38	80	true
NFC::iap_buy_credits_300_000	00071da0	80	true
NFC::iap_buy_credits_1_000_000	00071e08	80	true
NFC::iap_buy_credits_3_000_000	00071e70	80	true
NFC::iap_buy_credits_10_000_000	00071ed8	80	true
NFC::free_credits_likeGOF2OnFacebook	00071f40	70	true
NFC::free_credits_likeFishlabsOnFacebook	00071f9c	70	true
NFC::free_credits_subscribeToYoutubeChannel	00071ff8	70	true
NFC::free_credits_followOnTwitter	00072054	70	true
NFC::showMoreGames	000720b0	70	true
NFC::rateGame	0007210c	70	true
NFC::free_credits_rateGame	00072168	70	true
NFC::openPrivacyPolicy	000721c4	70	true
NFC::openTermsOfService	00072220	70	true
IsInGameSubMenuNotActive	0007227c	44	true
IsDialogNotVisible2	000722b4	38	true
IsDialogVisible	000722e8	24	true
IsStarMapNotVisible	00072308	14	true
IsDialogNotVisible	0007231c	28	true
IsInPrimaryMenu	00072340	88	true
IsSubMenuActive	000723b0	130	true
IsInGameSubMenuActive	0007244c	20	true
HideMouse	00072464	8	true
CaptureMouse	00072470	8	true
SwitchToOtherMouseConifguration	0007247c	10	true
UseJoystick	0007248c	8	true
GetUseJoystick	00072498	8	true
SetKeyCode	000724a4	130	true
GetKeyState	00072540	24	true
GetKeyState	0007255c	48	true
keyEventPressed	00072590	64	true
keyPressed	000725d8	796	true
keyEventReleased	000729b4	64	true
keyReleased	000729fc	462	true
SendStoredKeyUpEvents	00072c38	60	true
keyReleasedWithDelay	00072c84	32	true
ArrowKeyPressed	00072cb0	30	true
keyIsPressed	00072cd4	48	true
actualizeButtonPositions	00072d0c	2	true
LowerMouseWheel	00072d10	290	true
MouseWheel	00072e68	136	true
MouseInput	00072f04	66	true
KeyboardAnimationTimer	00072f60	2	true
ActualizeMouseVisibilty	00072f64	606	true
simulateTouch	00073278	2126	true
SlowMotion	00073cb8	8	true
SpeedUp	00073cc4	8	true
setValuesForGamepad	00073cd0	14	true
opensubkeyfile	00073ce8	40	true
F	00073d1c	54	true
Blowfish_encipher	00073d58	120	true
Blowfish_decipher	00073ddc	120	true
InitializeBlowfish	00073e60	452	true
JNI_OnLoad	0007405c	96	true
Java_net_fishlabs_gof2hdallandroid2012_ToJNI_setEnvironmentVariables	000740cc	40	true
Java_net_fishlabs_gof2hdallandroid2012_ToJNI_setAPKPath	00074100	104	true
Java_net_fishlabs_gof2hdallandroid2012_ToJNI_setZIPPath	00074174	104	true
Java_net_fishlabs_gof2hdallandroid2012_ToJNI_setCountryCodeOfDevice	000741e8	8	true
Java_net_fishlabs_gof2hdallandroid2012_ToJNI_SetDirectories	000741f0	280	true
Java_net_fishlabs_gof2hdallandroid2012_ToJNI_initialize	0007433c	52	true
Java_net_fishlabs_gof2hdallandroid2012_ToJNI_renderstep	00074378	10	true
Java_net_fishlabs_gof2hdallandroid2012_ToJNI_resetScreenshotFlag	00074388	12	true
Java_net_fishlabs_gof2hdallandroid2012_ToJNI_STARTUP	0007439c	2	true
Java_net_fishlabs_gof2hdallandroid2012_ToJNI_handleAccelerometer	0007439e	18	true
Java_net_fishlabs_gof2hdallandroid2012_ToJNI_resize	000743ae	10	true
Java_net_fishlabs_gof2hdallandroid2012_ToJNI_handleTouchEvent	000743b6	24	true
Java_net_fishlabs_gof2hdallandroid2012_ToJNI_correctBoughtDLC1	000743e0	8	true
Java_net_fishlabs_gof2hdallandroid2012_ToJNI_correctBoughtDLC2	000743e8	8	true
Java_net_fishlabs_gof2hdallandroid2012_ToJNI_correctBoughtDLC3	000743f0	8	true
Java_net_fishlabs_gof2hdallandroid2012_ToJNI_correctBoughtDLC4	000743f8	8	true
Java_net_fishlabs_gof2hdallandroid2012_ToJNI_correctBoughtDLC5	00074400	8	true
Java_net_fishlabs_gof2hdallandroid2012_ToJNI_testPurchase	00074408	6	true
decrypt	0007440e	2	true
Java_net_fishlabs_googleplay_ToJNI_gof2hd2012apk	00074410	12	true
Java_net_fishlabs_googleplay_ToJNI_gof2hd2012getPremiumSKU	00074420	72	true
Java_net_fishlabs_googleplay_ToJNI_gof2hd2012getConsumableSKU	00074484	72	true
Java_net_fishlabs_googleplay_ToJNI_iapBoughtPremium	000744e8	10	true
Java_net_fishlabs_googleplay_ToJNI_iapBoughtConsumable	000744f0	8	true
Java_net_fishlabs_tapjoy_ToJNI_spentAmountOfCredits	00074500	14	true
Java_net_fishlabs_gof2hdallandroid2012_GOF2HD2012_GetLeaderboardScore	0007451c	12	true
Java_net_fishlabs_gof2hdallandroid2012_GOF2HD2012_ResetLeaderboardScore	0007452c	14	true
Java_net_fishlabs_gof2hdallandroid2012_GOF2HD2012_GetAchievementId	00074540	12	true
Java_net_fishlabs_gof2hdallandroid2012_GOF2HD2012_ResetAchievements	00074550	16	true
Java_net_fishlabs_gof2hdallandroid2012_GOF2HD2012_GetShowAchievements	00074564	10	true
Java_net_fishlabs_gof2hdallandroid2012_GOF2HD2012_ResetShowAchievements	00074574	12	true
Java_net_fishlabs_gof2hdallandroid2012_GOF2HD2012_GetLinkGameGP	00074584	10	true
Java_net_fishlabs_gof2hdallandroid2012_GOF2HD2012_ResetLinkGameGP	00074594	12	true
Java_net_fishlabs_gof2hdallandroid2012_GOF2HD2012_GetShowLeaderboards	000745a4	10	true
Java_net_fishlabs_gof2hdallandroid2012_GOF2HD2012_ResetShowLeaderboards	000745b4	12	true
Java_net_fishlabs_gof2hdallandroid2012_GOF2HD2012_SetGPIsLinked	000745c4	10	true
AbyssEngine::Mesh::Mesh	000745e0	248	true
AbyssEngine::MeshConvertToVBO	00074710	56	true
AbyssEngine::Mesh::ReadEnhancedDataFromFile	0007474c	1858	true
AbyssEngine::TransformRelease	00074efc	78	true
AbyssEngine::MeshRelease	00074f4a	32	true
AbyssEngine::MeshReleaseIntern	00074f68	288	true
AbyssEngine::MeshCreate	00075090	366	true
AbyssEngine::MeshReadData	00075208	2602	true
AbyssEngine::MeshCreateFromFile	00075c60	804	true
AbyssEngine::MeshDraw	00075fb8	368	true
AbyssEngine::MeshConvertToVBOIntern	0007612c	724	true
AbyssEngine::TransformConvertToVBO	00076414	60	true
AbyssEngine::MeshIntersect	00076450	714	true
glShadeModel	00076720	2	true
glMatrixMode	00076722	2	true
glVertexPointer	00076724	2	true
glAlphaFunc	00076726	2	true
glLoadIdentity	00076728	2	true
glScalef	0007672a	2	true
glFogf	0007672c	2	true
glFogfv	0007672e	2	true
glLoadMatrixf	00076730	2	true
glTexEnvi	00076732	2	true
glMultMatrixf	00076734	2	true
glTexCoordPointer	00076736	2	true
glNormalPointer	00076738	2	true
glColorPointer	0007673a	2	true
glTexEnvf	0007673c	2	true
glEnableClientState	0007673e	2	true
glClientActiveTexture	00076740	2	true
glMaterialfv	00076742	2	true
glColor4f	00076744	2	true
glLightfv	00076746	2	true
glDisableClientState	00076748	2	true
glLightModelfv	0007674a	2	true
glHint	0007674c	2	true
glMaterialf	0007674e	2	true
AELabelObject	00076750	2	true
AbyssEngine::Engine::SetScreenOrientation	00076752	2	true
AbyssEngine::Engine::initFileInterface	00076754	32	true
AbyssEngine::Engine::InitGL	00076780	358	true
AbyssEngine::Engine::SetFrameBufferScaleFactor	0007691c	2	true
AbyssEngine::Engine::ReleaseGL	0007691e	2	true
AbyssEngine::Engine::PreUpdate	00076920	2	true
AbyssEngine::Engine::ActivateTextureFBO	00076922	14	true
AbyssEngine::Engine::ActivateRender2TextureFBO	00076930	14	true
AbyssEngine::Engine::DeactivateRender2TextureFBO	0007693e	14	true
AbyssEngine::Engine::ActivateRefractFBO	0007694c	16	true
AbyssEngine::Engine::ActivateRender2FracFBO	0007695a	16	true
AbyssEngine::Engine::DeactivateRender2FracFBO	00076968	16	true
AbyssEngine::Engine::ActivateFrameBuffer	00076976	2	true
AbyssEngine::Engine::ActivateViewBuffer	00076978	34	true
AbyssEngine::Engine::CopyFBO	0007699c	158	true
AbyssEngine::Engine::SwapBuffer	00076a40	32	true
AbyssEngine::Engine::GrabFrameBuffer	00076a60	2	true
AbyssEngine::Engine::SaveImageToPhotosAlbum	00076a62	2	true
AbyssEngine::Engine::GetJPEGImageData	00076a64	4	true
logi	00076a68	2	true
loge	00076a6a	2	true
FileInterfaceAndroid::FileInterfaceAndroid	00076a6c	28	true
FileInterfaceAndroid::OpenAppend	00076a8c	4	true
FileInterfaceAndroid::FileInterfaceAndroid	00076a90	60	true
FileInterfaceAndroid::FileInterfaceAndroid	00076ad4	48	true
FileInterfaceAndroid::FileInterfaceAndroid	00076b0c	246	true
FileInterfaceAndroid::~FileInterfaceAndroid	00076c6c	52	true
FileInterfaceAndroid::~FileInterfaceAndroid	00076cba	16	true
FileInterfaceAndroid::OpenRead	00076ccc	494	true
FileInterfaceAndroid::OpenWrite	00076f44	170	true
FileInterfaceAndroid::Read	00077024	358	true
_JNIEnv::CallIntMethod	000771cc	70	true
FileInterfaceAndroid::Write	0007721c	172	true
_JNIEnv::CallVoidMethod	000772d8	70	true
FileInterfaceAndroid::Seek	00077328	82	true
FileInterfaceAndroid::GetFileSize	0007737a	38	true
FileInterfaceAndroid::GetAppRootDir	000773a0	4	true
GetStringLength	000773a4	38	true
FileInterfaceAndroid::FileExist	000773cc	228	true
FileInterfaceAndroid::FileDelete	000774fc	52	true
FileInterfaceAndroid::GetDeviceFreeSpace	00077538	4	true
FileInterfaceAndroid::FileEnumInit	0007753c	4	true
FileInterfaceAndroid::FileGetNextEnum	00077540	4	true
FileInterfaceAndroid::Close	00077544	72	true
FileInterfaceAndroid::SetAppRootDir	00077598	6	true
FileInterfaceAndroid::SetZipDirectory	0007759e	6	true
FileInterfaceAndroid::Output	000775a4	2	true
OpenAppend	000775a6	4	true
FileInterfaceAndroid::SetSaveDirectory	000775aa	2	true
FileInterfaceAndroid::ResetSaveDirectory	000775ac	2	true
FileInterfaceAndroid::GetDirPreFix	000775b0	16	true
AbyssEngine::EaseInOutMatrix::EaseInOutMatrix	000775d0	246	true
AbyssEngine::EaseInOutMatrix::SetRange	000776f0	456	true
AbyssEngine::EaseInOutMatrix::SetDuration	00077900	14	true
AbyssEngine::EaseInOutMatrix::EaseInOutMatrix	00077910	322	true
AbyssEngine::EaseInOutMatrix::UpdateCurrentValue	00077a80	340	true
AbyssEngine::EaseInOutMatrix::Increase	00077bfc	44	true
AbyssEngine::EaseInOutMatrix::Decrease	00077c28	44	true
AbyssEngine::EaseInOutMatrix::RunOut	00077c54	108	true
AbyssEngine::EaseInOutMatrix::GetValue	00077cc0	30	true
AbyssEngine::EaseInOutMatrix::SetToMaxValue	00077cde	12	true
AbyssEngine::EaseInOutMatrix::SetToMinValue	00077cea	12	true
AbyssEngine::EaseInOutMatrix::GetMinValue	00077cf4	28	true
AbyssEngine::EaseInOutMatrix::GetMaxValue	00077d10	30	true
AbyssEngine::ImageRelease	00077d2e	36	true
AbyssEngine::ImageCreateRegionFromFile	00077d54	684	true
AbyssEngine::ImageCreateFontFromFile	0007800c	940	true
AbyssEngine::ImageCreateFromFile	000783c4	708	true
AbyssEngine::TextureCreateFromFile	000786e0	42	true
AbyssEngine::TextureCreateFromFileIntern	0007870c	2108	true
AbyssEngine::GenerateCompressedTexture	00078f9c	4	true
AEPakFile::AEPakFile	00078fa0	34	true
AEPakFile::~AEPakFile	00078fc8	44	true
AEPakFile::~AEPakFile	00078ffc	16	true
AEPakFile::Read	0007900c	52	true
AEPakFile::Skip	00079040	42	true
AEPakFile::GetFileSize	0007906a	4	true
AEPakFile::Release	0007906e	34	true
AENormalFile::AENormalFile	00079090	14	true
AENormalFile::~AENormalFile	000790a4	44	true
AENormalFile::~AENormalFile	000790d8	16	true
AENormalFile::Release	000790e8	34	true
AENormalFile::Read	0007910a	20	true
AENormalFile::Write	0007911e	20	true
AENormalFile::Skip	00079132	20	true
AENormalFile::GetFileSize	00079146	14	true
AEFile::SetInterface	00079154	128	true
AEFile::Release	000791fc	162	true
ArrayReleaseClasses<AELowLevelFile*>	000792bc	62	true
AEFile::sortPakFileEntryList	000792fc	96	true
AEFile::collectFilesInPakFiles	00079368	642	true
AEFile::OpenRead	0007964c	8	true
AEFile::Read	00079654	54	true
AEFile::crc32_ccitt	00079694	64	true
AEFile::Skip	000796d8	52	true
AEFile::Close	00079714	62	true
AEFile::RegisterPakFile	00079760	18	true
AEFile::collectPakFiles	00079770	212	true
AEFile::findPakFile	00079880	312	true
AEFile::Open	000799f4	588	true
AEFile::OpenRead	00079cb0	68	true
AEFile::OpenWrite	00079d0c	8	true
AEFile::OpenWrite	00079d14	68	true
AEFile::OpenAppend	00079d70	10	true
AEFile::OpenAppend	00079d78	68	true
AEFile::Read	00079dd4	10	true
AEFile::Read	00079dde	10	true
AEFile::Read	00079de8	10	true
AEFile::Read	00079df2	10	true
AEFile::Read	00079dfc	10	true
AEFile::Read	00079e06	10	true
AEFile::Read	00079e10	10	true
AEFile::Read	00079e1a	10	true
AEFile::Read	00079e24	10	true
AEFile::Read	00079e2e	12	true
AEFile::Read	00079e38	174	true
AEFile::ReadSwitched	00079ef0	28	true
AEFile::ReadSwitched	00079f0c	30	true
AEFile::ReadSwitched	00079f2a	30	true
AEFile::ReadSwitched	00079f48	130	true
AEFile::Write	00079fd4	54	true
AEFile::Write	0007a014	52	true
AEFile::Write	0007a050	50	true
AEFile::Write	0007a08c	50	true
AEFile::Write	0007a0c8	52	true
AEFile::Write	0007a104	48	true
AEFile::Write	0007a140	52	true
AEFile::Write	0007a17c	52	true
AEFile::Write	0007a1b8	50	true
AEFile::Write	0007a1f4	52	true
AEFile::Write	0007a230	50	true
AEFile::Write	0007a26c	142	true
AEFile::GetFileSize	0007a304	42	true
AEFile::FileExist	0007a338	196	true
AEFile::FileDelete	0007a440	84	true
AEFile::GetDeviceFreeSpace	0007a4b0	20	true
AEFile::GetAppRootDir	0007a4c8	20	true
AEFile::SetAppRootDir	0007a4e0	20	true
AEFile::SetZipDirectory	0007a4f8	20	true
AEFile::SetSaveDirectory	0007a510	76	true
AEFile::ResetSaveDirectory	0007a578	18	true
AEPakFile::Write	0007a590	4	true
AbyssEngine::CameraSetPerspective	0007a594	166	true
AbyssEngine::CameraSetPerspective	0007a63a	140	true
AbyssEngine::CameraIsPointinViewFrustum	0007a6c8	394	true
AbyssEngine::CameraIsSphereinViewFrustum	0007a860	456	true
AbyssEngine::EaseInOut::EaseInOut	0007aa34	38	true
AbyssEngine::EaseInOut::UpdateCurrentValue	0007aa60	104	true
AbyssEngine::EaseInOut::EaseInOut	0007aad0	44	true
AbyssEngine::EaseInOut::SetRange	0007aafc	32	true
AbyssEngine::EaseInOut::Increase	0007ab20	74	true
AbyssEngine::EaseInOut::Decrease	0007ab90	74	true
AbyssEngine::EaseInOut::RunOut	0007ac00	136	true
AbyssEngine::EaseInOut::GetValue	0007aca8	4	true
AbyssEngine::EaseInOut::SetToMaxValue	0007acac	14	true
AbyssEngine::EaseInOut::SetToMinValue	0007acba	16	true
AbyssEngine::EaseInOut::GetMinValue	0007acc8	4	true
AbyssEngine::EaseInOut::GetMaxValue	0007accc	18	true
AbyssEngine::AERandom::AERandom	0007acde	38	true
AbyssEngine::AERandom::setSeed	0007ad04	22	true
AbyssEngine::AERandom::AERandom	0007ad1a	22	true
AbyssEngine::AERandom::~AERandom	0007ad30	2	true
AbyssEngine::AERandom::reset	0007ad32	36	true
AbyssEngine::AERandom::next	0007ad56	74	true
AbyssEngine::AERandom::nextInt	0007ada0	50	true
AbyssEngine::AERandom::nextInt	0007add2	152	true
AbyssEngine::Image2DRelease	0007ae6a	28	true
AbyssEngine::ImageFontDrawString	0007ae86	54	true
AbyssEngine::ImageFontDrawString	0007aec0	1492	true
AbyssEngine::ImageFontCheckString	0007b4c0	60	true
AbyssEngine::ImageFontGetWidth	0007b4fc	130	true
AbyssEngine::ImageFontGetHeight	0007b57e	32	true
AbyssEngine::ImageFontGetYOffset	0007b59e	12	true
AbyssEngine::ImageFontGetWidth	0007b5aa	128	true
AbyssEngine::ImageFontSetSpacing	0007b62a	6	true
AbyssEngine::ImageFontGetSpacing	0007b630	12	true
AbyssEngine::ImageFontSetYOffset	0007b63c	6	true
AbyssEngine::ImageFontRelease	0007b642	90	true
AbyssEngine::String::Reverse	0007b69c	140	true
AbyssEngine::String::operator[]	0007b734	34	true
AbyssEngine::String::String	0007b760	8	true
AbyssEngine::String::String	0007b768	32	true
AbyssEngine::String::Set	0007b788	166	true
AbyssEngine::String::String	0007b82e	32	true
AbyssEngine::String::Set	0007b850	156	true
AbyssEngine::String::String	0007b8f0	34	true
AbyssEngine::String::~String	0007b912	22	true
AbyssEngine::String::operator.cast.to.unsigned_short*	0007b928	4	true
AbyssEngine::String::operator.cast.to.unsigned_short*	0007b92c	4	true
AbyssEngine::String::getWCharFromUtf8	0007b930	328	true
AbyssEngine::String::ConvertFromUTF8	0007ba98	64	true
AbyssEngine::String::GetAEChar	0007bad8	58	true
AbyssEngine::String::GetAEWChar	0007bb12	4	true
AbyssEngine::String::operator[]	0007bb18	34	true
AbyssEngine::String::operator=	0007bb44	20	true
AbyssEngine::String::ValueOf	0007bb58	26	true
AbyssEngine::String::operator+=	0007bb74	126	true
AbyssEngine::String::operator+=	0007bbfc	74	true
AbyssEngine::String::operator+=	0007bc48	106	true
AbyssEngine::String::operator+=	0007bcbc	52	true
AbyssEngine::String::operator+=	0007bcf8	104	true
AbyssEngine::String::StrLen	0007bd68	16	true
AbyssEngine::String::StrLen	0007bd78	28	true
AbyssEngine::String::Set	0007bd94	192	true
AbyssEngine::MODF	0007be54	26	true
AbyssEngine::computeFloatString	0007be70	440	true
AbyssEngine::String::Set	0007c030	378	true
AbyssEngine::operator+	0007c258	92	true
AbyssEngine::String::SubString	0007c2cc	100	true
AbyssEngine::String::Compare	0007c33e	96	true
AbyssEngine::String::Compare	0007c39e	102	true
AbyssEngine::String::IndexOf	0007c404	94	true
AbyssEngine::String::IndexOf	0007c462	10	true
AbyssEngine::String::ReplaceChar	0007c46a	48	true
AbyssEngine::String::ToUpperCase	0007c49c	146	true
AbyssEngine::String::ToLowerCase	0007c534	140	true
AbyssEngine::String::Trim	0007c5d0	118	true
AbyssEngine::String::Split	0007c660	336	true
AbyssEngine::String::SplitTags	0007c7c8	522	true
AbyssEngine::String::ReplaceString	0007ca38	232	true
AbyssEngine::String::GetStringLength	0007cb6c	16	true
AbyssEngine::String::PrintOut	0007cb7c	16	true
AbyssEngine::operator+	0007cb8c	16	true
AbyssEngine::operator+	0007cb9c	102	true
AbyssEngine::operator+	0007cc2c	94	true
AbyssEngine::operator+	0007cca4	102	true
AbyssEngine::operator+	0007cd34	94	true
AbyssEngine::operator+	0007cdac	100	true
AbyssEngine::operator+	0007ce3c	92	true
AbyssEngine::operator==	0007ceb0	82	true
AbyssEngine::AEMath::Vector::operator.cast.to.float*	0007cf0c	2	true
AbyssEngine::AEMath::Vector::operator.cast.to.float*	0007cf0e	2	true
AbyssEngine::AEMath::Vector::operator[]	0007cf10	6	true
AbyssEngine::AEMath::Vector::operator[]	0007cf16	6	true
AbyssEngine::AEMath::Vector::operator=	0007cf1c	14	true
AbyssEngine::AEMath::Vector::operator+=	0007cf2a	50	true
AbyssEngine::AEMath::Vector::operator-=	0007cf5c	50	true
AbyssEngine::AEMath::Vector::operator*=	0007cf8e	42	true
AbyssEngine::AEMath::Vector::operator*=	0007cfb8	50	true
AbyssEngine::AEMath::Vector::operator/=	0007cfea	42	true
AbyssEngine::AEMath::Vector::operator/=	0007d014	50	true
AbyssEngine::AEMath::operator+	0007d046	14	true
AbyssEngine::AEMath::operator-	0007d054	38	true
AbyssEngine::AEMath::operator+	0007d07a	50	true
AbyssEngine::AEMath::operator-	0007d0ac	50	true
AbyssEngine::AEMath::operator*	0007d0de	50	true
AbyssEngine::AEMath::operator*	0007d110	42	true
AbyssEngine::AEMath::operator*	0007d13a	42	true
AbyssEngine::AEMath::operator/	0007d164	50	true
AbyssEngine::AEMath::operator/	0007d196	42	true
AbyssEngine::AEMath::operator/	0007d1c0	42	true
AbyssEngine::AEMath::operator==	0007d1ea	68	true
AbyssEngine::AEMath::operator!=	0007d22e	64	true
AbyssEngine::AEMath::operator<	0007d26e	68	true
AbyssEngine::AEMath::operator>	0007d2b2	68	true
AbyssEngine::AEMath::operator<=	0007d2f6	68	true
AbyssEngine::AEMath::operator>=	0007d33a	68	true
AbyssEngine::AEMath::VectorIsEqual	0007d37e	68	true
AbyssEngine::AEMath::VectorDot	0007d3c2	50	true
AbyssEngine::AEMath::VectorCross	0007d3f4	74	true
AbyssEngine::AEMath::VectorNormalize	0007d440	128	true
AbyssEngine::AEMath::VectorLength	0007d4c4	60	true
AbyssEngine::AEMath::VectorLerp	0007d500	78	true
AbyssEngine::AEMath::BSphere::Merge	0007d550	208	true
AbyssEngine::AEMath::BSphere::Merge	0007d628	344	true
AbyssEngine::AEMath::BSphere::operator=	0007d780	16	true
AbyssEngine::IApplicationModule::SetApplicationManager	0007d790	8	true
AbyssEngine::CurveCreate	0007d798	48	true
AbyssEngine::CurveGetValue	0007d7c8	402	true
AbyssEngine::CurveRelease	0007d95a	84	true
AbyssEngine::CheatCode::CheatCode	0007d9ae	42	true
AbyssEngine::CheatCode::~CheatCode	0007d9e6	32	true
AbyssEngine::CheatCode::Update	0007da06	92	true
AbyssEngine::CheatHandler::CheatHandler	0007da62	50	true
AbyssEngine::CheatHandler::~CheatHandler	0007daa2	108	true
AbyssEngine::CheatHandler::AddCheatCode	0007db10	284	true
AbyssEngine::CheatHandler::SetCheatFunc	0007dc44	6	true
AbyssEngine::CheatHandler::Update	0007dc4a	68	true
AbyssEngine::Transform::Transform	0007dc90	514	true
AbyssEngine::Transform::Transform	0007df20	670	true
AbyssEngine::Transform::CollectAnimationData	0007e250	166	true
AbyssEngine::Transform::SetAnimationState	0007e2f6	32	true
AbyssEngine::Transform::SetAnimationSpeed	0007e316	6	true
AbyssEngine::Transform::InitAnimationRangeInTime	0007e31c	108	true
AbyssEngine::Transform::Update	0007e388	464	true
AbyssEngine::Transform::SetAnimationRangeInTime	0007e560	290	true
AbyssEngine::Transform::SetAnimationRangeInKeyFrames	0007e682	82	true
AbyssEngine::Transform::SetAnimationLength	0007e6d4	10	true
AbyssEngine::Transform::PauseAnimationWithKeyFrame	0007e6de	56	true
AbyssEngine::Transform::InternUpdate	0007e720	2062	true
AbyssEngine::Transform::PauseAnimationWithTimeStamp	0007ef70	28	true
AbyssEngine::Transform::AddKeyFrame	0007ef8c	168	true
AbyssEngine::KeyFrame::KeyFrame	0007f044	98	true
AbyssEngine::Transform::InsertKeyFrame	0007f0b0	94	true
AbyssEngine::Transform::UpdateKeyFrames	0007f10e	1814	true
AbyssEngine::Transform::InsertKeyFrame	0007f824	1354	true
AbyssEngine::Transform::InsertKeyFrame_old	0007fddc	4178	true
AbyssEngine::Transform::DebugOut	00080f74	2	true
AbyssEngine::Transform::IsRunning	00080f76	42	true
AbyssEngine::Transform::SetCurrentAnimationTime	00080fa0	6	true
AbyssEngine::Transform::SetVFCFlag	00080fa6	78	true
AbyssEngine::Transform::InCameraVF	00080ff4	302	true
AbyssEngine::Transform::~Transform	0008112c	78	true
ArrayReleaseClasses<AbyssEngine::KeyFrame*>	0008117a	60	true
AbyssEngine::Transform::SetVisible	000811b6	6	true
ArraySet<AbyssEngine::KeyFrame*>	000811bc	56	true
AbyssEngine::PaintCanvas::PaintCanvas	00081200	654	true
Array<AbyssEngine::AEMath::Matrix>::~Array	000815f0	22	true
Array<unsigned_int>::~Array	00081606	22	true
Array<AbyssEngine::Mesh*>::~Array	0008161c	22	true
Array<AbyssEngine::SpriteSystem*>::~Array	00081632	22	true
Array<AbyssEngine::Material*>::~Array	00081648	22	true
Array<AbyssEngine::Camera*>::~Array	0008165e	22	true
Array<AbyssEngine::Transform*>::~Array	00081674	22	true
Array<AbyssEngine::Image2D*>::~Array	0008168a	22	true
Array<AbyssEngine::ImageFont*>::~Array	000816a0	22	true
Array<AbyssEngine::Resource*>::~Array	000816b6	22	true
Array<AbyssEngine::AELoadedTexture*>::~Array	000816cc	22	true
AbyssEngine::PaintCanvas::~PaintCanvas	000816e4	464	true
AbyssEngine::PaintCanvas::ReleaseAllResources	00081934	800	true
AbyssEngine::ResourceTransform::~ResourceTransform	00081c68	32	true
AbyssEngine::PaintCanvas::SetResourceList	00081c88	64	true
AbyssEngine::PaintCanvas::AddResource	00081cc8	50	true
AbyssEngine::PaintCanvas::GetMeshResourceId	00081cfa	98	true
AbyssEngine::PaintCanvas::GetMeshResourceId	00081d5c	84	true
AbyssEngine::PaintCanvas::GetTextureResourceId	00081db0	84	true
AbyssEngine::PaintCanvas::GetReverseString	00081e04	86	true
AbyssEngine::PaintCanvas::GetReverseString	00081e70	122	true
AbyssEngine::PaintCanvas::CheckString	00081f14	46	true
AbyssEngine::PaintCanvas::DrawString	00081f40	82	true
AbyssEngine::PaintCanvas::SetTexture	00081f92	8	true
AbyssEngine::PaintCanvas::DrawString	00081f98	90	true
AbyssEngine::PaintCanvas::DrawStringColor	00081ff4	398	true
AbyssEngine::PaintCanvas::GetColor	000821b8	82	true
AbyssEngine::PaintCanvas::GetTextWidth	00082210	48	true
AbyssEngine::PaintCanvas::SetColor	00082240	128	true
ArrayReleaseClasses<AbyssEngine::String*>	000822c8	66	true
AbyssEngine::PaintCanvas::DrawRegion2D	00082310	728	true
AbyssEngine::PaintCanvas::SetWorldViewMatrix	00082620	8	true
AbyssEngine::PaintCanvas::DrawRegion2D	00082630	542	true
AbyssEngine::PaintCanvas::RestoreImage2D	00082880	254	true
AbyssEngine::PaintCanvas::MeshSet2DMask	0008297e	46	true
AbyssEngine::PaintCanvas::MeshClear2DMask	000829ac	6	true
AbyssEngine::PaintCanvas::DrawImage2D	000829c0	202	true
AbyssEngine::PaintCanvas::DrawImage2D	00082ab0	318	true
AbyssEngine::PaintCanvas::GetImage2DWidth	00082c10	22	true
AbyssEngine::PaintCanvas::GetImage2DHeight	00082c26	22	true
AbyssEngine::PaintCanvas::DrawImage2D	00082c40	466	true
AbyssEngine::PaintCanvas::GetWidth	00082e40	8	true
AbyssEngine::PaintCanvas::GetHeight	00082e46	8	true
AbyssEngine::PaintCanvas::DrawImage2D	00082e50	738	true
AbyssEngine::PaintCanvas::DrawFrameBufferTexture	00083160	2	true
AbyssEngine::PaintCanvas::FillRectangle	00083170	206	true
AbyssEngine::PaintCanvas::DrawRectangle	00083260	336	true
AbyssEngine::PaintCanvas::DrawLine	000833d0	404	true
AbyssEngine::PaintCanvas::DrawMesh	00083590	22	true
AbyssEngine::PaintCanvas::DrawTransform	000835b0	552	true
AbyssEngine::PaintCanvas::DrawTransform	00083800	208	true
AbyssEngine::PaintCanvas::TextureCreateGlobal	000838d8	118	true
AbyssEngine::PaintCanvas::TextureCreate	00083958	176	true
AbyssEngine::PaintCanvas::TextureCreate	00083a10	20	true
AbyssEngine::PaintCanvas::FontCreate	00083a24	294	true
AbyssEngine::PaintCanvas::FontSetSpacing	00083b54	26	true
AbyssEngine::PaintCanvas::FontGetSpacing	00083b6c	30	true
AbyssEngine::PaintCanvas::FontSetYOffset	00083b8a	26	true
AbyssEngine::PaintCanvas::FontGetYOffset	00083ba2	30	true
AbyssEngine::PaintCanvas::Image2DCreate	00083bc0	254	true
AbyssEngine::PaintCanvas::MeshCreate	00083cc8	302	true
AbyssEngine::PaintCanvas::MaterialCreate	00083e10	304	true
AbyssEngine::PaintCanvas::MeshCreate	00083f58	148	true
AbyssEngine::PaintCanvas::MeshCreate	00083ff4	98	true
AbyssEngine::PaintCanvas::MeshSetTriangleCount	00084060	32	true
AbyssEngine::PaintCanvas::MeshSetPoint	00084080	58	true
AbyssEngine::PaintCanvas::MeshTranslatePoint	000840ba	82	true
AbyssEngine::PaintCanvas::MeshSetUv	0008410c	64	true
AbyssEngine::PaintCanvas::MeshSetColor	00084150	126	true
AbyssEngine::PaintCanvas::MeshSetColor	000841d8	62	true
AbyssEngine::PaintCanvas::MeshSetTriangle	00084216	58	true
AbyssEngine::PaintCanvas::MeshSetNormal	00084250	40	true
AbyssEngine::PaintCanvas::MeshSetTangent	00084278	40	true
AbyssEngine::PaintCanvas::MeshSetBiTangent	000842a0	40	true
AbyssEngine::PaintCanvas::MeshConvertToVBO	000842c8	20	true
AbyssEngine::PaintCanvas::MeshChangeShaderAnimValue	000842da	44	true
AbyssEngine::PaintCanvas::MeshChangeShaderAnimValue	00084304	84	true
AbyssEngine::PaintCanvas::MeshChangeMaterialIntern	00084358	82	true
AbyssEngine::PaintCanvas::MeshChangeMaterialIntern	000843aa	14	true
AbyssEngine::PaintCanvas::MeshCloneMaterial	000843b8	96	true
AbyssEngine::Material::Material	00084428	350	true
AbyssEngine::PaintCanvas::MeshChangeResourceMaterial	00084600	82	true
AbyssEngine::PaintCanvas::MeshChangeMaterial	00084652	48	true
AbyssEngine::PaintCanvas::MeshResourceChangeMaterial	00084680	48	true
AbyssEngine::PaintCanvas::MeshResourceChangeAllMaterial	000846b0	44	true
AbyssEngine::PaintCanvas::MeshGetPointer	000846dc	16	true
AbyssEngine::PaintCanvas::MeshGetTriCount	000846ec	44	true
AbyssEngine::PaintCanvas::TransformGetTriCount	00084718	100	true
AbyssEngine::PaintCanvas::SpriteSystemCreate	0008477c	192	true
AbyssEngine::PaintCanvas::SpriteSystemCreate	00084844	150	true
AbyssEngine::PaintCanvas::SpriteSystemSetAllSize	000848e4	30	true
AbyssEngine::PaintCanvas::SpriteSystemSetAllUv	00084900	64	true
AbyssEngine::PaintCanvas::SpriteSystemSetUv	00084940	76	true
AbyssEngine::PaintCanvas::SpriteSystemSetRGBA	0008498c	76	true
AbyssEngine::PaintCanvas::SpriteSystemSetSize	000849d8	42	true
AbyssEngine::PaintCanvas::SpriteSystemAddSize	00084a02	52	true
AbyssEngine::PaintCanvas::SpriteSystemGetPosition	00084a36	212	true
AbyssEngine::PaintCanvas::SpriteSystemGetPosition	00084b0a	52	true
AbyssEngine::PaintCanvas::SpriteSystemSetPosition	00084b3e	62	true
AbyssEngine::PaintCanvas::SpriteSystemAddPosition	00084b7c	86	true
AbyssEngine::PaintCanvas::DrawSpriteSystem	00084be0	408	true
AbyssEngine::PaintCanvas::DrawSpriteSystem	00084da0	354	true
AbyssEngine::PaintCanvas::DrawSpriteSystem	00084f30	404	true
AbyssEngine::PaintCanvas::TransformCreate	000850f0	354	true
AbyssEngine::PaintCanvas::TransformCreate	00085268	72	true
AbyssEngine::PaintCanvas::TransformAddMesh	000852c0	214	true
AbyssEngine::PaintCanvas::TransformRemoveMesh	000853a0	60	true
AbyssEngine::PaintCanvas::TransformRemoveMeshId	000853da	38	true
AbyssEngine::PaintCanvas::TransformAddMeshId	000853fe	210	true
ArrayRemove<AbyssEngine::Mesh*>	000854d0	66	true
AbyssEngine::PaintCanvas::TransformSetLocal	00085512	24	true
AbyssEngine::PaintCanvas::TransformAddChild	0008552a	112	true
AbyssEngine::PaintCanvas::TransformRemoveChild	0008559a	64	true
ArrayRemove<AbyssEngine::Transform*>	000855d8	66	true
AbyssEngine::PaintCanvas::TransformGetLocal	0008561c	70	true
AbyssEngine::PaintCanvas::TransformSetColor	0008566c	20	true
AbyssEngine::PaintCanvas::TransformGet2DPickedTextureRegion	00085680	388	true
AbyssEngine::PaintCanvas::TransformGet2DPickedTextureRegion	0008580c	232	true
AbyssEngine::PaintCanvas::TransformGetTransform	00085908	20	true
AbyssEngine::PaintCanvas::TransformGetTriCount	0008591c	26	true
AbyssEngine::PaintCanvas::CameraCreate	00085940	174	true
AbyssEngine::PaintCanvas::CameraSetLocal	00085a10	26	true
AbyssEngine::PaintCanvas::CameraGetLocal	00085a2c	74	true
AbyssEngine::PaintCanvas::CameraSetCurrent	00085a80	28	true
AbyssEngine::PaintCanvas::SetProjectionMatrix3d	00085a9c	330	true
AbyssEngine::PaintCanvas::CameraGetCurrent	00085c00	18	true
AbyssEngine::PaintCanvas::CameraGetCurrentFactor1	00085c12	36	true
AbyssEngine::PaintCanvas::CameraSetPerspective	00085c36	126	true
AbyssEngine::PaintCanvas::CameraSetPerspective	00085cb4	120	true
AbyssEngine::PaintCanvas::CameraIsPointinViewFrustum	00085d30	224	true
AbyssEngine::PaintCanvas::CameraIsSphereinViewFrustum	00085e30	242	true
AbyssEngine::PaintCanvas::GetScreenPosition	00085f50	96	true
AbyssEngine::PaintCanvas::GetScreenPosition	00085fd0	598	true
AbyssEngine::PaintCanvas::GetScreenPosition	00086250	396	true
AbyssEngine::PaintCanvas::MaterialCreate	000863e4	86	true
AbyssEngine::Material::Material	00086448	244	true
AbyssEngine::PaintCanvas::MaterialChange	0008658a	22	true
AbyssEngine::PaintCanvas::MaterialResourceChangeTexture	000865a0	76	true
AbyssEngine::PaintCanvas::MaterialGetMaterial	000865ec	20	true
AbyssEngine::PaintCanvas::ChangeCubeTexture	00086600	98	true
AbyssEngine::PaintCanvas::HasVibration	00086668	6	true
AbyssEngine::PaintCanvas::Vibrate	0008666e	6	true
AbyssEngine::PaintCanvas::GetTextWidth	00086674	60	true
AbyssEngine::PaintCanvas::GetTextHeight	000866ae	26	true
AbyssEngine::PaintCanvas::GetLine	000866c8	274	true
AbyssEngine::PaintCanvas::GetLineArray	000867fc	438	true
ArraySetLength<AbyssEngine::String*>	00086a20	52	true
AbyssEngine::PaintCanvas::DrawTextLines	00086a54	130	true
AbyssEngine::PaintCanvas::DrawTextLines	00086ad6	130	true
AbyssEngine::PaintCanvas::DrawTextLines	00086b58	26	true
AbyssEngine::PaintCanvas::ResourceLoaded	00086b74	80	true
AbyssEngine::PaintCanvas::ReleaseSpriteSystemResource	00086bcc	28	true
AbyssEngine::PaintCanvas::SetColor	00086be8	118	true
AbyssEngine::PaintCanvas::SetProjOrthoMatrix	00086c68	192	true
AbyssEngine::PaintCanvas::ClearBuffer	00086d34	36	true
AbyssEngine::PaintCanvas::ClearDepth	00086d56	8	true
AbyssEngine::PaintCanvas::SwapBuffer	00086d5e	2	true
AbyssEngine::PaintCanvas::EnableClip	00086d60	130	true
AbyssEngine::PaintCanvas::DisableClip	00086de4	8	true
AbyssEngine::PaintCanvas::SetShaderMode	00086dec	8	true
AbyssEngine::PaintCanvas::SetBlendMode	00086df4	764	true
AbyssEngine::PaintCanvas::Begin3d	00087110	152	true
AbyssEngine::PaintCanvas::FogEnable	000871ac	66	true
AbyssEngine::PaintCanvas::FogSetParameter	000871f8	316	true
AbyssEngine::PaintCanvas::StartDraw2FBO	00087350	8	true
AbyssEngine::PaintCanvas::StopDraw2FBO	00087356	38	true
AbyssEngine::PaintCanvas::ResetPersMatrix	0008737c	384	true
AbyssEngine::PaintCanvas::SetMatForGlow	00087510	422	true
ArrayAdd<AbyssEngine::AEMath::Matrix>	000876b8	126	true
AbyssEngine::PaintCanvas::RemoveAllMatsForGlow	00087740	188	true
AbyssEngine::PaintCanvas::CheckNUseRefractFBO	000877fc	48	true
AbyssEngine::PaintCanvas::End3d	00087840	3576	true
AbyssEngine::PaintCanvas::BeginBG	000886f0	170	true
AbyssEngine::PaintCanvas::EndBG	000887a0	14	true
AbyssEngine::PaintCanvas::Begin2d	000887b4	218	true
AbyssEngine::PaintCanvas::End2d	000888a0	116	true
AbyssEngine::PaintCanvas::SetGameOrientation	00088940	732	true
AbyssEngine::PaintCanvas::Initialize	00088c1c	258	true
AbyssEngine::PaintCanvas::GetGravValue	00088d1c	8	true
AbyssEngine::PaintCanvas::GetAccelValue	00088d22	8	true
AbyssEngine::PaintCanvas::Suspend	00088d28	96	true
AbyssEngine::PaintCanvas::Resume	00088d90	186	true
AbyssEngine::PaintCanvas::ReloadTextures	00088e5c	144	true
AbyssEngine::PaintCanvas::WarmUpTexture	00088ef4	4	true
AbyssEngine::PaintCanvas::DrawMesh	00088f00	1286	true
ArrayAddCached<AbyssEngine::Mesh*>	00089430	64	true
ArrayAddCached<AbyssEngine::AEMath::Matrix>	00089470	162	true
ArrayAddCached<unsigned_int>	0008951c	66	true
GameText::getRegionCode	00089560	16	true
GameText::convertStringFromArabic	00089574	766	true
GameText::setLanguage	000898fc	10	true
GameText::setLanguage	00089904	840	true
GameText::ReadLangFile	00089d6c	306	true
GameText::isNonArabicString	00089ec8	94	true
AbyssEngine::FBOContainer::FBOContainer	00089f2c	60	true
AbyssEngine::FBOContainer::~FBOContainer	00089f76	22	true
AbyssEngine::FBOContainer::Release	00089f9c	94	true
AbyssEngine::FBOContainer::Create	00089ff8	294	true
AbyssEngine::FBOContainer::BeginCapture	0008a11e	34	true
AbyssEngine::FBOContainer::EndCapture	0008a13e	16	true
AbyssEngine::FBOContainer::Activate	0008a14c	10	true
AbyssEngine::AESoundRessource::getSoundInfo	0008a156	66	true
AbyssEngine::AESoundRessource::AESoundRessource	0008a198	32	true
AbyssEngine::AESoundRessource::~AESoundRessource	0008a1b8	92	true
AbyssEngine::AESoundRessource::freeAllRessources	0008a214	46	true
AbyssEngine::AESoundRessource::SetSound	0008a242	40	true
ArraySetLength<AbyssEngine::AESoundInterface*>	0008a26a	52	true
AbyssEngine::AESoundRessource::initWithoutLoading	0008a2a0	64	true
AbyssEngine::AESoundRessource::init	0008a2e4	116	true
AbyssEngine::AESoundRessource::setVolume	0008a35c	68	true
AbyssEngine::AESoundRessource::setVolume	0008a3a0	44	true
AbyssEngine::AESoundRessource::setSoundVolume	0008a3cc	44	true
AbyssEngine::AESoundRessource::setMusicVolume	0008a3f8	44	true
AbyssEngine::AESoundRessource::isPlaying	0008a424	62	true
AbyssEngine::AESoundRessource::release	0008a462	62	true
AbyssEngine::AESoundRessource::playMusic	0008a4a0	72	true
AbyssEngine::AESoundRessource::playMusicLoop	0008a4e8	72	true
AbyssEngine::AESoundRessource::play	0008a530	6	true
AbyssEngine::AESoundRessource::play	0008a536	88	true
AbyssEngine::AESoundRessource::playLoop	0008a58e	72	true
AbyssEngine::AESoundRessource::stop	0008a5d6	66	true
AbyssEngine::AESoundRessource::stop	0008a618	36	true
AbyssEngine::AESoundRessource::checkLooping	0008a63c	2	true
AbyssEngine::AESoundRessource::supend	0008a63e	36	true
AbyssEngine::AESoundRessource::pause	0008a662	66	true
AbyssEngine::AESoundRessource::pause	0008a6a4	36	true
AbyssEngine::AESoundRessource::resume	0008a6c8	66	true
AbyssEngine::AESoundRessource::resume	0008a70a	36	true
AbyssEngine::AESound::loadSound	0008a72e	2	true
AbyssEngine::AESound::unloadSound	0008a730	2	true
AbyssEngine::AESound::play	0008a732	2	true
AbyssEngine::AESound::play	0008a734	2	true
AbyssEngine::AESound::playLoop	0008a736	2	true
AbyssEngine::AESound::pause	0008a738	2	true
AbyssEngine::AESound::resume	0008a73a	2	true
AbyssEngine::AESound::stop	0008a73c	2	true
AbyssEngine::AESound::isPlaying	0008a73e	4	true
AbyssEngine::AESound::setGain	0008a742	2	true
AbyssEngine::AESound::setVolume	0008a744	2	true
AbyssEngine::AESound::setSoundVolume	0008a746	2	true
AbyssEngine::AESound::setMusicVolume	0008a748	2	true
AbyssEngine::AESound::release	0008a74a	2	true
AbyssEngine::AESound::loaded	0008a74c	4	true
AbyssEngine::AEMath::Matrix::operator.cast.to.float*	0008a750	2	true
AbyssEngine::AEMath::Matrix::operator.cast.to.float*	0008a752	2	true
AbyssEngine::AEMath::Matrix::operator=	0008a754	56	true
AbyssEngine::AEMath::Matrix::operator*=	0008a78c	448	true
AbyssEngine::AEMath::operator*	0008a94c	476	true
AbyssEngine::AEMath::operator==	0008ab30	228	true
AbyssEngine::AEMath::operator!=	0008ac14	226	true
AbyssEngine::AEMath::operator*	0008acf6	146	true
AbyssEngine::AEMath::MatrixMultiply	0008ad88	10	true
AbyssEngine::AEMath::MatrixIdentity	0008ad94	104	true
AbyssEngine::AEMath::MatrixIsEqual	0008ae04	4	true
AbyssEngine::AEMath::MatrixGetRight	0008ae08	14	true
AbyssEngine::AEMath::MatrixGetUp	0008ae16	14	true
AbyssEngine::AEMath::MatrixGetDir	0008ae24	14	true
AbyssEngine::AEMath::MatrixGetPosition	0008ae32	14	true
AbyssEngine::AEMath::MatrixTransformVector	0008ae40	146	true
AbyssEngine::AEMath::MatrixRotateVector	0008aed2	122	true
AbyssEngine::AEMath::MatrixInverseTransformVector	0008af4c	214	true
AbyssEngine::AEMath::MatrixInverseRotateVector	0008b022	122	true
AbyssEngine::AEMath::MatrixSetRotation	0008b09c	224	true
AbyssEngine::AEMath::MatrixSetRotation	0008b17c	746	true
AbyssEngine::AEMath::MatrixSetRotation	0008b474	156	true
AbyssEngine::AEMath::MatrixSetRotation	0008b518	82	true
AbyssEngine::AEMath::MatrixSetScaling	0008b56c	194	true
AbyssEngine::AEMath::MatrixSetTranslation	0008b638	40	true
AbyssEngine::AEMath::MatrixSetTranslation	0008b660	40	true
AbyssEngine::AEMath::MatrixGetInverse	0008b688	178	true
AbyssEngine::AEMath::MatrixGetLookAt	0008b73c	160	true
AbyssEngine::AEMath::MatrixGetGL	0008b7e4	64	true
AbyssEngine::AEMath::MatrixDebugOut	0008b824	2	true
AbyssEngine::Quaternion::Quaternion	0008b826	2	true
AbyssEngine::Quaternion::Quaternion	0008b828	14	true
AbyssEngine::Quaternion::Quaternion	0008b836	14	true
AbyssEngine::Quaternion::Set	0008b844	4	true
AbyssEngine::Quaternion::Quaternion	0008b848	2	true
AbyssEngine::Quaternion::Quaternion	0008b84a	14	true
AbyssEngine::Quaternion::Set	0008b858	528	true
AbyssEngine::Quaternion::~Quaternion	0008ba6c	2	true
AbyssEngine::Quaternion::Set	0008ba6e	210	true
AbyssEngine::Quaternion::Inverse	0008bb40	86	true
AbyssEngine::Quaternion::Dot	0008bb96	66	true
AbyssEngine::Quaternion::Lerp	0008bbd8	114	true
AbyssEngine::Quaternion::Normalized	0008bc4a	136	true
AbyssEngine::Quaternion::Lerp	0008bcd2	240	true
AbyssEngine::Quaternion::operator.cast.to.float*	0008bdc2	2	true
AbyssEngine::Quaternion::operator.cast.to.float*	0008bdc4	2	true
AbyssEngine::Quaternion::operator[]	0008bdc6	6	true
AbyssEngine::Quaternion::operator[]	0008bdcc	6	true
AbyssEngine::Quaternion::Length	0008bdd2	72	true
AbyssEngine::Quaternion::Convert	0008be1a	314	true
GameText::GameText	0008bf54	112	true
GameText::~GameText	0008bffc	44	true
GameText::release	0008c028	58	true
GameText::getLanguage	0008c064	12	true
GameText::setSubstituteArray	0008c074	84	true
GameText::getText	0008c0c8	292	true
AbyssEngine::ApplicationManager::ApplicationManager	0008c26c	1416	true
Array<long_long>::~Array	0008c970	22	true
Array<AbyssEngine::IApplicationModule*>::~Array	0008c986	22	true
AbyssEngine::ApplicationManager::~ApplicationManager	0008c99c	224	true
AbyssEngine::ApplicationManager::SoundSet	0008ca9c	50	true
AbyssEngine::ApplicationManager::SoundRelease	0008cace	16	true
AbyssEngine::ApplicationManager::SoundPlayMusic	0008cadc	22	true
AbyssEngine::ApplicationManager::SoundPlayMusicLoop	0008caf0	22	true
AbyssEngine::ApplicationManager::SoundPlay	0008cb04	22	true
AbyssEngine::ApplicationManager::SoundPlay	0008cb18	22	true
AbyssEngine::ApplicationManager::SoundPlayLoop	0008cb2c	22	true
AbyssEngine::ApplicationManager::SoundStop	0008cb40	16	true
AbyssEngine::ApplicationManager::SoundStopSounds	0008cb4e	16	true
AbyssEngine::ApplicationManager::SoundPauseSounds	0008cb5c	16	true
AbyssEngine::ApplicationManager::SoundPause	0008cb6a	16	true
AbyssEngine::ApplicationManager::SoundResume	0008cb78	42	true
AbyssEngine::ApplicationManager::SoundResumeSounds	0008cba0	40	true
AbyssEngine::ApplicationManager::SoundEnable	0008cbc8	10	true
AbyssEngine::ApplicationManager::SoundFxEnable	0008cbd2	6	true
AbyssEngine::ApplicationManager::SoundMusicEnable	0008cbd8	6	true
AbyssEngine::ApplicationManager::SoundSetVolume	0008cbde	16	true
AbyssEngine::ApplicationManager::SoundSetFXVolume	0008cbec	16	true
AbyssEngine::ApplicationManager::SoundSetMusicVolume	0008cbfa	16	true
AbyssEngine::ApplicationManager::SoundIsPlaying	0008cc08	20	true
AbyssEngine::ApplicationManager::SoundResume	0008cc1c	16	true
AbyssEngine::ApplicationManager::VibrateEnable	0008cc2a	6	true
AbyssEngine::ApplicationManager::VibrateSupported	0008cc30	10	true
AbyssEngine::ApplicationManager::Vibrate	0008cc38	18	true
AbyssEngine::ApplicationManager::RegisterApplicationModule	0008cc48	78	true
AbyssEngine::ApplicationManager::EnablePerformanceTest	0008cc98	86	true
AbyssEngine::ApplicationManager::SetCurrentApplicationModule	0008cd0c	128	true
AbyssEngine::ApplicationManager::SetApplicationModule	0008cda0	14	true
AbyssEngine::ApplicationManager::GetCurrentApplicationModule	0008cdae	4	true
AbyssEngine::ApplicationManager::GetApplicationModule	0008cdb2	44	true
AbyssEngine::ApplicationManager::Quit	0008cdde	8	true
AbyssEngine::ApplicationManager::GetApplicationVersionString	0008cde8	16	true
AbyssEngine::ApplicationManager::SetApplicationData	0008cdfc	4	true
AbyssEngine::ApplicationManager::GetApplicationData	0008ce00	4	true
AbyssEngine::ApplicationManager::GetEngine	0008ce04	6	true
AbyssEngine::ApplicationManager::Suspend	0008ce0a	48	true
AbyssEngine::ApplicationManager::Resume	0008ce3a	52	true
AbyssEngine::ApplicationManager::SetExitCallback	0008ce6e	4	true
AbyssEngine::ApplicationManager::SetLoadingCallback	0008ce72	6	true
AbyssEngine::ApplicationManager::LoadingCallbackShow	0008ce78	10	true
AbyssEngine::ApplicationManager::SetResumeCallback	0008ce82	6	true
AbyssEngine::ApplicationManager::CheatSetCallback	0008ce88	14	true
AbyssEngine::ApplicationManager::CheatAddCode	0008ce94	14	true
AbyssEngine::ApplicationManager::CheatEnable	0008cea0	6	true
AbyssEngine::ApplicationManager::CheatUpdate	0008cea6	18	true
AbyssEngine::ApplicationManager::ConfigReadFile	0008ceb8	66	true
AbyssEngine::ApplicationManager::ConfigRegisterTokenReadFunction	0008cf10	80	true
AbyssEngine::ApplicationManager::ConfigRegisterAction	0008cf78	104	true
AbyssEngine::ApplicationManager::ConfigGetKeysForAction	0008cfe0	198	true
AbyssEngine::ApplicationManager::CheckForOrientationChange	0008d0bc	258	true
AbyssEngine::ApplicationManager::GetElapsedTimeMillis	0008d1e4	18	true
AbyssEngine::ApplicationManager::OnUpdate	0008d1f8	4276	true
AbyssEngine::ApplicationManager::ConvertTouchCoords	0008e5f8	90	true
AbyssEngine::ApplicationManager::OnTouchBegin	0008e654	378	true
AbyssEngine::ApplicationManager::OnTouchMove	0008e80c	106	true
AbyssEngine::ApplicationManager::OnTouchEnd	0008e880	116	true
AbyssEngine::ApplicationManager::OnTouchEnd	0008e900	22	true
AbyssEngine::ApplicationManager::OnKeyPress	0008e916	224	true
AbyssEngine::ApplicationManager::OnKeyRelease	0008e9f6	230	true
AbyssEngine::ApplicationManager::GetKeyState	0008eadc	6	true
AbyssEngine::ApplicationManager::GetActionState	0008eae2	6	true
AbyssEngine::ApplicationManager::ResetKeyState	0008eae8	8	true
AbyssEngine::ApplicationManager::GetCurrentTimeMillis	0008eaf0	6	true
AbyssEngine::ApplicationManager::GetSystemTimeMillis	0008eaf6	6	true
AbyssEngine::ApplicationManager::KeyCodeSetMapping	0008eafc	62	true
AbyssEngine::ApplicationManager::CheckCrack	0008eb3a	4	true
glError	0008eb3e	4	true
Array<int>::~Array	0008eb42	22	true
AbyssEngine::Engine::Engine	0008eb58	496	true
Array<AbyssEngine::ShaderBaseStruct*>::~Array	0008edb4	22	true
AbyssEngine::Engine::~Engine	0008edca	174	true
ArrayReleaseClasses<AbyssEngine::ShaderBaseStruct*>	0008eeb0	86	true
AbyssEngine::Engine::AfterGLInit	0008ef0c	164	true
AbyssEngine::Engine::ResetLightParam	0008efd0	486	true
AbyssEngine::Engine::Initialize	0008f200	6	true
AbyssEngine::Engine::Release	0008f206	2	true
AbyssEngine::Engine::GetDisplayWidth	0008f208	6	true
AbyssEngine::Engine::GetDisplayHeight	0008f20e	6	true
AbyssEngine::Engine::HasVibration	0008f214	22	true
AbyssEngine::Engine::Vibrate	0008f22a	2	true
AbyssEngine::Engine::ClearBuffer	0008f230	118	true
AbyssEngine::Engine::SetOnDestroyApp	0008f2b0	6	true
AbyssEngine::Engine::Suspend	0008f2b6	16	true
AbyssEngine::Engine::Resume	0008f2c6	30	true
AbyssEngine::esMatrixMultiply	0008f2e4	150	true
AbyssEngine::Engine::ShaderInit	0008f384	794	true
AbyssEngine::Engine::ShaderRegister	0008f6f8	178	true
AbyssEngine::Engine::SetFrameBufferTexture	0008f7c0	100	true
AbyssEngine::Engine::SetAddData	0008f822	6	true
AbyssEngine::Engine::SetTexturesExt	0008f828	324	true
AbyssEngine::Engine::SetTextures	0008f988	318	true
AbyssEngine::Engine::GlEnable	0008fae8	568	true
AbyssEngine::Engine::SetTextureSlot	0008fd70	192	true
AbyssEngine::Engine::SetEyePosition	0008fe44	60	true
AbyssEngine::Engine::SetUVMatrix	0008fe88	142	true
AbyssEngine::Engine::ResetUVMatrix	0008ff1c	108	true
AbyssEngine::Engine::SetModelMatrix	0008ff8c	406	true
AbyssEngine::Engine::ShaderUpdate	00090130	38	true
AbyssEngine::Engine::SetWorldViewMatrix	00090158	204	true
AbyssEngine::Engine::SetPerspMatrix	00090234	108	true
AbyssEngine::Engine::SetOrthoMatrix	000902a4	258	true
AbyssEngine::Engine::SetColor	000903b4	218	true
AbyssEngine::Engine::LightSetMaterialColorAlpha	00090494	98	true
AbyssEngine::Engine::LightSetLightCount	000904f6	20	true
AbyssEngine::Engine::LightEnable	0009050c	92	true
AbyssEngine::Engine::LightSetLight	00090568	154	true
AbyssEngine::Engine::LightSetParticleAmbient	00090614	8	true
AbyssEngine::Engine::LightSetGlobalSceneColorAmbient	0009061c	180	true
AbyssEngine::Engine::LightSetLightDirection	000906d4	138	true
AbyssEngine::Engine::LightSetLightPosition	00090768	130	true
AbyssEngine::Engine::LightSetLightColorDiffuse	000907f4	176	true
AbyssEngine::Engine::LightSetLightColorAmbient	000908a8	200	true
AbyssEngine::Engine::LightSetLightColorSpecular	00090974	178	true
AbyssEngine::Engine::LightSetMaterialColorDiffuse	00090a28	154	true
AbyssEngine::Engine::LightSetMaterialColorAmbient	00090ac8	180	true
AbyssEngine::Engine::LightSetMaterialColorSpecular	00090b80	156	true
AbyssEngine::Engine::LightSetRimColor	00090c20	52	true
AbyssEngine::Engine::LightSetMaterialColorShininess	00090c58	32	true
AbyssEngine::SetFXMaterial	00090c7c	2	true
AbyssEngine::Engine::DrawLine2D	00090c80	48	true
AbyssEngine::Engine::ShaderSetActive	00090cb4	196	true
AbyssEngine::Engine::RenderMesh	00090d88	1116	true
AbyssEngine::Engine::ShaderSetInActive	00091268	22	true
AbyssEngine::Engine::AEClientState	00091284	264	true
AbyssEngine::Engine::IsExtensionSupported	00091398	122	true
AbyssEngine::Engine::GetGravValue	00091412	78	true
AbyssEngine::Engine::GetAccelValue	00091460	78	true
AbyssEngine::Engine::SetGravValue	000914ae	34	true
AbyssEngine::Engine::SetAccelValue	000914d0	34	true
AbyssEngine::Engine::ReloadShaders	000914f2	56	true
AbyssEngine::Engine::SetPostEffect	0009152c	326	true
AbyssEngine::Engine::DoPostEffect	000916bc	342	true
AbyssEngine::Engine::DrawCloakFBO	00091838	36	true
AbyssEngine::Engine::IsPostEffectActivated	00091864	12	true
AbyssEngine::Engine::IsRefractActivated	00091870	4	true
AbyssEngine::Engine::DrawQuad	00091880	118	true
AbyssEngine::Engine::GlowBeginGlow	00091920	60	true
AbyssEngine::Engine::GlowEnableGlow	00091960	40	true
AbyssEngine::Engine::GlowEndGlow	00091988	48	true
AbyssEngine::AEMath::Sqrtf	000919bc	30	true
AbyssEngine::AEMath::Sinf	000919d8	4	true
AbyssEngine::AEMath::Cosf	000919dc	4	true
AbyssEngine::AEMath::ACosf	000919e0	4	true
AbyssEngine::AEMath::ATanf	000919e4	4	true
AbyssEngine::AEMath::Absf	000919e8	28	true
AbyssEngine::AEMath::Max	00091a04	28	true
AbyssEngine::AEMath::Min	00091a20	28	true
AbyssEngine::AEMath::Pow	00091a3c	4	true
AbyssEngine::AEMath::InvSqrt	00091a40	54	true
AbyssEngine::SpriteSystemCreate	00091a78	434	true
AbyssEngine::SpriteSystemSetAllUv	00091c30	108	true
AbyssEngine::SpriteSystemSetUv	00091c9c	102	true
AbyssEngine::SpriteSystemSetRGBA	00091d08	112	true
AbyssEngine::SpriteSystemSetAllSize	00091d78	44	true
AbyssEngine::SpriteSystemDraw	00091da4	662	true
AbyssEngine::SpriteSystemRelease	00092044	70	true
AbyssEngine::MaterialDraw	00092090	398	true
AbyssEngine::ConfigReader::ConfigReader	00092238	160	true
AbyssEngine::ConfigReader::RegisterTokenReadFunction	00092324	80	true
FUN_00092610	00092610	94	true
AbyssEngine::ConfigReader::~ConfigReader	00092690	68	true
AbyssEngine::ConfigReader::ParseFile	000926d4	238	true
AbyssEngine::ConfigReader::GetNewLine	000927f0	230	true
AbyssEngine::SpecCubeAlphaMapping::SpecCubeAlphaMapping	00092908	104	true
AbyssEngine::SpecCubeAlphaMapping::Init	000929b4	242	true
AbyssEngine::SpecCubeAlphaMapping::SetInActive	00092af4	28	true
AbyssEngine::SpecCubeAlphaMapping::UpdateMeshData	00092b10	360	true
AbyssEngine::ShaderBaseStruct::RenderEffect	00092c78	2	true
AbyssEngine::ShaderBaseStruct::RenderEffect	00092c7a	2	true
AbyssEngine::ShaderBaseStruct::RenderEffect	00092c7c	2	true
AbyssEngine::ShaderBaseStruct::RenderEffect	00092c7e	2	true
AbyssEngine::BumpShaderParticle::BumpShaderParticle	00092c80	104	true
AbyssEngine::BumpShaderParticle::Init	00092d2c	284	true
AbyssEngine::BumpShaderParticle::SetInActive	00092e9c	72	true
AbyssEngine::BumpShaderParticle::UpdateMeshData	00092ee4	586	true
AbyssEngine::GreenShader::GreenShader	00093138	104	true
AbyssEngine::GreenShader::Init	000931e4	204	true
AbyssEngine::GreenShader::SetInActive	000932f0	62	true
AbyssEngine::GreenShader::UpdateMeshData	0009332e	132	true
AbyssEngine::DrawFBOShader::DrawFBOShader	000933b4	36	true
AbyssEngine::DrawFBOShader::~DrawFBOShader	000933e4	30	true
AbyssEngine::DrawFBOShader::Init	00093408	84	true
AbyssEngine::DrawFBOShader::SetInActive	00093474	22	true
AbyssEngine::DrawFBOShader::RenderEffect	00093490	514	true
AbyssEngine::DrawFBOShader::UpdateMeshData	000936c0	144	true
AbyssEngine::BumpRimCubeShader_new::BumpRimCubeShader_new	00093750	104	true
AbyssEngine::BumpRimCubeShader_new::Init	000937fc	454	true
AbyssEngine::BumpRimCubeShader_new::SetInActive	00093a4c	62	true
AbyssEngine::BumpRimCubeShader_new::UpdateMeshData	00093a8c	950	true
AbyssEngine::SimpleShader::SimpleShader	00093e60	104	true
AbyssEngine::SimpleShader::Init	00093f0c	64	true
AbyssEngine::SimpleShader::SetInActive	00093f60	6	true
AbyssEngine::SimpleShader::UpdateMeshData	00093f66	110	true
AbyssEngine::TextureAlphaTestShader::TextureAlphaTestShader	00093fd4	104	true
AbyssEngine::TextureAlphaTestShader::UseShader	00094080	26	true
AbyssEngine::TextureAlphaTestShader::ConnectShaderComponents	000940a0	156	true
AbyssEngine::TextureAlphaTestShader::Init	00094164	62	true
AbyssEngine::TextureAlphaTestShader::SetInActive	000941ac	36	true
AbyssEngine::TextureAlphaTestShader::UpdateMeshData	000941d0	292	true
AbyssEngine::BloomShader::BloomShader	000942fc	104	true
AbyssEngine::BloomShader::~BloomShader	000943a8	30	true
AbyssEngine::BloomShader::InternalInit	000943cc	274	true
AbyssEngine::BloomShader::Init	00094528	438	true
AbyssEngine::BloomShader::SetInActive	00094710	38	true
AbyssEngine::BloomShader::RenderEffect	00094740	1122	true
AbyssEngine::BloomShader::RenderEffect	00094be0	1076	true
AbyssEngine::BloomShader::UpdateMeshData	00095050	158	true
AbyssEngine::EnergyShield::EnergyShield	000950f0	104	true
AbyssEngine::EnergyShield::Init	0009519c	250	true
AbyssEngine::EnergyShield::SetInActive	000952d8	42	true
AbyssEngine::EnergyShield::UpdateMeshData	00095302	430	true
AbyssEngine::BlurShader::BlurShader	000954b0	120	true
AbyssEngine::BlurShader::~BlurShader	0009556c	30	true
AbyssEngine::BlurShader::Init	00095590	132	true
AbyssEngine::BlurShader::SetInActive	0009563c	22	true
AbyssEngine::BlurShader::RenderEffect	00095654	66	true
AbyssEngine::BlurShader::RenderEffect	000956a0	746	true
AbyssEngine::BlurShader::UpdateMeshData	000959b0	312	true
AbyssEngine::BumpShaderCloak::BumpShaderCloak	00095ae8	104	true
AbyssEngine::BumpShaderCloak::Init	00095b94	396	true
AbyssEngine::BumpShaderCloak::SetInActive	00095d90	62	true
AbyssEngine::BumpShaderCloak::UpdateMeshData	00095dce	778	true
AbyssEngine::BumpShaderV4::BumpShaderV4	000960d8	104	true
AbyssEngine::BumpShaderV4::Init	00096184	236	true
AbyssEngine::BumpShaderV4::SetInActive	000962b4	62	true
AbyssEngine::BumpShaderV4::UpdateMeshData	000962f2	476	true
AbyssEngine::TexOnlyShader::TexOnlyShader	000964d0	104	true
AbyssEngine::TexOnlyShader::Init	0009657c	84	true
AbyssEngine::TexOnlyShader::SetInActive	000965e8	22	true
AbyssEngine::TexOnlyShader::UpdateMeshData	000965fe	144	true
AbyssEngine::BumpShader::BumpShader	00096690	104	true
AbyssEngine::BumpShader::Init	0009673c	344	true
AbyssEngine::BumpShader::SetInActive	00096900	42	true
AbyssEngine::BumpShader::UpdateMeshData	0009692c	596	true
AbyssEngine::TextureVtxColorShader::TextureVtxColorShader	00096b8c	104	true
AbyssEngine::TextureVtxColorShader::UseShader	00096c38	26	true
AbyssEngine::TextureVtxColorShader::ConnectShaderComponents	00096c58	208	true
AbyssEngine::TextureVtxColorShader::Init	00096d60	62	true
AbyssEngine::TextureVtxColorShader::SetInActive	00096da8	42	true
AbyssEngine::TextureVtxColorShader::UpdateMeshData	00096dd4	402	true
AbyssEngine::BumpShaderV3::BumpShaderV3	00096f70	104	true
AbyssEngine::BumpShaderV3::Init	0009701c	356	true
AbyssEngine::BumpShaderV3::SetInActive	000971ec	62	true
AbyssEngine::BumpShaderV3::UpdateMeshData	0009722c	674	true
AbyssEngine::SimpleRefractionShader::SimpleRefractionShader	000974dc	104	true
AbyssEngine::SimpleRefractionShader::Init	00097588	250	true
AbyssEngine::SimpleRefractionShader::SetInActive	000976c4	62	true
AbyssEngine::SimpleRefractionShader::UpdateMeshData	00097702	522	true
AbyssEngine::TextureConference::TextureConference	0009790c	110	true
AbyssEngine::TextureConference::Init	000979bc	108	true
AbyssEngine::TextureConference::SetInActive	00097a48	22	true
AbyssEngine::TextureConference::UpdateMeshData	00097a5e	186	true
AbyssEngine::GlowPPShader::GlowPPShader	00097b18	104	true
AbyssEngine::GlowPPShader::~GlowPPShader	00097bc4	30	true
AbyssEngine::GlowPPShader::InternalInit	00097be8	278	true
AbyssEngine::GlowPPShader::Init	00097d48	190	true
AbyssEngine::GlowPPShader::SetInActive	00097ee0	26	true
AbyssEngine::GlowPPShader::RenderEffect	00097efc	54	true
AbyssEngine::GlowPPShader::RenderEffect	00097f40	1160	true
AbyssEngine::GlowPPShader::UpdateMeshData	00098400	156	true
AbyssEngine::BumpShaderV2::BumpShaderV2	0009849c	104	true
AbyssEngine::BumpShaderV2::Init	00098548	236	true
AbyssEngine::BumpShaderV2::SetInActive	00098678	62	true
AbyssEngine::BumpShaderV2::UpdateMeshData	000986b6	476	true
AbyssEngine::TextureLightShader::TextureLightShader	00098894	104	true
AbyssEngine::TextureLightShader::Init	00098940	276	true
AbyssEngine::TextureLightShader::SetInActive	00098aac	28	true
AbyssEngine::TextureLightShader::UpdateMeshData	00098ac8	466	true
AbyssEngine::NoTexVtxColorShader::NoTexVtxColorShader	00098c9c	104	true
AbyssEngine::NoTexVtxColorShader::Init	00098d48	76	true
AbyssEngine::NoTexVtxColorShader::SetInActive	00098dac	22	true
AbyssEngine::NoTexVtxColorShader::UpdateMeshData	00098dc2	128	true
AbyssEngine::GenericShader2::GenericShader2	00098e44	104	true
AbyssEngine::GenericShader2::Init	00098ef0	204	true
AbyssEngine::GenericShader2::SetInActive	00098ffc	62	true
AbyssEngine::GenericShader2::UpdateMeshData	0009903a	336	true
AbyssEngine::ShaderBaseStruct::ShaderBaseStruct	0009918c	120	true
AbyssEngine::ShaderBaseStruct::DeleteShader	00099230	8	true
AbyssEngine::ShaderBaseStruct::ES2LoadShader	00099238	142	true
AbyssEngine::ShaderBaseStruct::ES2LoadProgram	000992d0	234	true
AbyssEngine::ShaderBaseStruct::LoadBindShader	000993c4	206	true
AbyssEngine::ShaderBaseStruct::UseShader	0009949c	6	true
AbyssEngine::ShaderBaseStruct::Update	000994a2	6	true
AbyssEngine::GenericShader::GenericShader	000994a8	104	true
AbyssEngine::GenericShader::Init	00099554	260	true
AbyssEngine::GenericShader::SetInActive	000996a4	62	true
AbyssEngine::GenericShader::UpdateMeshData	000996e2	490	true
AbyssEngine::GenericShader1::GenericShader1	000998cc	104	true
AbyssEngine::GenericShader1::Init	00099978	204	true
AbyssEngine::GenericShader1::SetInActive	00099a84	62	true
AbyssEngine::GenericShader1::UpdateMeshData	00099ac2	336	true
AbyssEngine::PostBWShader::PostBWShader	00099c14	104	true
AbyssEngine::PostBWShader::~PostBWShader	00099cc0	30	true
AbyssEngine::PostBWShader::Init	00099ce4	84	true
AbyssEngine::PostBWShader::SetInActive	00099d50	22	true
AbyssEngine::PostBWShader::RenderEffect	00099d70	496	true
AbyssEngine::PostBWShader::UpdateMeshData	00099f80	144	true
AbyssEngine::DNSShader::DNSShader	0009a010	104	true
AbyssEngine::DNSShader::Init	0009a0bc	250	true
AbyssEngine::DNSShader::SetInActive	0009a20c	62	true
AbyssEngine::DNSShader::UpdateMeshData	0009a24c	540	true
FUN_0009a468	0009a468	8	true
AbyssEngine::BumpShaderRefract::BumpShaderRefract	0009a470	104	true
AbyssEngine::BumpShaderRefract::Init	0009a51c	214	true
AbyssEngine::BumpShaderRefract::SetInActive	0009a628	42	true
AbyssEngine::BumpShaderRefract::UpdateMeshData	0009a652	392	true
AbyssEngine::BumpRimCubeShader::BumpRimCubeShader	0009a7dc	104	true
AbyssEngine::BumpRimCubeShader::Init	0009a888	454	true
AbyssEngine::BumpRimCubeShader::SetInActive	0009aad8	62	true
AbyssEngine::BumpRimCubeShader::UpdateMeshData	0009ab18	806	true
AbyssEngine::VertexColorShader::VertexColorShader	0009ae50	104	true
AbyssEngine::VertexColorShader::Init	0009aefc	216	true
AbyssEngine::VertexColorShader::SetInActive	0009b018	72	true
AbyssEngine::VertexColorShader::UpdateMeshData	0009b060	540	true
AbyssEngine::NoTexShader::NoTexShader	0009b27c	104	true
AbyssEngine::NoTexShader::Init	0009b328	64	true
AbyssEngine::NoTexShader::SetInActive	0009b37c	6	true
AbyssEngine::NoTexShader::UpdateMeshData	0009b382	128	true
AbyssEngine::CubeMapping::CubeMapping	0009b404	104	true
AbyssEngine::CubeMapping::Init	0009b4b0	224	true
AbyssEngine::CubeMapping::SetInActive	0009b5d4	28	true
AbyssEngine::CubeMapping::UpdateMeshData	0009b5f0	338	true
AbyssEngine::CubeNormalMapping::CubeNormalMapping	0009b744	104	true
AbyssEngine::CubeNormalMapping::Init	0009b7f0	268	true
AbyssEngine::CubeNormalMapping::SetInActive	0009b94c	40	true
AbyssEngine::CubeNormalMapping::UpdateMeshData	0009b974	452	true
AbyssEngine::TextureShader::TextureShader	0009bb38	104	true
AbyssEngine::TextureShader::UseShader	0009bbe4	28	true
AbyssEngine::TextureShader::ConnectShaderComponents	0009bc04	194	true
AbyssEngine::TextureShader::Init	0009bcfc	62	true
AbyssEngine::TextureShader::SetInActive	0009bd44	36	true
AbyssEngine::TextureShader::UpdateMeshData	0009bd68	348	true
AbyssEngine::BumpMapping::BumpMapping	0009becc	104	true
AbyssEngine::BumpMapping::Init	0009bf78	152	true
AbyssEngine::BumpMapping::SetInActive	0009c03c	40	true
AbyssEngine::BumpMapping::UpdateMeshData	0009c064	206	true
AbyssEngine::MaskShader::MaskShader	0009c134	104	true
AbyssEngine::MaskShader::Init	0009c1e0	140	true
AbyssEngine::MaskShader::SetInActive	0009c290	42	true
AbyssEngine::MaskShader::UpdateMeshData	0009c2ba	286	true
AbyssEngine::SandboxShader::SandboxShader	0009c3d8	104	true
AbyssEngine::SandboxShader::Init	0009c484	188	true
AbyssEngine::SandboxShader::SetInActive	0009c578	40	true
AbyssEngine::SandboxShader::UpdateMeshData	0009c5a0	354	true
AbyssEngine::VertexColorAlphaTextureShader::VertexColorAlphaTextureShader	0009c704	104	true
AbyssEngine::VertexColorAlphaTextureShader::Init	0009c7b0	216	true
AbyssEngine::VertexColorAlphaTextureShader::SetInActive	0009c8cc	72	true
AbyssEngine::VertexColorAlphaTextureShader::UpdateMeshData	0009c914	540	true
AbyssEngine::GlowShader::GlowShader	0009cb30	104	true
AbyssEngine::GlowShader::Init	0009cbdc	96	true
AbyssEngine::GlowShader::SetInActive	0009cc58	32	true
AbyssEngine::GlowShader::UpdateMeshData	0009cc78	178	true
AbyssEngine::ColorMixAdd::ColorMixAdd	0009cd2c	104	true
AbyssEngine::ColorMixAdd::Init	0009cdd8	132	true
AbyssEngine::ColorMixAdd::SetInActive	0009ce84	26	true
AbyssEngine::ColorMixAdd::UpdateMeshData	0009ce9e	224	true
AbyssEngine::PulseShader::PulseShader	0009cf80	104	true
AbyssEngine::PulseShader::Init	0009d02c	216	true
AbyssEngine::PulseShader::SetInActive	0009d148	62	true
AbyssEngine::PulseShader::UpdateMeshData	0009d188	530	true
AbyssEngine::SpecCubeMapping::SpecCubeMapping	0009d3a0	104	true
AbyssEngine::SpecCubeMapping::Init	0009d44c	244	true
AbyssEngine::SpecCubeMapping::SetInActive	0009d58c	30	true
AbyssEngine::SpecCubeMapping::UpdateMeshData	0009d5a8	338	true
FModSound::FModSound	0009d6fa	84	true
FModSound::~FModSound	0009d74e	14	true
FModSound::release	0009d760	44	true
FModSound::init	0009d78c	318	true
FModSound::ERRCHECK	0009d8e4	2	true
FModSound::setAudioLanguage	0009d8e8	30	true
FModSound::isHeadsetPluggedIn	0009d908	4	true
FModSound::tryToStopMusicForBGMusic	0009d90c	4	true
FModSound::stopAllSoundFXEvents	0009d910	52	true
FModSound::freeAllEvents	0009d944	244	true
FModSound::getParam	0009da44	68	true
FModSound::setParamValue	0009da90	74	true
FModSound::setParamValue	0009dae4	74	true
FModSound::setMusicParamValue	0009db38	16	true
FModSound::setVolume	0009db48	30	true
FModSound::setSoundVolume	0009db66	26	true
FModSound::updateAll	0009db80	488	true
FModSound::isPlaying	0009dd70	70	true
FModSound::isChannelActive	0009ddc0	70	true
FModSound::IsCategoryEnabled	0009de10	28	true
FModSound::enableCategory	0009de2c	122	true
FModSound::play	0009dea8	552	true
FModSound::playMusicFadeOutCurrent	0009e0e0	46	true
FModSound::fadeOutNow	0009e10e	30	true
FModSound::stop	0009e12c	20	true
FModSound::stop	0009e140	14	true
FModSound::updateEvent3DAttributes	0009e14c	36	true
FModSound::updateEvent3DAttributes	0009e170	568	true
FModSound::pause	0009e3b0	100	true
FModSound::resume	0009e41c	36	true
FModSound::setParamValue	0009e440	72	true
FModSound::enableReverb	0009e490	102	true
FModSound::disableReverb	0009e500	80	true
FModSound::getPlayingProgress	0009e55c	130	true
FModSound::getEventPauseLength	0009e5ec	94	true
FModSound::setDownPitch	0009e658	92	true
FModSound::promptMusicCue	0009e6b8	16	true
FModSound::pause	0009e6c8	24	true
FModSound::resume	0009e6e0	26	true
FModSound::pauseAll	0009e6f8	44	true
FModSound::stopAll	0009e724	44	true
FModSound::resumeAll	0009e750	44	true
FModSound::pauseAllPlaying	0009e77c	70	true
FModSound::pauseAllPlayingSoundFXEvents	0009e7c4	134	true
GetEngine	0009e854	10	true
ExitFunction	0009e864	14	true
ndk23_getScreenshotFlag	0009e878	4	true
ndk23_resetScreenshotFlag	0009e87c	2	true
ndk23_getExitFlag	0009e880	10	true
loadAPK	0009e890	78	true
loadAPKAndZip	0009e8e8	56	true
ndk23_setDisplayHeightAndWidth	0009e928	2	true
ndk23_getCurrentFiredStatus	0009e92a	4	true
ndk23_Init	0009e930	276	true
ndk23_InitWithZip	0009eaa8	306	true
ndk23_resize	0009ec48	54	true
ndk23_ndkDone	0009ec88	52	true
ndk23_handleAcceleration	0009ecd0	352	true
ndk23_newrender	0009ee90	406	true
ndk_checkPlaytimeAndSpendOfferwallCredits	0009f060	66	true
ndk23_handleTouchPadEvent	0009f0b4	148	true
ndk23_setRootDirectory	0009f150	34	true
ndk23_setZipDirectory	0009f178	36	true
ndk23_setCountryCode	0009f1a0	148	true
ndk23_sendingPauseSignal	0009f288	50	true
ndk23_sendingResumeSignal	0009f2c8	26	true
ndk_iapBoughtPremium	0009f2e8	244	true
ndk_getDLC_1_BOUGHT	0009f430	26	true
ndk_getDLC_2_BOUGHT	0009f454	26	true
ndk_getDLC_3_BOUGHT	0009f478	26	true
ndk_getDLC_4_BOUGHT	0009f49c	26	true
ndk_getDLC_5_BOUGHT	0009f4c0	26	true
ndk_iapBoughtConsumable	0009f4e4	88	true
setBaughtCredits	0009f544	280	true
checkFirstCreditPackBoughtWriteAction	0009f698	90	true
ndk_autosave	0009f714	46	true
ndk_getCurrentApplicationModule	0009f750	30	true
ndk_getLogoShown	0009f774	10	true
ndk_isInMainMenu	0009f784	10	true
pConstToNonConst	0009f794	40	true
getStringUTFChars	0009f7bc	16	true
releaseStringUTFChars	0009f7cc	48	true
ndk_setNativeItemInformationList	0009f7fc	1482	true
ndk_resetNativeItemInformationList	0009fe28	826	true
AddTouch	000a027c	116	true
GetTouchCount	000a030c	10	true
RemoveTouches	000a031c	12	true
GetTouch	000a032c	22	true
LODManager::LODManager	000a0348	54	true
LODManager::~LODManager	000a038c	32	true
LODManager::addObject	000a03ac	50	true
LODManager::removeObject	000a03de	48	true
ArrayRemove<AEGeometry*>	000a040e	66	true
LODManager::forceUpdate	000a0450	186	true
LODManager::update	000a051c	24	true
Generator::Generator	000a0534	2	true
Generator::~Generator	000a0536	2	true
Generator::computerTradeGoods	000a0538	100	true
Generator::isKaamoSpecialItem	000a05a0	30	true
Generator::getItemBuyList	000a05c4	2090	true
ArraySetLength<Item*>	000a0e84	52	true
Generator::getShipBuyList	000a0eb8	2974	true
ArraySetLength<Ship*>	000a1b44	52	true
Generator::getLootList	000a1b78	570	true
ArraySetLength<int>	000a1df8	52	true
Generator::generateStationIndex	000a1e2c	376	true
Generator::createAgents	000a1fd0	1564	true
ArraySetLength<Agent*>	000a268c	52	true
Generator::createAgent	000a26c0	824	true
Generator::createMission	000a2a7c	2044	true
MTitle::MTitle	000a3378	16	true
MTitle::~MTitle	000a338c	26	true
MTitle::~MTitle	000a33b0	16	true
MTitle::OnInitialize	000a33c0	78	true
MTitle::OnTouchBegin	000a3418	2	true
MTitle::OnTouchMove	000a341a	2	true
MTitle::OnTouchEnd	000a341c	8	true
MTitle::OnRelease	000a3424	82	true
MTitle::OnKeyPress	000a3488	2	true
MTitle::OnUpdate	000a348a	2	true
MTitle::OnRender2D	000a348c	290	true
MTitle::OnRender3D	000a35c8	36	true
MTitle::OnKeyRelease	000a35f0	2	true
AbyssEngine::IApplicationModule::OnTouchBegin	000a35f2	2	true
AbyssEngine::IApplicationModule::OnTouchMove	000a35f4	2	true
AbyssEngine::IApplicationModule::OnTouchEnd	000a35f6	2	true
AbyssEngine::IApplicationModule::OnSuspend	000a35f8	2	true
AbyssEngine::IApplicationModule::OnResume	000a35fa	2	true
MTitle::ShowLoadingScreen	000a35fc	4	true
Objective::Objective	000a3600	18	true
Objective::Objective	000a3612	26	true
Objective::~Objective	000a362c	54	true
ArrayReleaseClasses<Objective*>	000a3662	66	true
Objective::addObjective	000a36a4	74	true
Objective::achieved	000a36fc	916	true
Objective::getCalcValue	000a3ad0	12	true
Objective::isSurvivalObjective	000a3adc	12	true
Objective::setAchievedText	000a3ae8	32	true
Objective::getAchievedText	000a3b16	4	true
BoundingAAB::BoundingAAB	000a3b1c	146	true
BoundingAAB::~BoundingAAB	000a3bb4	4	true
BoundingAAB::collide	000a3bb8	50	true
BoundingAAB::outerCollide	000a3bea	158	true
BoundingAAB::getCollisionNormal	000a3c88	10	true
BoundingAAB::update	000a3c92	4	true
BoundingAAB::projectCollisionOnSurface	000a3c98	378	true
CutScene::CutScene	000a3e1c	62	true
CutScene::~CutScene	000a3e5c	162	true
ArrayReleaseClasses<AEGeometry*>	000a3f08	66	true
CutScene::resetCamera	000a3f4c	274	true
CutScene::initialize	000a4074	1220	true
CutScene::checkForTurret	000a4594	988	true
CutScene::isInitialized	000a49e8	6	true
CutScene::update	000a49ee	4	true
CutScene::process	000a49f4	2302	true
CutScene::update	000a53b0	4	true
CutScene::replacePlayerShip	000a53b4	304	true
ArrayReleaseClasses<AbyssEngine::AEMath::Vector*>	000a54f8	60	true
ArrayReleaseClasses<Array<AbyssEngine::AEMath::Vector*>*>	000a5534	70	true
CutScene::render2D	000a557a	8	true
CutScene::renderBG	000a5580	12	true
CutScene::render3D	000a558c	116	true
PlayerEgo::PlayerEgo	000a5610	2042	true
PlayerEgo::~PlayerEgo	000a5ee0	358	true
ArrayReleaseClasses<RepairBeam*>	000a6046	66	true
PlayerEgo::setShip	000a6088	656	true
PlayerEgo::setExhaustVisible	000a637c	84	true
PlayerEgo::PlayEngineSound	000a63d0	140	true
PlayerEgo::PauseEngineSound	000a646c	6	true
PlayerEgo::ResumeEngineSound	000a6472	8	true
PlayerEgo::StopEngineSound	000a647c	150	true
PlayerEgo::isDockedToDockingPoint	000a6524	22	true
PlayerEgo::resetMovement	000a653a	20	true
PlayerEgo::resetLastHP	000a654e	18	true
PlayerEgo::startJumpDrive	000a6560	64	true
PlayerEgo::toggleCloaking	000a65a4	646	true
PlayerEgo::hasCloak	000a6854	12	true
PlayerEgo::hasVolatileGoods	000a6860	6	true
PlayerEgo::getVolatileForce	000a6868	46	true
PlayerEgo::addNukeVolatileForce	000a689c	28	true
PlayerEgo::isInTurretMode	000a68b8	6	true
PlayerEgo::setDockingCamera	000a68c0	346	true
PlayerEgo::setTurretMode	000a6a48	552	true
PlayerEgo::isMining	000a6cbc	12	true
PlayerEgo::isInRocketControl	000a6cc8	12	true
PlayerEgo::stopShooting	000a6cd4	68	true
PlayerEgo::stopBoost	000a6d18	70	true
PlayerEgo::isBoostRefreshed	000a6d64	30	true
PlayerEgo::boost	000a6d84	84	true
PlayerEgo::getBoostSpeed	000a6ddc	6	true
PlayerEgo::forceBoost	000a6de2	30	true
PlayerEgo::getCurrentMiningAmount	000a6e00	16	true
PlayerEgo::boosting	000a6e0e	6	true
PlayerEgo::readyToBoost	000a6e14	16	true
PlayerEgo::getBoostPercentage	000a6e24	92	true
PlayerEgo::getBoostRate	000a6e80	48	true
PlayerEgo::getCloakRate	000a6eb0	60	true
PlayerEgo::getDriveChargeRate	000a6eec	44	true
PlayerEgo::driveReady	000a6f18	14	true
PlayerEgo::isChargingDrive	000a6f26	6	true
PlayerEgo::resetChargingDrive	000a6f2c	8	true
PlayerEgo::isChargingCloak	000a6f34	6	true
PlayerEgo::isRechargingCloak	000a6f3a	14	true
PlayerEgo::getCloakRechargeRate	000a6f48	34	true
PlayerEgo::readyForCloak	000a6f6a	26	true
PlayerEgo::isCloaked	000a6f84	6	true
PlayerEgo::setCollide	000a6f8a	6	true
PlayerEgo::setLevel	000a6f90	146	true
PlayerEgo::setRoute	000a7028	6	true
PlayerEgo::getRoute	000a702e	6	true
PlayerEgo::removeRoute	000a7034	28	true
PlayerEgo::levelCollision	000a7050	4	true
PlayerEgo::isDead	000a7054	22	true
PlayerEgo::getHitpoints	000a706a	8	true
PlayerEgo::shoot	000a7070	250	true
PlayerEgo::hasAutoTurret	000a7178	6	true
PlayerEgo::setAutoTurret	000a717e	18	true
PlayerEgo::autoTurretIsEnabled	000a718e	6	true
PlayerEgo::setTurretPosition	000a7194	60	true
PlayerEgo::getTurretPosition	000a71d8	76	true
PlayerEgo::checkForTurret	000a722c	1058	true
PlayerEgo::addGun	000a76c4	22	true
PlayerEgo::addGun	000a76da	24	true
PlayerEgo::getHullDamageRate	000a76f0	8	true
PlayerEgo::getShieldDamageRate	000a76f6	8	true
PlayerEgo::getCurrentSecondaryWeaponIndex	000a76fc	6	true
PlayerEgo::setCurrentSecondaryWeaponIndex	000a7704	18	true
PlayerEgo::GetUpVector	000a771c	12	true
PlayerEgo::GetDirVector	000a7728	12	true
PlayerEgo::getPosition	000a7734	12	true
PlayerEgo::setActive	000a7740	6	true
PlayerEgo::setComputerControlled	000a7746	6	true
PlayerEgo::setFreeze	000a774c	6	true
PlayerEgo::setAutoPilot	000a7754	94	true
PlayerEgo::setThrust	000a77b8	6	true
PlayerEgo::getAutoPilotTarget	000a77be	6	true
PlayerEgo::goingToPlanet	000a77c4	58	true
PlayerEgo::isAutoPilot	000a77fe	6	true
PlayerEgo::goingToStream	000a7804	30	true
PlayerEgo::goingToStation	000a7822	44	true
PlayerEgo::goingToWaypoint	000a784e	6	true
PlayerEgo::goingToWormhole	000a7854	30	true
PlayerEgo::setPosition	000a7874	58	true
PlayerEgo::setPosition	000a78b8	58	true
PlayerEgo::isInWormhole	000a78fc	32	true
PlayerEgo::handleTurretView	000a791c	714	true
PlayerEgo::roll	000a7c04	424	true
PlayerEgo::handleShip	000a7df0	866	true
PlayerEgo::getCloakingPercentage	000a81a0	118	true
PlayerEgo::updateManeuver	000a8230	1180	true
PlayerEgo::moveToPosition	000a8720	932	true
PlayerEgo::handleAutoTurret	000a8ae0	952	true
PlayerEgo::update	000a8ed0	9228	true
PlayerEgo::calcCollision	000ab550	1058	true
PlayerEgo::isDockingToPlanet	000ab9a8	6	true
PlayerEgo::isDockingToStream	000ab9ae	6	true
PlayerEgo::dockToAsteroid	000ab9b4	196	true
PlayerEgo::approachAsteroid	000aba90	1128	true
PlayerEgo::dockToDockingPoint	000abf60	714	true
PlayerEgo::approachDockingPoint	000ac250	2592	true
PlayerEgo::isDockingToDockingPoint	000acd00	22	true
PlayerEgo::isLandingOrTakingOff	000acd16	28	true
PlayerEgo::hitCamera	000acd32	22	true
PlayerEgo::right	000acd48	538	true
PlayerEgo::left	000acf98	534	true
PlayerEgo::down	000ad1e4	584	true
PlayerEgo::up	000ad468	590	true
PlayerEgo::tryToStartEmergencySystem	000ad6f0	124	true
PlayerEgo::emergencySystemActive	000ad774	14	true
PlayerEgo::collidesWithStation	000ad782	6	true
PlayerEgo::isHacking	000ad788	12	true
PlayerEgo::hackingWon	000ad794	20	true
PlayerEgo::deleteHackingGame	000ad7a8	28	true
PlayerEgo::getHackingGameDockIndex	000ad7c4	18	true
PlayerEgo::isInDockingProcedure	000ad7d4	22	true
PlayerEgo::turnVertical	000ad7ec	38	true
PlayerEgo::turnHorizontal	000ad818	30	true
PlayerEgo::getRocketBanking	000ad832	6	true
PlayerEgo::strafe	000ad838	198	true
PlayerEgo::hackingRotateRCW	000ad910	46	true
PlayerEgo::hackingRotateLCW	000ad93c	46	true
PlayerEgo::hackingShuffle	000ad968	16	true
PlayerEgo::alignToHorizon	000ad976	8	true
PlayerEgo::rotate	000ad980	124	true
PlayerEgo::setRotation	000ada08	88	true
PlayerEgo::explode	000ada6c	174	true
PlayerEgo::revive	000adb2c	232	true
PlayerEgo::startSmokeEmission	000adc20	46	true
PlayerEgo::endExplosion	000adc4e	14	true
PlayerEgo::explosionEnded	000adc5c	26	true
PlayerEgo::aboutToReachAutoTarget	000adc76	6	true
PlayerEgo::resetGunDelay	000adc7c	10	true
PlayerEgo::refillGunDelay	000adc84	10	true
PlayerEgo::isDockedToAsteroid	000adc8c	22	true
PlayerEgo::isDockingToAsteroid	000adca2	22	true
PlayerEgo::isDockedToMiningPlant	000adcb8	84	true
PlayerEgo::isDockedToStream	000add18	6	true
PlayerEgo::dockToPlanet	000add20	104	true
PlayerEgo::stopPlanetDock	000add8c	44	true
PlayerEgo::isDockedToPlanet	000addb8	18	true
PlayerEgo::dockToStream	000addcc	130	true
PlayerEgo::shouldSwitchToStandardCam	000ade58	18	true
PlayerEgo::shouldSwitchToFreeLookCam	000ade6a	18	true
PlayerEgo::setDockingState	000ade7c	24	true
PlayerEgo::stopMining	000ade94	518	true
PlayerEgo::lostMiningGame	000ae0b8	6	true
PlayerEgo::setRocketControl	000ae0be	98	true
PlayerEgo::killLiberator	000ae120	152	true
PlayerEgo::initManeuver	000ae1c0	176	true
PlayerEgo::render	000ae27c	230	true
PlayerEgo::hideShipForFirstPersonCameraView	000ae360	42	true
PlayerEgo::setVisible	000ae38a	14	true
PlayerEgo::draw	000ae3a0	608	true
PlayerEgo::drawThrottle	000ae650	478	true
PlayerEgo::throttleChanged	000ae874	66	true
PlayerEgo::getHandling	000ae8b6	6	true
PlayerEgo::shake	000ae8bc	150	true
PlayerEgo::getHUD	000ae95c	6	true
PlayerEgo::isInFreeLookMode	000ae962	6	true
PlayerEgo::setFreeLookMode	000ae968	6	true
PlayerEgo::setTargetFollowCamera	000ae96e	18	true
PlayerEgo::getTargetFollowCamera	000ae97e	6	true
PlayerEgo::pitchAllPrimaryGuns	000ae984	8	true
PlayerEgo::setSpeed	000ae98a	6	true
PlayerEgo::changeThrust	000ae990	86	true
PlayerEgo::getThrust	000ae9ec	6	true
PlayerEgo::getSpeed	000ae9f2	6	true
PlayerEgo::getDockTotalAmount	000ae9f8	6	true
PlayerEgo::getDockTransferedAmount	000ae9fe	6	true
TouchSlider::TouchSlider	000aea04	212	true
TouchSlider::setPosition	000aeae0	72	true
TouchSlider::~TouchSlider	000aeb28	2	true
TouchSlider::getWidth	000aeb2a	4	true
TouchSlider::draw	000aeb30	72	true
TouchSlider::getValue	000aeb7c	46	true
TouchSlider::setValue	000aebaa	56	true
TouchSlider::setFixedScale	000aebe2	4	true
TouchSlider::setHalfTransparent	000aebe6	6	true
TouchSlider::OnTouchBegin	000aebec	28	true
TouchSlider::touchedInside	000aec08	76	true
TouchSlider::OnTouchMove	000aec54	70	true
TouchSlider::OnTouchEnd	000aec9c	186	true
Player::Player	000aed60	552	true
Player::updateDamageRate	000aefc0	130	true
ArraySetLength<Array<Gun*>*>	000af048	52	true
ArraySetLength<Gun*>	000af07c	52	true
Player::getPosition	000af0b0	12	true
Player::~Player	000af0bc	132	true
ArrayReleaseClasses<Gun*>	000af140	66	true
ArrayReleaseClasses<Array<Gun*>*>	000af182	70	true
Player::setShootingEnabled	000af1c8	6	true
Player::isAsteroid	000af1ce	22	true
Player::isGasCloud	000af1e4	22	true
Player::setNeverAttack	000af1fa	6	true
Player::doesNeverAttack	000af200	6	true
Player::setAlwaysEnemy	000af206	16	true
Player::setAlwaysFriend	000af216	20	true
Player::isAlwaysFriend	000af22a	6	true
Player::isAlwaysEnemy	000af230	6	true
Player::setEmpData	000af236	34	true
Player::setPlayShootSound	000af258	10	true
Player::setRadius	000af262	4	true
Player::setKIPlayer	000af266	6	true
Player::getKIPlayer	000af26c	6	true
Player::reset	000af272	104	true
Player::setEnemies	000af2da	160	true
Player::setEnemy	000af388	82	true
Player::addEnemies	000af3e8	194	true
Player::addEnemy	000af4b8	150	true
Player::getEnemies	000af55a	4	true
Player::getEnemy	000af55e	10	true
Player::getRadius	000af568	4	true
Player::setHitpoints	000af56c	18	true
Player::setShieldHP	000af57e	38	true
Player::setArmorHP	000af5a4	18	true
Player::setGammaHP	000af5b8	48	true
Player::setMaxEmpPoints	000af5ec	8	true
Player::setMaxHitpoints	000af5f4	10	true
Player::setMaxShieldHP	000af5fe	20	true
Player::setMaxArmorHP	000af612	8	true
Player::getEmpPoints	000af61a	4	true
Player::getMaxEmpPoints	000af61e	6	true
Player::getMaxShieldHP	000af624	6	true
Player::getShieldHP	000af62a	14	true
Player::getCombinedHP	000af638	38	true
Player::getArmorHP	000af65e	6	true
Player::getMaxArmorHP	000af664	6	true
Player::getGammaHP	000af66a	14	true
Player::regenerateShield	000af678	42	true
Player::regenerateShield	000af6a2	42	true
Player::regenerateArmor	000af6cc	20	true
Player::regenerateHull	000af6e0	20	true
Player::getHitpoints	000af6f4	4	true
Player::getMaxHitpoints	000af6f8	6	true
Player::getDamageRate	000af6fe	6	true
Player::getEmpDamageRate	000af704	6	true
Player::getShieldDamageRate	000af70a	6	true
Player::getArmorDamageRate	000af710	6	true
Player::setVulnerable	000af716	6	true
Player::setHitVector	000af71c	6	true
Player::setBombForce	000af722	6	true
Player::setEmpForce	000af728	6	true
Player::getBombForce	000af72e	6	true
Player::getEmpForce	000af734	6	true
Player::getHitVector	000af73a	16	true
Player::getGunRegenRate	000af74a	4	true
Player::damageHull	000af74e	64	true
Player::damageShip	000af78e	14	true
Player::damageShield	000af79c	84	true
Player::damageGamma	000af7f0	52	true
Player::resetDamageDoneByPlayer	000af824	14	true
Player::damageEmp	000af834	530	true
Player::damage	000afa70	1296	true
Player::damage	000affd0	12	true
Player::turnedEnemy	000affda	6	true
Player::turnEnemy	000affe0	8	true
Player::gunAvailable	000affe8	34	true
Player::isDead	000b000a	12	true
Player::isDamaged	000b0016	6	true
Player::setActive	000b001c	6	true
Player::isActive	000b0022	6	true
Player::addGun	000b0028	122	true
Player::calcWeaponSounds	000b00b0	416	true
Player::addGun	000b0264	158	true
Player::removeAllGuns	000b030e	38	true
Player::getGunSlots	000b0334	4	true
Player::resetGunDelay	000b0338	50	true
Player::refillGunDelay	000b036a	52	true
Player::stopShootSound	000b03a0	66	true
Player::playShootSound	000b03f0	164	true
Player::shoot	000b04b4	402	true
Player::stopShooting	000b0654	74	true
Player::stopShooting	000b069e	82	true
Player::shoot	000b06f0	448	true
Player::shoot	000b08bc	108	true
Player::shoot	000b0928	118	true
Player::PlayEngineSound	000b09a0	98	true
Player::PauseEngineSound	000b0a14	30	true
Player::ResumeEngineSound	000b0a38	46	true
Player::StopEngineSound	000b0a6c	36	true
Player::GetEngineEvent	000b0a94	6	true
Player::update	000b0a9c	450	true
Player::heal	000b0c88	100	true
Player::pitchAllPrimaryGuns	000b0cec	38	true
Player::replaceGuns	000b0d12	2	true
AEGeometry::AEGeometry	000b0d20	216	true
AEGeometry::AEGeometry	000b0e20	160	true
AEGeometry::~AEGeometry	000b0ee0	66	true
AEGeometry::addChild	000b0f22	32	true
AEGeometry::setMesh	000b0f42	28	true
AEGeometry::getParentPosition	000b0f5c	34	true
AEGeometry::getPosition	000b0f7e	26	true
AEGeometry::getDirection	000b0f98	26	true
AEGeometry::getUpVector	000b0fb2	26	true
AEGeometry::getRightVector	000b0fcc	26	true
AEGeometry::getRotation	000b0fe6	14	true
AEGeometry::getScaling	000b0ff4	14	true
AEGeometry::getMatrix	000b1002	14	true
AEGeometry::setMatrix	000b1010	12	true
AEGeometry::getReferenceMatrix	000b101a	4	true
AEGeometry::setPosition	000b1020	80	true
AEGeometry::setPosition	000b1078	66	true
AEGeometry::setDirection	000b10c4	254	true
AEGeometry::setRotation	000b11cc	14	true
AEGeometry::setRotation	000b11d8	112	true
AEGeometry::setScaling	000b1250	8	true
AEGeometry::setScaling	000b1258	114	true
AEGeometry::setScaling	000b12d4	12	true
AEGeometry::rotate	000b12e0	148	true
AEGeometry::rotate	000b137c	14	true
AEGeometry::translate	000b1388	12	true
AEGeometry::translate	000b1394	164	true
AEGeometry::moveForward	000b1440	188	true
AEGeometry::setVisible	000b1504	10	true
AEGeometry::isVisible	000b150e	6	true
AEGeometry::render	000b1514	18	true
AEGeometry::getID	000b1526	4	true
AEGeometry::setRotationOrder	000b152a	4	true
AEGeometry::updateReferenceMatrix	000b152e	30	true
AEGeometry::setLodLastVisibleDistance	000b154c	18	true
AEGeometry::setLodChildMeshes	000b155e	168	true
AEGeometry::setLodChildTransform	000b1606	70	true
AEGeometry::setLodMeshesWithMeshIds	000b164c	234	true
AEGeometry::setLodMeshes	000b1736	254	true
AEGeometry::updateLod	000b1834	568	true
AEGeometry::hasLod	000b1a7c	10	true
AEGeometry::DEBUG_setMeshMergerIndex	000b1a86	6	true
PlayerJumpgate::PlayerJumpgate	000b1a8c	250	true
ArraySetLength<BoundingVolume*>	000b1bb0	52	true
PlayerJumpgate::~PlayerJumpgate	000b1be4	4	true
PlayerJumpgate::~PlayerJumpgate	000b1be8	16	true
PlayerJumpgate::addJumpAnimationHandle	000b1bf8	6	true
PlayerJumpgate::activate	000b1c00	72	true
PlayerJumpgate::timeToJump	000b1c4c	40	true
PlayerJumpgate::animationEnded	000b1c78	42	true
PlayerJumpgate::setPosition	000b1ca8	42	true
PlayerJumpgate::update	000b1cd4	46	true
KIPlayer::initPush	000b1d08	2	true
KIPlayer::push	000b1d0a	2	true
KIPlayer::outerCollide	000b1d0c	26	true
KIPlayer::getSpeed	000b1d26	4	true
KIPlayer::getCollisionNormal	000b1d2a	10	true
KIPlayer::setState	000b1d34	6	true
PlayerWormHole::PlayerWormHole	000b1d3c	128	true
PlayerWormHole::reset	000b1dd8	18	true
PlayerWormHole::~PlayerWormHole	000b1dea	4	true
PlayerWormHole::~PlayerWormHole	000b1dee	16	true
PlayerWormHole::open	000b1dfe	16	true
PlayerWormHole::isShrinking	000b1e0e	18	true
PlayerWormHole::setPosition	000b1e20	52	true
PlayerWormHole::render	000b1e52	14	true
PlayerWormHole::freeMissionLock	000b1e60	8	true
PlayerWormHole::update	000b1e68	1104	true
PlayerWormHole::getPosition	000b2300	38	true
KIPlayer::KIPlayer	000b2328	546	true
KIPlayer::~KIPlayer	000b2584	190	true
ArrayReleaseClasses<SpacePoint*>	000b2648	66	true
KIPlayer::~KIPlayer	000b268a	16	true
KIPlayer::isVisible	000b269a	6	true
KIPlayer::setVisible	000b26a0	16	true
KIPlayer::setSpacePoints	000b26b0	6	true
KIPlayer::getSpacePoints	000b26b6	6	true
KIPlayer::getNearestNavigationPoint	000b26bc	264	true
KIPlayer::getNearestDockingPoint	000b27d0	234	true
KIPlayer::setShipGroup	000b28c8	142	true
KIPlayer::setJumper	000b2968	6	true
KIPlayer::isJumper	000b296e	6	true
KIPlayer::setInitialRotation	000b2974	2	true
KIPlayer::reset	000b2976	82	true
KIPlayer::setToSleep	000b29c8	28	true
KIPlayer::setActive	000b29e4	6	true
KIPlayer::setInitActive	000b29ea	20	true
KIPlayer::captureCrate	000b2a00	720	true
KIPlayer::isDead	000b2d04	14	true
KIPlayer::isDying	000b2d12	14	true
KIPlayer::isWingMan	000b2d20	6	true
KIPlayer::setWingman	000b2d26	12	true
KIPlayer::setWingmanCommand	000b2d32	6	true
KIPlayer::setSpeed	000b2d38	4	true
KIPlayer::setRotationSpeed	000b2d3c	6	true
KIPlayer::setLevel	000b2d42	4	true
KIPlayer::enableExplosion	000b2d46	2	true
KIPlayer::setRoute	000b2d48	36	true
KIPlayer::getRoute	000b2d6c	4	true
KIPlayer::setEnemies	000b2d70	8	true
KIPlayer::PauseEngineSound	000b2d76	24	true
KIPlayer::PlayEngineSound	000b2d8c	26	true
KIPlayer::ResumeEngineSound	000b2da4	26	true
KIPlayer::StopEngineSound	000b2dbc	24	true
KIPlayer::addGun	000b2dd2	8	true
KIPlayer::addGun	000b2dd8	8	true
KIPlayer::getType	000b2dde	6	true
KIPlayer::isEnemy	000b2de4	8	true
KIPlayer::getPosition	000b2dec	14	true
KIPlayer::isDocked	000b2dfa	14	true
KIPlayer::setDead	000b2e08	14	true
KIPlayer::awake	000b2e16	14	true
KIPlayer::setJumpSphere	000b2e24	6	true
KIPlayer::createCrate	000b2e2c	186	true
KIPlayer::cargoAvailable	000b2f00	36	true
KIPlayer::levelCollision	000b2f24	4	true
KIPlayer::render	000b2f28	6	true
KIPlayer::translate	000b2f2e	32	true
KIPlayer::jump	000b2f4c	14	true
KIPlayer::revive	000b2f5a	2	true
KIPlayer::setPosition	000b2f5c	58	true
KIPlayer::setPosition	000b2f94	58	true
KIPlayer::update	000b2fd8	2	true
KIPlayer::collide	000b2fda	4	true
KIPlayer::outerCollide	000b2fde	4	true
KIPlayer::getProjectionVector	000b2fe2	10	true
KIPlayer::projectCollisionOnSurface	000b2fec	10	true
ListItem::ListItem	000b2ff6	98	true
ListItem::init	000b3066	50	true
ListItem::ListItem	000b3098	194	true
ListItem::ListItem	000b316a	58	true
ListItem::ListItem	000b31a4	58	true
ListItem::ListItem	000b31de	58	true
ListItem::ListItem	000b3218	56	true
ListItem::ListItem	000b3250	58	true
ListItem::ListItem	000b328a	104	true
ListItem::ListItem	000b3300	86	true
ListItem::ListItem	000b3364	96	true
ListItem::ListItem	000b33d2	96	true
ListItem::ListItem	000b3440	56	true
ListItem::ListItem	000b3478	108	true
ListItem::ListItem	000b34f4	64	true
ListItem::ListItem	000b3534	56	true
ListItem::ListItem	000b356c	56	true
ListItem::~ListItem	000b35a4	42	true
ListItem::isSelectable	000b35ce	6	true
ListItem::isImage	000b35d4	14	true
ListItem::isShip	000b35e2	10	true
ListItem::isItem	000b35ec	10	true
ListItem::isCargo	000b35f6	10	true
ListItem::isTab	000b3600	32	true
ListItem::isMission	000b3620	10	true
ListItem::isSlot	000b362a	14	true
ListItem::isTextButton	000b3638	6	true
ListItem::isSellButton	000b363e	20	true
ListItem::isMoveToCargoButton	000b3652	20	true
ListItem::isBluePrint	000b3666	10	true
ListItem::isPendingProduct	000b3670	10	true
ListItem::isText	000b367a	6	true
ListItem::getNumLines	000b3680	16	true
ListItem::checkCredits	000b3690	66	true
ListItem::checkSlot	000b36dc	54	true
ListItem::checkSort	000b3718	44	true
ListItem::getPrice	000b3748	26	true
ListItem::getIndex	000b375e	54	true
Station::Station	000b378e	56	true
Station::Station	000b37d4	100	true
Station::~Station	000b385c	264	true
ArrayReleaseClasses<Ship*>	000b3988	66	true
ArrayReleaseClasses<Item*>	000b39ca	66	true
Station::getSystem	000b3a0c	4	true
Station::getName	000b3a10	12	true
Station::getIndex	000b3a1c	4	true
Station::setAttackedFriends	000b3a20	6	true
Station::hasAttackedFriends	000b3a26	6	true
Station::isAttackedByAliens	000b3a2c	24	true
Station::isPlanet	000b3a48	4	true
Station::getTextureIndex	000b3a4c	4	true
Station::isDiscovered	000b3a50	22	true
Station::visit	000b3a6c	62	true
Station::getTecLevel	000b3ab4	4	true
Station::getShips	000b3ab8	4	true
Station::getItems	000b3abc	4	true
Station::getAgents	000b3ac0	4	true
Station::removeShips	000b3ac4	38	true
Station::removeShip	000b3aea	16	true
ArrayRemove<Ship*>	000b3af8	66	true
Station::setShips	000b3b3a	134	true
Station::setItems	000b3bce	126	true
Station::setAgents	000b3c5a	46	true
ArrayReleaseClasses<Agent*>	000b3c88	66	true
Station::hasItem	000b3cca	56	true
Station::hasShip	000b3d02	56	true
Station::addItem	000b3d3a	146	true
Station::addShip	000b3dd8	126	true
Station::stationHasPirateBase	000b3e64	54	true
Station::getPirateStationIndex	000b3ea4	30	true
Station::stationHasHiddenBlueprint	000b3ec8	56	true
Station::getHiddenBlueprintIndex	000b3f08	30	true
Station::clone	000b3f2c	86	true
Station::equals	000b3fa4	18	true
RepairBeam::RepairBeam	000b3fb8	300	true
ArraySetLength<AEGeometry*>	000b4104	52	true
ArraySetLength<float>	000b4138	52	true
RepairBeam::~RepairBeam	000b416c	86	true
RepairBeam::update	000b41c4	1954	true
RepairBeam::render	000b49dc	50	true
ImagePart::ImagePart	000b4a10	46	true
ImagePart::~ImagePart	000b4a44	2	true
ImagePart::draw	000b4a48	66	true
Explosion::Explosion	000b4a90	888	true
Explosion::setScaling	000b4ee0	290	true
Explosion::reset	000b501c	318	true
Explosion::~Explosion	000b5170	70	true
Explosion::addFireStreaks	000b51b8	382	true
Explosion::setWeaponIndex	000b5364	4	true
Explosion::playSound	000b5368	222	true
Explosion::start	000b5478	384	true
Explosion::start	000b5620	304	true
Explosion::update	000b5768	452	true
Explosion::update	000b5950	228	true
Explosion::peakReached	000b5a44	22	true
Explosion::isPlaying	000b5a5a	6	true
Explosion::render	000b5a60	408	true
Explosion::translate	000b5c08	30	true
Status::Status	000b5c26	602	true
ArraySetLength<Mission*>	000b5eb4	52	true
ArraySetLength<Station*>	000b5ee8	52	true
ArraySetLength<bool>	000b5f1c	48	true
Status::~Status	000b5f4c	154	true
ArrayReleaseClasses<Station*>	000b5fe6	66	true
ArrayReleaseClasses<Wanted*>	000b6028	66	true
Status::addPendingProduct	000b606a	170	true
Status::getPendingProducts	000b6124	4	true
Status::getSystemVisibilities	000b6128	4	true
Status::setSystemVisibility	000b612c	8	true
Status::getStationStack	000b6134	6	true
Status::setStationStack	000b613a	6	true
Status::addStationToStack	000b6140	120	true
Status::isOnStack	000b61b8	58	true
Status::setStation	000b61f4	460	true
Status::departStation	000b63e0	1026	true
Status::inAlienOrbit	000b6810	12	true
Status::getStation	000b681a	6	true
Status::getPlayingTime	000b6820	6	true
Status::setMission	000b6826	6	true
Status::getShip	000b682c	6	true
Status::gameWon	000b6832	14	true
Status::getCurrentCampaignMission	000b6840	6	true
Status::getCampaignMission	000b6846	10	true
Status::getMission	000b6850	6	true
Status::moveWanted	000b6858	868	true
Status::getPassengers	000b6be8	4	true
Status::setPassengers	000b6bec	4	true
Status::getMissions	000b6bf0	6	true
Status::getFreelanceMission	000b6bf6	10	true
Status::setFreelanceMission	000b6c00	10	true
Status::setCampaignMission	000b6c0c	66	true
Status::getNumberOfMissions	000b6c54	44	true
Status::getMaxMissions	000b6c80	4	true
Status::incMissionCount	000b6c84	12	true
Status::setCurrentCampaignMission	000b6c90	6	true
Status::nextCampaignMission	000b6c98	7840	true
Status::changeCredits	000b8e84	40	true
Status::setShip	000b8eac	34	true
Status::setStationsVisited	000b8ece	6	true
Status::getStationsVisited	000b8ed4	6	true
Status::dlc1Won	000b8eda	14	true
Status::inEmptyOrbit	000b8ee8	142	true
Status::inPlanetRingOrbit	000b8f76	54	true
Status::orbitHasPlanetRing	000b8fac	30	true
Status::inStormOrbit	000b8fca	74	true
Status::inSupernovaSystem	000b9014	52	true
Status::getSystem	000b9048	6	true
Status::inFogSkyboxOrbit	000b904e	58	true
Status::inSupernovaOrbit	000b9088	38	true
Status::inDeepScienceOrbit	000b90ae	58	true
Status::inBlackMarketSystem	000b90e8	38	true
Status::inPirateLootOrbit	000b910e	58	true
Status::hardCoreMode	000b9148	30	true
Status::getWantedInCurrentOrbit	000b916c	136	true
Status::missionFailed	000b91f4	88	true
Status::missionCompleted	000b924c	1388	true
Status::setJumpgateUsed	000b9830	6	true
Status::jumpgateUsed	000b9836	12	true
Status::getJumpgateUsed	000b9842	6	true
Status::crateCaptured	000b9848	12	true
Status::setCapturedCrates	000b9854	6	true
Status::getCapturedCrates	000b985a	6	true
Status::incEquipmentBought	000b9860	12	true
Status::setBoughtEquipment	000b986c	6	true
Status::getBoughtEquipment	000b9872	6	true
Status::removeMission	000b9878	156	true
Status::visitStation	000b9918	12	true
Status::getPlanetNames	000b9924	6	true
Status::getPlanetTextures	000b992a	6	true
Status::getCredits	000b9930	6	true
Status::setRating	000b9936	6	true
Status::setPlayingTime	000b993c	6	true
Status::setKills	000b9942	6	true
Status::setMissionCount	000b9948	6	true
Status::setLevel	000b994e	6	true
Status::setLastXP	000b9954	6	true
Status::setGoodsProduced	000b995a	6	true
Status::getGoodsProduced	000b9960	6	true
Status::incGoodsProduced	000b9966	12	true
Status::setCredits	000b9972	6	true
Status::checkForLevelUp	000b9978	98	true
Status::getRating	000b99e0	6	true
Status::getLastXP	000b99e6	6	true
Status::changeRating	000b99ec	36	true
Status::getKills	000b9a10	6	true
Status::incKills	000b9a18	24	true
Status::setPirateKills	000b9a34	6	true
Status::getPirateKills	000b9a3a	6	true
Status::incPirateKills	000b9a40	24	true
Status::addKills	000b9a5c	12	true
Status::getMissionCount	000b9a68	6	true
Status::getLevel	000b9a6e	6	true
Status::getStanding	000b9a74	4	true
Status::getBluePrints	000b9a78	4	true
Status::unlockBluePrint	000b9a7c	58	true
Status::isBlueprintUnlocked	000b9ab6	62	true
Status::getAgents	000b9af4	4	true
Status::incPlayingTime	000b9af8	16	true
Status::getWingmen	000b9b08	4	true
Status::setWingmen	000b9b0c	122	true
Status::replaceHash	000b9b98	104	true
Status::replaceHash	000b9c30	214	true
Status::stringHasToken	000b9d54	26	true
Status::calcCargoPrices	000b9d70	718	true
Status::loadAgents	000ba06c	40	true
Status::loadAgents	000ba0a2	2	true
Status::getCollectedBounties	000ba0a4	14	true
Status::incCollectedBounties	000ba0b2	16	true
Status::isFreighterMissionStation	000ba0c2	64	true
Status::getFreighterMissionStationBit	000ba102	94	true
Status::getGammaRayDamagePerSecond	000ba160	68	true
Status::loadWanted	000ba1b0	40	true
Status::getWanted	000ba1e6	4	true
Status::isStorylineWanted	000ba1ea	12	true
Status::wantedBoardAccessible	000ba1f8	160	true
Status::activateNewWanted	000ba2ac	1100	true
ArrayReleaseClasses<SolarSystem*>	000ba748	66	true
Status::resetGame	000ba78c	1752	true
ArrayReleaseClasses<BluePrint*>	000baec8	66	true
ArraySetLength<BluePrint*>	000baf0a	52	true
ArrayReleaseClasses<PendingProduct*>	000baf3e	66	true
Level::Level	000baf80	350	true
Level::~Level	000bb0f0	734	true
ArrayReleaseClasses<AbstractGun*>	000bb3ce	62	true
ArrayReleaseClasses<KIPlayer*>	000bb40c	62	true
ArrayReleaseClasses<RadioMessage*>	000bb44a	66	true
Level::setInitStreamOut	000bb48c	12	true
Level::init	000bb49c	1638	true
Level::createSpace	000bbba0	3234	true
Level::createPlayer	000bca00	1404	true
Level::createAsteroids	000bcfd0	1722	true
Level::createGasClouds	000bd750	706	true
Level::createMission	000bda70	18916	true
Level::createScene	000c2910	2398	true
Level::createCampaignMission	000c3370	29754	true
Level::createStaticObjects	000cadb0	716	true
Level::createSentryGuns	000cb0d8	276	true
Level::createFighterTurrets	000cb200	304	true
Level::createWingmen	000cb338	692	true
Level::assignGuns	000cb638	3116	true
Level::connectPlayers	000cc330	1440	true
Level::enableParticleEffects	000cc920	42	true
Level::setPlayerEngineColor	000cc94c	56	true
Level::initParticleSystems	000cc990	1858	true
Level::getStarSystem	000cd1e0	6	true
ArraySetLength<KIPlayer*>	000cd1e6	52	true
Level::getGasClouds	000cd21a	6	true
Level::createGun	000cd220	1854	true
Level::createStaticObject	000cda54	7056	true
Level::createShip	000cf83c	2968	true
Level::createRoute	000d0464	218	true
Level::setPlayerRoute	000d0558	28	true
Level::createRadioMessages	000d0574	12642	true
ArraySetLength<AbstractGun*>	000d3b10	52	true
ArraySetLength<Player*>	000d3b44	52	true
Level::getBoundingVolume	000d3b78	560	true
ArraySetLength<RadioMessage*>	000d3dcc	52	true
Level::getPlayer	000d3e00	6	true
Level::getEnemies	000d3e06	6	true
Level::getLandmarks	000d3e0c	6	true
Level::getAsteroids	000d3e12	6	true
Level::getAsteroidWaypoint	000d3e18	6	true
Level::getPlayerRoute	000d3e1e	6	true
Level::getEnemyRoute	000d3e24	6	true
Level::getFriendRoute	000d3e2a	6	true
Level::flashScreen	000d3e30	330	true
Level::enemyDied	000d3f98	564	true
Level::junkDied	000d4214	30	true
Level::applyKills	000d4238	44	true
Level::friendDied	000d426c	12	true
Level::wingmanDied	000d4278	104	true
ArrayRemove<AbyssEngine::String*>	000d42e4	66	true
Level::asteroidDied	000d4326	12	true
Level::getAsteroidsLeft	000d4332	6	true
Level::getEnemiesLeft	000d4338	6	true
Level::getFriendsLeft	000d433e	6	true
Level::getMessages	000d4344	6	true
Level::getTimeLimit	000d434a	6	true
Level::collide	000d4350	26	true
Level::isInAsteroidCenterRange	000d436a	14	true
Level::collideStream	000d4378	30	true
Level::collideStation	000d4398	70	true
Level::renderBG	000d43f0	1266	true
Level::render	000d4950	410	true
Level::render2D	000d4ae8	10	true
Level::renderPause	000d4af0	226	true
Level::updateMissionOrbit	000d4bd4	1204	true
Level::updateOrbit	000d50b0	1016	true
Level::alarmAllFriends	000d54cc	150	true
Level::createRadioMessage	000d5568	1684	true
Level::updateAlienAttackers	000d5ce0	680	true
Level::updateAsteroidCluster	000d5fc8	2	true
Level::update	000d5fcc	748	true
Level::checkObjective	000d62f0	18	true
Level::stealFriendCargo	000d6302	8	true
Level::friendCargoWasStolen	000d630a	6	true
Level::removeObjectives	000d6310	8	true
Level::getPlayerGuns	000d6318	6	true
Level::getEnemyGuns	000d631e	6	true
Level::checkGameOver	000d6324	18	true
Level::pirateStationAction	000d6338	106	true
Level::uncoverWanted	000d63ac	118	true
Level::attackWanted	000d642c	124	true
Level::almostKillWanted	000d64b0	248	true
Level::killWanted	000d65c8	22	true
Level::friendTurnedEnemy	000d65de	24	true
Level::enableFog	000d65f4	12	true
Level::enableMovingStars	000d6600	20	true
Level::reset	000d6612	262	true
Level::switchSkyboxForIntro	000d6718	78	true
Level::switchSkyboxForSupernovaReversal	000d676c	94	true
Level::getNumDockingTargets	000d67d4	44	true
Level::getDockingTarget	000d6800	54	true
Level::hasMiningPlant	000d6836	14	true
Level::getMiningPlant	000d6844	22	true
Level::getNumDeliveredOre	000d685a	6	true
Level::incNumDeliveredOre	000d6860	12	true
Level::getNumDeliveredPassengers	000d686c	6	true
Level::incNumDeliveredPassengers	000d6872	12	true
StarMap::StarMap	000d6880	1028	true
ArraySetLength<AbyssEngine::AEMath::Vector*>	000d6cec	52	true
StarMap::init	000d6d20	2386	true
StarMap::~StarMap	000d7720	240	true
StarMap::initStarSystem	000d7810	2162	true
StarMap::initLights	000d8130	54	true
StarMap::setStart	000d816c	62	true
StarMap::depart	000d81ac	526	true
StarMap::isInPlanetMode	000d840c	12	true
StarMap::setJumpMapMode	000d8418	10	true
StarMap::renderBG	000d8422	2	true
StarMap::render	000d8424	130	true
StarMap::drawKey	000d84b0	550	true
StarMap::drawOnScreenInfo	000d8710	3720	true
StarMap::draw	000d970c	2704	true
StarMap::missionChanged	000da2a0	6	true
StarMap::askForJumpIntoAlienWorld	000da2a8	50	true
StarMap::update	000da2e0	3094	true
StarMap::OnTouchBegin	000daf80	838	true
StarMap::OnTouchMove	000db300	870	true
StarMap::OnTouchEnd	000db69c	2928	true
RecordHandler::RecordHandler	000dc3b8	154	true
RecordHandler::~RecordHandler	000dc49c	34	true
RecordHandler::notEnoughMemory	000dc4be	22	true
RecordHandler::readAllPreviewRecords	000dc4d4	90	true
ArraySetLength<GameRecord*>	000dc544	52	true
RecordHandler::recordStoreReadPreview	000dc578	210	true
RecordHandler::readAllRecords	000dc674	90	true
RecordHandler::recordStoreRead	000dc6e4	5780	true
RecordHandler::readRecord	000ddf30	4	true
RecordHandler::loadResolutionValue	000ddf34	464	true
RecordHandler::loadOptions	000de120	1018	true
RecordHandler::checkHash	000de618	276	true
RecordHandler::saveOptions	000de74c	584	true
RecordHandler::addHashToOptions	000de9c8	240	true
RecordHandler::readRecordAsByteArray	000deac8	164	true
RecordHandler::writeByteArrayAsRecord	000deb8c	142	true
RecordHandler::readOptionsFileAsByteArray	000dec38	124	true
RecordHandler::writeByteArrayAsOptionsFile	000decd0	100	true
RecordHandler::addHash	000ded4c	256	true
RecordHandler::readMission	000dee5c	554	true
RecordHandler::readAgent	000df0ec	914	true
ArraySetLength<PendingProduct*>	000df510	52	true
ArraySetLength<Wanted*>	000df544	52	true
RecordHandler::readWanted	000df578	438	true
RecordHandler::recordStoreWrite	000df760	5118	true
RecordHandler::writeMission	000e0e7c	412	true
RecordHandler::writeAgent	000e1034	566	true
RecordHandler::writeWanted	000e1294	308	true
RecordHandler::recordStoreWritePreview	000e13e0	292	true
RecordHandler::recordStoreWritePreview	000e1554	214	true
RecordHandler::recoverSDVersionSaves	000e1654	2	true
RecordHandler::convertSDVersionSaves	000e1658	578	true
ArraySetLength<signed_char*>	000e18e4	52	true
ArrayReleaseArrays<signed_char*>	000e1918	60	true
RecordHandler::changeSaveDirectoryToBackupDirectory	000e1954	376	true
Java_net_fishlabs_gof2hdallandroid2012_GOF2HD2012_SetOrigamiSuperClub	000e1af4	62	true
Java_net_fishlabs_gof2hdallandroid2012_GOF2HD2012_ReleaseOrigamiSuperClub	000e1b40	20	true
loadingScreen	000e1b58	682	true
OnDestroyApplication	000e1e64	108	true
OnCreateApplication	000e1ed0	1518	true
GameData::GameData	000e2644	96	true
Sprite::Sprite	000e26f0	98	true
Sprite::setFrame	000e2758	54	true
Sprite::Sprite	000e2790	92	true
Sprite::~Sprite	000e2810	22	true
Sprite::defineReferencePixel	000e2826	6	true
Sprite::setRefPixelPosition	000e282c	6	true
Sprite::setPosition	000e2832	6	true
Sprite::getFrame	000e2838	4	true
Sprite::getRawFrameCount	000e283c	4	true
Sprite::getFrameWidth	000e2840	4	true
Sprite::getFrameHeight	000e2844	4	true
Sprite::draw	000e2848	276	true
Sprite::drawRegion	000e2964	130	true
Sprite::nextFrame	000e29ec	8	true
Sprite::prevFrame	000e29f4	10	true
Layout::Layout	000e2a00	8140	true
Layout::~Layout	000e5260	86	true
Layout::reload	000e52b8	1044	true
Layout::resetWindowDimensions	000e5724	216	true
Layout::setDrawColor	000e5818	6	true
Layout::drawMask	000e5820	36	true
Layout::drawMask	000e584c	66	true
Layout::tagString	000e5894	180	true
Layout::formatNumber	000e59a8	396	true
Layout::formatCredits	000e5bd4	80	true
Layout::drawBG	000e5c48	42	true
Layout::drawBGPattern	000e5c7c	444	true
Layout::drawWindow	000e5e4c	104	true
Layout::drawWindow	000e5ed8	254	true
Layout::drawWindow	000e5ffc	66	true
Layout::drawWindow	000e6054	88	true
Layout::drawBGBorder	000e60c4	32	true
Layout::drawBGBorder	000e60e4	744	true
Layout::getFooterTransitionWidth	000e63e0	42	true
Layout::drawFooter	000e6410	816	true
Layout::drawFooter	000e67d4	8	true
Layout::drawEmptyFooter	000e67dc	194	true
Layout::drawFooterNoBackButton	000e68b0	8	true
Layout::drawFooterStation	000e68b8	10	true
Layout::drawHeader	000e68c0	70	true
Layout::drawHeader	000e6920	246	true
Layout::drawHeader	000e6a24	66	true
Layout::drawScrollBar	000e6a7c	286	true
Layout::drawBox	000e6ba8	1400	true
Layout::drawBox	000e71cc	92	true
Layout::initTip	000e7240	168	true
Layout::drawTip	000e730c	256	true
Layout::initHelpWindow	000e7450	102	true
Layout::drawHelpWindow	000e74cc	10	true
Layout::helpPressed	000e74d4	6	true
Layout::getHelpButtonOffset	000e74dc	26	true
Layout::getPulseValue	000e74fc	108	true
Layout::setWindowDimensions	000e756c	198	true
Layout::showMissionRewardMessage	000e7648	54	true
Layout::drawMissionRewardMessage	000e7684	574	true
Layout::startFade	000e7950	32	true
Layout::enableFillScreen	000e7970	6	true
Layout::drawFade	000e7978	238	true
Layout::isFading	000e7a84	6	true
Layout::update	000e7a8a	86	true
Layout::OnTouchBegin	000e7ae0	84	true
Layout::OnTouchMove	000e7b34	84	true
Layout::OnTouchEnd	000e7b88	100	true
ModStation::ModStation	000e7bf0	930	true
ModStation::~ModStation	000e8030	34	true
ModStation::~ModStation	000e8068	16	true
ModStation::OnInitialize	000e8080	6708	true
ArraySetLength<TouchButton*>	000e9e80	52	true
ModStation::autosave	000e9eb4	88	true
ModStation::resetLight	000e9f1c	350	true
ModStation::enterStation	000ea0a0	162	true
ModStation::OnTouchBegin	000ea154	464	true
ModStation::OnTouchMove	000ea340	418	true
ModStation::OnTouchEnd	000ea4ec	5752	true
ModStation::checkMedals	000ebe74	448	true
ModStation::resetIdleCamForHangar	000ec06c	330	true
ModStation::leaveStation	000ec1ec	586	true
ModStation::OnRelease	000ec498	502	true
ArrayReleaseClasses<TouchButton*>	000ec6b4	66	true
ModStation::OnKeyPress	000ec6f8	2584	true
ModStation::OnUpdate	000ed2a8	3708	true
ModStation::checkPendingProducts	000ee258	532	true
ModStation::checkHints	000ee500	2634	true
ModStation::OnRender2D	000ef208	1822	true
ModStation::OnRender3D	000efac4	212	true
ModStation::setGameLoaded	000efba4	12	true
ModStation::addAchievement	000efbb0	120	true
ArraySetLength<int*>	000efc40	52	true
ModStation::showMapWindow	000efc74	14	true
ModStation::showCBSMessage	000efc84	164	true
ModStation::showDlcMenu	000efd64	202	true
ModStation::OnResume	000efe50	50	true
ModStation::OnSuspend	000efe90	24	true
ModStation::OnKeyRelease	000efeac	2	true
ModStation::OnTouchBegin	000efeae	2	true
ModStation::OnTouchMove	000efeb0	2	true
ModStation::OnTouchEnd	000efeb2	2	true
ModStation::ShowLoadingScreen	000efeb4	4	true
PlayerFighter::PlayerFighter	000efec0	1484	true
PlayerFighter::~PlayerFighter	000f0550	156	true
ArrayReleaseClasses<BoundingVolume*>	000f05f0	66	true
PlayerFighter::~PlayerFighter	000f0632	16	true
PlayerFighter::reset	000f0644	244	true
PlayerFighter::setLevel	000f0740	214	true
PlayerFighter::setMissionCrate	000f0818	136	true
PlayerFighter::hasMissionCrateCaptured	000f08b4	6	true
PlayerFighter::hasMissionCrateLost	000f08ba	6	true
PlayerFighter::setShipGroup	000f08c0	4	true
PlayerFighter::hasCrateCaptured	000f08c4	14	true
PlayerFighter::hasCrateLost	000f08d2	6	true
PlayerFighter::setPosition	000f08d8	26	true
PlayerFighter::setPosition	000f08f4	110	true
PlayerFighter::setWingmanCommand	000f096c	154	true
PlayerFighter::setSpeed	000f0a06	16	true
PlayerFighter::setRotate	000f0a16	24	true
PlayerFighter::setShootError	000f0a2e	14	true
PlayerFighter::setBoostProb	000f0a3c	6	true
PlayerFighter::removeTrail	000f0a42	28	true
PlayerFighter::setExhaustVisible	000f0a60	60	true
PlayerFighter::cloak	000f0aa4	58	true
PlayerFighter::setCloakingPossible	000f0ae4	30	true
PlayerFighter::handleCloaking	000f0b00	600	true
PlayerFighter::setAIDisabled	000f0d80	6	true
PlayerFighter::update	000f0d90	10204	true
PlayerFighter::roll	000f36b0	416	true
PlayerFighter::render	000f3890	352	true
PlayerFighter::setBV	000f3a08	6	true
PlayerFighter::setBV	000f3a0e	62	true
PlayerFighter::collide	000f3a5a	82	true
PlayerFighter::outerCollide	000f3aac	82	true
PlayerFighter::initPush	000f3b00	314	true
PlayerFighter::push	000f3c50	320	true
PlayerFighter::awake	000f3db0	48	true
PlayerFighter::revive	000f3de0	284	true
Item::Item	000f3f1c	22	true
Item::init	000f3f32	78	true
Item::~Item	000f3f80	2	true
Item::setUnsaleable	000f3f82	6	true
Item::canBeInstalledMultipleTimes	000f3f88	10	true
Item::getIndex	000f3f98	4	true
Item::getType	000f3f9c	4	true
Item::getTecLevel	000f3fa0	4	true
Item::getSort	000f3fa4	4	true
Item::getSinglePrice	000f3fa8	4	true
Item::getTotalPrice	000f3fac	8	true
Item::getMaxPrice	000f3fb4	4	true
Item::getMinPrice	000f3fb8	4	true
Item::getMaxPriceSystem	000f3fbc	4	true
Item::getMinPriceSystem	000f3fc0	4	true
Item::setPrice	000f3fc4	4	true
Item::setMinPrice	000f3fc8	4	true
Item::setMaxPrice	000f3fcc	4	true
Item::getPriceRate	000f3fd0	36	true
Item::setAmount	000f3ff4	4	true
Item::getOccurence	000f3ff8	4	true
Item::getAmount	000f3ffc	4	true
Item::changeAmount	000f4000	8	true
Item::getMissingIngredients	000f4008	4	true
Item::setMissingIngredients	000f400c	4	true
Item::setStationAmount	000f4010	4	true
Item::getStationAmount	000f4014	4	true
Item::changeStationAmount	000f4018	8	true
Item::setBlueprintAmount	000f4020	4	true
Item::getBlueprintAmount	000f4024	4	true
Item::changeBlueprintAmount	000f4028	8	true
Item::getIngredients	000f4030	4	true
Item::getQuantities	000f4034	4	true
Item::getAttributes	000f4038	4	true
Item::getAttribute	000f403c	54	true
Item::transaction	000f4074	82	true
Item::transactionBlueprint	000f40cc	50	true
Item::isInList	000f40fe	50	true
Item::isInList	000f4130	50	true
Item::isInList	000f4162	8	true
Item::fabricate	000f4168	192	true
Item::makeItem	000f4234	18	true
Item::combineItems	000f4246	376	true
Item::extractItems	000f43d8	168	true
Item::combineDuplicates	000f448e	144	true
ArrayRemove<Item*>	000f451e	66	true
Item::mixItems	000f4560	582	true
Item::equals	000f47ba	18	true
Item::isWeapon	000f47cc	12	true
Item::makeItem	000f47d8	18	true
Item::clone	000f47ea	56	true
Item::makeItem	000f4822	18	true
Item::checkCredits	000f4834	32	true
Item::adjustPrice	000f4858	66	true
Item::checkCargoSpace	000f489c	50	true
Item::isUnsaleable	000f48d4	6	true
PlayerStatic::PlayerStatic	000f48dc	138	true
PlayerStatic::~PlayerStatic	000f4978	4	true
PlayerStatic::~PlayerStatic	000f497c	16	true
PlayerStatic::update	000f498c	2	true
PlayerStatic::getPosition	000f498e	54	true
PlayerStatic::render	000f49c4	6	true
PlayerStatic::translate	000f49ca	2	true
PlayerStatic::collide	000f49cc	4	true
PlayerStatic::outerCollide	000f49d0	4	true
NewsItem::NewsItem	000f49d4	28	true
NewsItem::~NewsItem	000f49f0	22	true
NewsItem::clone	000f4a06	80	true
WantedWindow::WantedWindow	000f4a58	168	true
WantedWindow::init	000f4b4c	974	true
WantedWindow::~WantedWindow	000f4f90	190	true
ArrayReleaseClasses<ImagePart*>	000f504e	66	true
WantedWindow::selectWanted	000f5090	1678	true
WantedWindow::setHangarUpdate	000f5880	4	true
WantedWindow::getRelativeScrollStartPos	000f5884	42	true
WantedWindow::getRelativeScrollHeight	000f58b4	76	true
WantedWindow::render3D	000f5904	12	true
WantedWindow::draw	000f5910	2040	true
WantedWindow::getWantedAtPosition	000f6228	90	true
WantedWindow::hangarNeedsUpdate	000f6288	4	true
WantedWindow::update	000f628c	210	true
WantedWindow::OnTouchBegin	000f6360	152	true
WantedWindow::OnTouchMove	000f63fc	256	true
WantedWindow::OnTouchEnd	000f6518	870	true
PlayerAsteroid::PlayerAsteroid	000f68e4	796	true
PlayerAsteroid::~PlayerAsteroid	000f6c7c	46	true
PlayerAsteroid::~PlayerAsteroid	000f6cb0	16	true
PlayerAsteroid::setAsteroidIndex	000f6cc0	6	true
PlayerAsteroid::getPosition	000f6cc6	12	true
PlayerAsteroid::setPosition	000f6cd2	6	true
PlayerAsteroid::translate	000f6cd8	6	true
PlayerAsteroid::isMinable	000f6cde	6	true
PlayerAsteroid::getQuality	000f6ce4	6	true
PlayerAsteroid::getScaling	000f6cea	6	true
PlayerAsteroid::getQualityFrameIndex	000f6cf0	10	true
PlayerAsteroid::getQualityString	000f6cfc	60	true
PlayerAsteroid::setAsteroidCenter	000f6d4c	84	true
PlayerAsteroid::setRotationEnabled	000f6db0	6	true
PlayerAsteroid::initPush	000f6db8	314	true
PlayerAsteroid::push	000f6f10	302	true
PlayerAsteroid::update	000f7060	810	true
PlayerAsteroid::render	000f73d0	54	true
PlayerAsteroid::outerCollide	000f7406	10	true
PlayerAsteroid::outerCollide	000f7410	10	true
PlayerAsteroid::getProjectionVector	000f741c	110	true
PlayerAsteroid::collide	000f7498	216	true
Globals::Globals	000f7580	474	true
Globals::~Globals	000f77f0	532	true
Globals::init	000f7a90	694	true
Globals::resetHints	000f7e10	36	true
Globals::longToTimeString	000f7e38	530	true
Globals::longToTimeStringNoSeconds	000f8124	318	true
Globals::createBillBoard	000f82d4	702	true
Globals::getRandomName	000f85a0	302	true
Globals::getLine	000f8724	306	true
Globals::getLineArray	000f887c	454	true
Globals::drawLines	000f8ab0	132	true
Globals::drawLines	000f8b40	130	true
Globals::drawLines	000f8bd0	24	true
Globals::getBoundedString	000f8be8	188	true
Globals::releaseResources	000f8cf8	34	true
Globals::loadFont	000f8d20	622	true
Globals::getRandomEnemyFighter	000f9034	162	true
Globals::getRandomPlanetName	000f90e8	78	true
Globals::getRandomStation	000f9148	54	true
Globals::getRandomSystemForDrinks	000f9190	40	true
Globals::getItemName	000f91c0	34	true
Globals::reportLeaderboards	000f91e8	26	true
Globals::reportSupernovaChallengeScore	000f920c	2	true
Globals::getWreckCollision	000f9210	618	true
Globals::getShipGroup	000f94a4	1948	true
Globals::startNewSoundResourceList	000f9ce8	134	true
Globals::getSoundResourceList	000f9d7c	4	true
Globals::addSoundResourceToList	000f9d80	62	true
Globals::playMusicAndFadeOutCurrent	000f9dc0	696	true
Globals::getDialogueSoundId	000fa110	1258	true
Globals::getAgentMissionText	000fa7d4	7020	true
Globals::setCoordsSteer	000fcd6c	736	true
Globals::setCoordsFire	000fd0b8	1084	true
Globals::getKeyBindingReplaceString	000fd5b8	66	true
Globals::getKeyActionName	000fd610	10	true
Globals::replaceKeyBindingTokens	000fd61a	14	true
Globals::sqrt	000fd628	8	true
Globals::getInAppPurchaseArrayIndex	000fd630	562	true
BuildResourceList	000fd934	200688	false
loadPortraits	00135f90	19306	true
loadLowTexturesAndMaterials	0013baec	16924	true
AbyssEngine::ResourceTexture::ResourceTexture	001405a0	58	true
Node::Node	001405da	46	true
Node::~Node	00140616	24	true
SystemPathFinder::SystemPathFinder	0014062e	2	true
SystemPathFinder::~SystemPathFinder	00140630	2	true
SystemPathFinder::getJumpDistance	00140632	42	true
SystemPathFinder::getSystemPath	0014065c	372	true
ArraySetLength<Node*>	001407ec	52	true
SystemPathFinder::search	00140820	322	true
ArrayReleaseClasses<Node*>	00140974	84	true
SystemPathFinder::constructPath	001409c8	182	true
ArrayRemove<Node*>	00140a92	66	true
SystemPathFinder::contains	00140ad4	36	true
Route::Route	00140af8	228	true
Route::Route	00140bf4	244	true
Route::~Route	00140cfa	86	true
ArrayReleaseClasses<Waypoint*>	00140d50	62	true
Route::reset	00140d8e	40	true
Route::setNewCoords	00140db6	44	true
Route::setLoop	00140de2	4	true
Route::getDockingTarget	00140de6	24	true
Route::getDockingTarget	00140dfe	22	true
Route::getDockingTime	00140e14	26	true
Route::getDockingTime	00140e2e	24	true
Route::getWaypoint	00140e48	150	true
Route::getWaypoint	00140ee8	6	true
Route::getLastWaypoint	00140eee	12	true
Route::waypointDefined	00140ef8	10	true
Route::getCurrent	00140f02	4	true
Route::reachWaypoint	00140f06	106	true
Route::length	00140f6e	6	true
Route::update	00140f74	14	true
Route::update	00140f80	252	true
Route::getExactClone	00141084	68	true
Route::clone	001410c8	326	true
Route::translate	00141224	94	true
PlayerStaticFar::PlayerStaticFar	00141284	92	true
PlayerStaticFar::~PlayerStaticFar	001412f4	4	true
PlayerStaticFar::~PlayerStaticFar	001412f8	16	true
PlayerStaticFar::setYRotation	00141308	2	true
PlayerStaticFar::render	0014130a	4	true
PlayerStaticFar::update	00141310	366	true
PlayerStaticFar::collide	00141498	142	true
PlayerStaticFar::getInitPosition	00141526	14	true
PlayerStaticFar::outerCollide	00141534	10	true
PlayerStaticFar::outerCollide	0014153e	10	true
PlayerStaticFar::getProjectionVector	00141548	30	true
PlayerStaticFar::projectCollisionOnSurface	00141566	30	true
ImageFactory::ImageFactory	00141584	102	true
ImageFactory::reload	001415fc	222	true
ImageFactory::~ImageFactory	001416f8	26	true
ImageFactory::createChar	00141714	36	true
ImageFactory::createChar	0014173c	116	true
ImageFactory::loadChar	001417bc	114	true
ArraySetLength<ImagePart*>	0014183c	52	true
ImageFactory::loadImage	00141870	226	true
ImageFactory::drawChar	001419a0	102	true
ImageFactory::drawItem	00141a10	146	true
ImageFactory::getItemImageId	00141ab0	16	true
ImageFactory::drawItem	00141ac0	108	true
ImageFactory::drawShip	00141b38	132	true
PlayerCreature::PlayerCreature	00141bd0	216	true
PlayerCreature::calmDown	00141ce0	20	true
PlayerCreature::reset	00141d00	132	true
PlayerCreature::~PlayerCreature	00141db0	4	true
PlayerCreature::~PlayerCreature	00141db4	16	true
PlayerCreature::rage	00141dc4	74	true
PlayerCreature::isHooked	00141e18	6	true
PlayerCreature::isCaught	00141e1e	6	true
PlayerCreature::hook	00141e24	72	true
PlayerCreature::unhook	00141e74	24	true
PlayerCreature::update	00141e8c	564	true
PlayerCreature::render	001420dc	36	true
PlayerCreature::collide	00142100	4	true
PlayerCreature::outerCollide	00142104	4	true
PlayerCreature::getWeight	00142108	14	true
PlayerCreature::getItemIndex	0014211c	6	true
PlayerCreature::getMaxEndurance	00142122	6	true
PlayerCreature::getEndurance	00142128	6	true
LensFlare::LensFlare	00142130	106	true
LensFlare::~LensFlare	001421a4	22	true
LensFlare::update	001421ba	6	true
LensFlare::render2D	001421c0	1526	true
Standing::Standing	001427f4	32	true
Standing::~Standing	00142814	22	true
Standing::setStanding	0014282a	8	true
Standing::setStandings	00142832	4	true
Standing::getStandings	00142836	4	true
Standing::getStanding	0014283a	56	true
Standing::getStandingRate	00142874	30	true
Standing::setPlayerSignatureRace	00142898	4	true
Standing::rehabilitate	0014289c	44	true
Standing::isEnemyWithAnyone	001428cc	34	true
Standing::isEnemy	001428ee	118	true
Standing::isFriend	00142964	120	true
Standing::isNeutral	001429dc	32	true
Standing::getEnemyRace	001429fc	18	true
Standing::applyPoints	00142a14	38	true
Standing::applyKill	00142a3c	92	true
Standing::applyDelict	00142aa4	116	true
Standing::applyStealCargo	00142b20	6	true
Standing::applyMissionCompleted	00142b26	8	true
Standing::applyDisable	00142b2e	8	true
Standing::getMissionBonus	00142b34	72	true
HangarList::HangarList	00142b88	10	true
HangarList::~HangarList	00142b92	14	true
HangarList::release	00142ba0	112	true
ArrayReleaseClasses<ListItem*>	00142c10	66	true
ArrayReleaseClasses<Array<ListItem*>*>	00142c52	70	true
HangarList::initShipTab	00142c98	674	true
ArraySetLength<ListItem*>	00142f68	52	true
HangarList::initShopTab	00142f9c	578	true
HangarList::initBlueprintTab	00143208	444	true
HangarList::init	001433f4	88	true
ArraySetLength<Array<ListItem*>*>	00143458	52	true
HangarList::fillBuyList	0014348c	694	true
HangarList::fillIngredientsList	0014378c	372	true
HangarList::getCurrentItem	00143930	8	true
HangarList::getCurrentItemAt	00143936	40	true
HangarList::getCurrentTabItems	0014395e	12	true
HangarList::getItems	0014396a	4	true
HangarList::setCurrentTab	0014396e	4	true
HangarList::getCurrentLength	00143972	20	true
HangarList::getCurrentTab	00143986	4	true
HangarList::getCurrentItemIndex	0014398a	4	true
HangarList::setCurrentItemIndex	0014398e	4	true
MiningGame::MiningGame	00143994	932	true
MiningGame::~MiningGame	00143d9c	30	true
MiningGame::gameWon	00143dba	6	true
MiningGame::gameLost	00143dc0	6	true
MiningGame::getOreAmount	00143dc6	14	true
MiningGame::gotCore	00143dd4	6	true
MiningGame::getAsteroidType	00143dda	4	true
MiningGame::up	00143dde	18	true
MiningGame::down	00143df0	18	true
MiningGame::left	00143e02	18	true
MiningGame::right	00143e14	18	true
MiningGame::update	00143e28	1218	true
MiningGame::isInCurrentLayer	00144364	156	true
MiningGame::render2D	0014440c	1430	true
BoundingVolume::BoundingVolume	00144a50	56	true
BoundingVolume::~BoundingVolume	00144a8c	50	true
BoundingVolume::setVolumes	00144ac4	4	true
BoundingVolume::setVolume	00144ac8	60	true
BoundingVolume::getProjectionVector	00144b14	72	true
BoundingVolume::getCollisionNormal	00144b64	10	true
BoundingVolume::update	00144b70	130	true
BoundingVolume::collide	00144bfc	60	true
BoundingVolume::outerCollide	00144c38	4	true
BoundingVolume::staticProjectCollisionOnSurface	00144c3c	150	true
FileRead::FileRead	00144cdc	2	true
FileRead::~FileRead	00144cde	2	true
FileRead::loadStation	00144ce0	38	true
FileRead::loadStationsBinary	00144d08	294	true
FileRead::loadShipParts	00144e70	376	true
FileRead::loadStationCollision	00145010	260	true
FileRead::loadWreckCollision	0014513c	260	true
FileRead::loadStaticCollision	00145268	260	true
FileRead::loadStationParts	00145394	396	true
FileRead::loadStationsBinary	00145548	308	true
FileRead::loadAgents	001456c0	420	true
FileRead::loadWanted	001458a8	494	true
FileRead::loadStationsBinary	00145adc	224	true
ArraySetLength<signed_char>	00145be0	48	true
FileRead::loadSystemsBinary	00145c10	674	true
ArraySetLength<SolarSystem*>	00145f14	52	true
FileRead::loadItemsBinary	00145f48	450	true
FileRead::loadShipsBinary	00146148	282	true
FileRead::loadNamesBinary	00146290	692	true
FileRead::loadTicker	00146634	280	true
ArraySetLength<NewsItem*>	0014677c	52	true
FileRead::loadWeaponPositions	001467b0	528	true
ArraySetLength<Array<AbyssEngine::AEMath::Vector*>*>	001469f0	52	true
FileRead::loadSpacePoints	00146a30	624	true
PlayerStation::PlayerStation	00146cf0	3646	true
PlayerStation::~PlayerStation	00147d44	100	true
PlayerStation::~PlayerStation	00147dac	16	true
PlayerStation::update	00147dbc	232	true
PlayerStation::render	00147eb4	16	true
PlayerStation::setPosition	00147ec4	80	true
PlayerStation::getPosition	00147f14	14	true
PlayerStation::getRoot	00147f22	6	true
PlayerStation::setVisible	00147f28	6	true
PlayerStation::translate	00147f2e	10	true
PlayerStation::collide	00147f36	10	true
PlayerStation::outerCollide	00147f40	204	true
PlayerStation::outerCollide	0014800c	26	true
PlayerStation::getProjectionVector	00148026	36	true
PlayerStation::projectCollisionOnSurface	0014804a	18	true
Wanted::Wanted	0014805c	106	true
Wanted::~Wanted	001480d4	28	true
Wanted::getIndex	001480f0	4	true
Wanted::getName	001480f4	12	true
Wanted::getNumWingmen	00148100	4	true
Wanted::getBoard	00148104	4	true
Wanted::getRace	00148108	4	true
Wanted::isMale	0014810c	4	true
Wanted::getShip	00148110	4	true
Wanted::getWeapon	00148114	4	true
Wanted::getHitpoints	00148118	4	true
Wanted::getLoot	0014811c	4	true
Wanted::getLootAmount	00148120	4	true
Wanted::getReward	00148124	4	true
Wanted::getRequiredBounties	00148128	4	true
Wanted::getRequiredMission	0014812c	4	true
Wanted::setRequiredMission	00148130	4	true
Wanted::setImageParts	00148134	4	true
Wanted::getImageParts	00148138	4	true
Wanted::setTerminated	0014813c	6	true
Wanted::setActive	00148142	6	true
Wanted::setTravelsTo	00148148	4	true
Wanted::setCurrentLocation	0014814c	4	true
Wanted::setLastSeen	00148150	4	true
Wanted::isActive	00148154	6	true
Wanted::isTerminated	0014815a	6	true
Wanted::getLastSeen	00148160	4	true
Wanted::getTravelsTo	00148164	4	true
Wanted::getCurrentLocation	00148168	4	true
MenuTouchWindow::MenuTouchWindow	0014816c	10470	true
MenuTouchWindow::loadPreviewRecords	0014b040	162	true
MenuTouchWindow::addButton	0014b0fc	292	true
MenuTouchWindow::~MenuTouchWindow	0014b250	598	true
ArrayReleaseClasses<TouchSlider*>	0014b4a6	66	true
MenuTouchWindow::isInMissionScreen	0014b4e8	14	true
MenuTouchWindow::setCutsceneMode	0014b4f6	62	true
MenuTouchWindow::createRecordButtons	0014b534	1602	true
ArrayReleaseClasses<Array<AbyssEngine::String*>*>	0014bc7c	70	true
ArraySetLength<Array<AbyssEngine::String*>*>	0014bcc2	52	true
MenuTouchWindow::saveGame	0014bcf8	150	true
MenuTouchWindow::showSupernovaMessage	0014bda0	66	true
MenuTouchWindow::loadGame	0014bde8	286	true
MenuTouchWindow::getRelativeScrollStartPos	0014bf38	44	true
MenuTouchWindow::getRelativeScrollHeight	0014bf68	78	true
MenuTouchWindow::drawLoadSaveMenu	0014bfbc	1226	true
MenuTouchWindow::draw	0014c50c	13424	true
MenuTouchWindow::update	0014ffec	1598	true
MenuTouchWindow::OnTouchBegin	00150704	1974	true
MenuTouchWindow::OnTouchMove	00150f4c	1996	true
MenuTouchWindow::OnTouchEnd	0015179c	7204	true
MenuTouchWindow::startValkyrie	00153ba4	560	true
MenuTouchWindow::startSupernova	00153e14	678	true
MenuTouchWindow::startGOF2	001540f0	82	true
MenuTouchWindow::render3D	00154154	24	true
MenuTouchWindow::isShowingMessage	0015416a	6	true
MenuTouchWindow::inCinematicMode	00154170	14	true
MenuTouchWindow::isMakingScreenshot	0015417e	16	true
MenuTouchWindow::hideMessage	0015418e	8	true
MenuTouchWindow::setSkipButtonVisible	00154196	60	true
MenuTouchWindow::callDlcMenu	001541d4	94	true
MenuTouchWindow::startSupernovaChallenge	00154238	660	true
PendingProduct::PendingProduct	00154520	96	true
PendingProduct::PendingProduct	001545a4	38	true
PendingProduct::~PendingProduct	001545d8	4	true
Radar::Radar	001545e0	2816	true
Radar::~Radar	001552d0	40	true
Radar::update	001552f8	216	true
Radar::elipsoidIntersect	001553dc	214	true
Radar::update	001554b8	58	true
Radar::draw	001554fc	11040	true
Radar::calcDistance	0015827c	526	true
Radar::getPlanetDockIndex	00158524	32	true
Radar::drawCurrentLock	00158548	1648	true
Radar::getLockedGasCloud	00158d18	4	true
Radar::getLockedAsteroid	00158d1c	4	true
Radar::unlockAsteroid	00158d20	6	true
Radar::getLockedEnemy	00158d26	4	true
Radar::stationLocked	00158d2a	20	true
Radar::getTurretScopeWidth	00158d3e	8	true
Radar::isPlasmaInRange	00158d46	6	true
Radar::hasScanner	00158d4c	6	true
AutoPilotList::AutoPilotList	00158d54	706	true
AutoPilotList::down	001590b0	28	true
AutoPilotList::~AutoPilotList	001590cc	38	true
AutoPilotList::fire	001590f2	4	true
AutoPilotList::getTargetString	001590f8	44	true
AutoPilotList::up	00159128	28	true
AutoPilotList::draw	00159144	200	true
AutoPilotList::touch	00159234	126	true
ListItemWindow::ListItemWindow	001592c0	160	true
ListItemWindow::~ListItemWindow	001593a0	198	true
ListItemWindow::set	00159468	7438	true
ListItemWindow::shows3DShip	0015b618	6	true
ListItemWindow::draw	0015b620	2010	true
ListItemWindow::update	0015bee8	340	true
ListItemWindow::render	0015c054	162	true
ListItemWindow::OnTouchBegin	0015c100	86	true
ListItemWindow::OnTouchMove	0015c15c	60	true
ListItemWindow::OnTouchEnd	0015c198	94	true
StarSystem::StarSystem	0015c200	3288	true
ArraySetLength<unsigned_int>	0015d010	52	true
ArraySetLength<AbyssEngine::AEMath::Vector>	0015d044	60	true
StarSystem::initLight	0015d080	1578	true
StarSystem::~StarSystem	0015d730	226	true
StarSystem::getLightDirection	0015d812	14	true
StarSystem::switchPlanetForIntro	0015d820	116	true
StarSystem::switchSunForSupernovaReversal	0015d8a0	88	true
StarSystem::switchSunForSupernovaIntro	0015d904	264	true
StarSystem::switchSunForSupernovaExpansion	0015da20	64	true
StarSystem::scaleSunDuringSupernovaIntro	0015da68	96	true
StarSystem::updateSupernova	0015dad4	78	true
StarSystem::getPlanets	0015db2c	4	true
StarSystem::getStationIndices	0015db30	4	true
StarSystem::getPlanetTargets	0015db34	4	true
StarSystem::getPlanetScaleFactor	0015db38	4	true
StarSystem::renderSunStreak	0015db3c	62	true
StarSystem::render	0015db84	1028	true
StarSystem::render2D	0015dfc0	166	true
StarSystem::rotate	0015e078	2	true
ScrollTouchBox::ScrollTouchBox	0015e07c	58	true
ScrollTouchBox::~ScrollTouchBox	0015e0bc	40	true
ScrollTouchBox::setText	0015e0e4	306	true
ScrollTouchBox::setText	0015e23c	72	true
ScrollTouchBox::setPosition	0015e2a0	6	true
ScrollTouchBox::setYPosition	0015e2a6	4	true
ScrollTouchBox::draw	0015e2ac	410	true
ScrollTouchBox::setTextCentered	0015e468	6	true
ScrollTouchBox::getRelativeScrollStartPos	0015e470	42	true
ScrollTouchBox::getRelativeScrollHeight	0015e4a0	76	true
ScrollTouchBox::update	0015e4f0	138	true
ScrollTouchBox::touchIsInside	0015e57a	48	true
ScrollTouchBox::OnTouchBegin	0015e5aa	52	true
ScrollTouchBox::OnTouchMove	0015e5de	36	true
ScrollTouchBox::OnTouchEnd	0015e604	64	true
LevelScript::LevelScript	0015e650	8862	true
LevelScript::setAutoPilotToProgrammedStation	00160b50	252	true
LevelScript::~LevelScript	00160c74	220	true
LevelScript::process	00160d50	57020	true
LevelScript::resetCamera	0016f418	118	true
LevelScript::lookBehind	0016f498	92	true
LevelScript::render3D	0016f4fc	126	true
LevelScript::skipSequence	0016f57c	58	true
LevelScript::canSkipCutsceneNow	0016f5b8	88	true
LevelScript::skipCutscene	0016f61c	402	true
LevelScript::resetStartSequenceOver	0016f7c4	10	true
LevelScript::startSequenceOver	0016f7ce	6	true
LevelScript::startSequence	0016f7d4	6	true
LevelScript::getEvent	0016f7da	4	true
LevelScript::setEvent	0016f7de	4	true
MovingStars::MovingStars	0016f7e4	290	true
MovingStars::~MovingStars	0016f920	54	true
MovingStars::update	0016f958	1464	true
MovingStars::render	0016ff3c	66	true
MovingStars::translate	0016ff88	128	true
ChoiceWindow::ChoiceWindow	00170014	108	true
ChoiceWindow::~ChoiceWindow	00170098	86	true
ChoiceWindow::set	001700f0	40	true
ChoiceWindow::set	0017011c	84	true
ChoiceWindow::set	00170174	82	true
ChoiceWindow::set	001701cc	884	true
ChoiceWindow::set	001705b4	48	true
ChoiceWindow::removeButtons	001705e8	8	true
ChoiceWindow::hasChoice	001705f0	6	true
ChoiceWindow::setWidth	001705f8	28	true
ChoiceWindow::setHeight	00170618	186	true
ChoiceWindow::setMedal	001706e0	366	true
ChoiceWindow::setMiscButton	001708d4	312	true
ChoiceWindow::update	00170a34	8	true
ChoiceWindow::draw	00170a3c	704	true
ChoiceWindow::OnTouchBegin	00170d80	72	true
ChoiceWindow::OnTouchMove	00170dc8	72	true
ChoiceWindow::OnTouchEnd	00170e10	92	true
ChoiceWindow::left	00170e6c	2	true
ChoiceWindow::right	00170e6e	2	true
ChoiceWindow::fire	00170e70	4	true
BombGun::BombGun	00170e74	584	true
BombGun::~BombGun	00171120	48	true
BombGun::~BombGun	00171154	16	true
BombGun::setPlayer	00171164	6	true
BombGun::update	0017116c	1110	true
BombGun::render	00171600	32	true
RocketGun::isRocketGun	00171620	4	true
BombGun::isBombGun	00171624	4	true
AbstractGun::isMineGun	00171628	4	true
AbstractGun::isAutoTurret	0017162c	4	true
HangarWindow::HangarWindow	00171630	114	true
HangarWindow::~HangarWindow	001716ac	146	true
HangarWindow::initialize	00171740	3286	true
HangarWindow::refreshCurrentContentHeight	001725b4	44	true
HangarWindow::isInitialized	001725e4	4	true
HangarWindow::getCurrentTab	001725e8	8	true
HangarWindow::listMode	001725ee	30	true
HangarWindow::isInSpecialMode	0017260c	22	true
HangarWindow::getCurrentItem	00172622	4	true
HangarWindow::update	00172626	506	true
HangarWindow::transaction	00172820	888	true
HangarWindow::refreshCargoAvailabilityForBlueprints	00172c28	196	true
HangarWindow::render3D	00172cf0	14	true
HangarWindow::render	00172d00	10534	true
HangarWindow::getRelativeScrollStartPos	00175bf0	44	true
HangarWindow::getRelativeScrollHeight	00175c20	78	true
HangarWindow::OnTouchBegin	00175c74	1082	true
HangarWindow::highlightItem	00176164	90	true
HangarWindow::autoEquipSecondaryWeapons	001761c4	518	true
HangarWindow::OnTouchMove	00176420	360	true
HangarWindow::setSellMode	00176594	1762	true
HangarWindow::OnTouchEnd	00176d94	5604	true
HangarWindow::demountItem	00178674	416	true
HangarWindow::mountItem	00178824	376	true
HangarWindow::showCreditsBuyWindow	001789a8	416	true
HangarWindow::showFreeCreditsWindow	00178bc4	388	true
HangarWindow::readyToClose	00178da0	94	true
HangarWindow::currentItemIsHighlighted	00178e04	28	true
HangarWindow::selectItem	00178e20	1746	true
HangarWindow::hideMessage	00179630	8	true
HackingGame::HackingGame	00179638	220	true
HackingGame::reInit	00179720	444	true
HackingGame::~HackingGame	001798f4	2	true
HackingGame::getRewardItem	001798f6	6	true
HackingGame::getRewardAmount	001798fc	6	true
HackingGame::rotateRightCW	00179904	74	true
HackingGame::rotateLeftCW	00179954	74	true
HackingGame::solvableInNSteps	001799a4	232	true
HackingGame::gameWon	00179a94	34	true
HackingGame::rotateLeftCW	00179ab6	30	true
HackingGame::rotateRightCW	00179ad4	30	true
HackingGame::getDockingIndex	00179af2	6	true
HackingGame::gameWon	00179af8	42	true
HackingGame::update	00179b24	142	true
HackingGame::isRotating	00179bb8	24	true
HackingGame::render2D	00179bd0	2320	true
MissionsWindow::MissionsWindow	0017a5b0	74	true
MissionsWindow::init	0017a604	2370	true
MissionsWindow::~MissionsWindow	0017b164	178	true
MissionsWindow::setHangarUpdate	0017b216	6	true
MissionsWindow::render3D	0017b21c	36	true
MissionsWindow::draw	0017b240	1212	true
MissionsWindow::hangarNeedsUpdate	0017b79c	6	true
MissionsWindow::update	0017b7a4	498	true
MissionsWindow::OnTouchBegin	0017ba28	196	true
MissionsWindow::OnTouchMove	0017baf4	196	true
MissionsWindow::OnTouchEnd	0017bbc0	1170	true
TractorBeam::TractorBeam	0017c0f8	68	true
TractorBeam::~TractorBeam	0017c150	26	true
TractorBeam::update	0017c16c	818	true
TractorBeam::render	0017c4c4	12	true
RadioMessage::RadioMessage	0017c4d0	52	true
RadioMessage::reset	0017c504	14	true
RadioMessage::RadioMessage	0017c512	98	true
RadioMessage::RadioMessage	0017c574	34	true
RadioMessage::~RadioMessage	0017c596	22	true
RadioMessage::getSoundID	0017c5ac	4	true
RadioMessage::getTextID	0017c5b0	4	true
RadioMessage::getImageID	0017c5b4	4	true
RadioMessage::setRadio	0017c5b8	4	true
RadioMessage::isTriggered	0017c5bc	6	true
RadioMessage::isOver	0017c5c2	6	true
RadioMessage::finish	0017c5c8	8	true
RadioMessage::trigger	0017c5d0	8	true
RadioMessage::triggered	0017c5d8	1782	true
BoundingSphere::BoundingSphere	0017cd1c	56	true
BoundingSphere::~BoundingSphere	0017cd58	4	true
BoundingSphere::collide	0017cd5c	48	true
BoundingSphere::outerCollide	0017cd8c	106	true
BoundingSphere::getCollisionNormal	0017ce00	88	true
BoundingSphere::update	0017ce60	4	true
BoundingSphere::projectCollisionOnSurface	0017ce64	170	true
Gun::Gun	0017cf18	584	true
Gun::~Gun	0017d1c8	142	true
Gun::setIndex	0017d258	246	true
Gun::setErrorMagnitudePercentage	0017d370	14	true
Gun::setFriendGun	0017d37e	6	true
Gun::setMagnitude	0017d384	6	true
Gun::getMagnitude	0017d38a	6	true
Gun::setLevelCollision	0017d390	6	true
Gun::setOffset	0017d398	70	true
Gun::setOffset	0017d3ec	144	true
Gun::setImpact	0017d488	6	true
Gun::setEnemies	0017d48e	6	true
Gun::getEnemies	0017d494	6	true
Gun::setEnemy	0017d49a	86	true
Gun::removeAllEnemies	0017d4fe	8	true
Gun::setLevel	0017d506	4	true
Gun::setPlayerGun	0017d50a	6	true
Gun::isPlayerGun	0017d510	6	true
Gun::shootAt	0017d518	1902	true
Gun::shoot	0017dcb4	84	true
Gun::ignite	0017dd08	1056	true
Gun::calcCharacterCollision	0017e154	1968	true
Gun::calcLevelCollision	0017e93c	2	true
Gun::update	0017e940	574	true
Gun::render	0017eb9c	262	true
Gun::translate	0017ecb4	42	true
PlayerFixedObject::PlayerFixedObject	0017ece0	696	true
PlayerFixedObject::~PlayerFixedObject	0017f004	154	true
PlayerFixedObject::~PlayerFixedObject	0017f0a4	16	true
PlayerFixedObject::reset	0017f0b4	174	true
PlayerFixedObject::setMoving	0017f16c	6	true
PlayerFixedObject::setPosition	0017f174	194	true
PlayerFixedObject::setPosition	0017f240	26	true
PlayerFixedObject::translate	0017f25a	70	true
PlayerFixedObject::setBV	0017f2a0	6	true
PlayerFixedObject::setBV	0017f2a6	62	true
PlayerFixedObject::getPosition	0017f2f2	38	true
PlayerFixedObject::setWreckedMeshId	0017f318	166	true
PlayerFixedObject::moveForward	0017f3d8	160	true
PlayerFixedObject::update	0017f480	2740	true
PlayerFixedObject::setExhaustVisible	0017ffc8	44	true
PlayerFixedObject::render	0017fff8	114	true
PlayerFixedObject::collide	00180068	142	true
PlayerFixedObject::getProjectionVector	001800f6	64	true
PlayerFixedObject::projectCollisionOnSurface	00180136	58	true
PlayerFixedObject::outerCollide	00180170	10	true
PlayerFixedObject::outerCollide	0018017a	148	true
PlayerFixedObject::setDockingType	0018020e	6	true
PlayerFixedObject::getDockingType	00180214	6	true
PlayerFixedObject::setTransportID	0018021a	6	true
PlayerFixedObject::getTransportID	00180220	6	true
PlayerFixedObject::getName	00180226	16	true
PlayerFixedObject::setName	00180236	8	true
PlayerFixedObject::hideShip	0018023e	8	true
PlayerFixedObject::setDeadButSelectable	00180248	88	true
Radio::Radio	001802a4	68	true
Radio::~Radio	001802f0	80	true
Radio::setMessages	00180340	44	true
Radio::setCurrentMessage	0018036c	4	true
Radio::getMessage	00180370	10	true
Radio::lastMessageShown	0018037a	6	true
Radio::update	00180380	724	true
Radio::draw	001806b8	530	true
Radio::isShowingMessage	00180908	10	true
SolarSystem::SolarSystem	00180914	150	true
SolarSystem::~SolarSystem	001809cc	164	true
SolarSystem::getIndex	00180a70	4	true
SolarSystem::getName	00180a74	14	true
SolarSystem::getSecurityLevel	00180a82	4	true
SolarSystem::getRace	00180a86	4	true
SolarSystem::getAttackRace	00180a8c	20	true
SolarSystem::hasPirateBase	00180aa4	74	true
SolarSystem::stationIsInSystem	00180af8	38	true
SolarSystem::hasHiddenBlueprint	00180b20	74	true
SolarSystem::getX	00180b74	4	true
SolarSystem::getY	00180b78	4	true
SolarSystem::getZ	00180b7c	4	true
SolarSystem::getTextureIndex	00180b80	4	true
SolarSystem::getWarpGateIndex	00180b84	4	true
SolarSystem::getWarpGateEnumIndex	00180b88	40	true
SolarSystem::getStationEnumIndex	00180bb0	38	true
SolarSystem::currentOrbitHasWarpGate	00180bd8	34	true
SolarSystem::stationIsInSystem	00180c00	48	true
SolarSystem::isFullyDiscovered	00180c30	64	true
SolarSystem::setCoords	00180c74	6	true
SolarSystem::getStations	00180c7a	4	true
SolarSystem::getForbiddenGoods	00180c7e	4	true
SolarSystem::getRoutes	00180c82	4	true
SolarSystem::systemIsInSystemRoutes	00180c86	46	true
SolarSystem::isVisible	00180cb4	6	true
SolarSystem::setVisible	00180cba	6	true
SolarSystem::hasNoOwner	00180cc0	30	true
GameRecord::GameRecord	00180cde	180	true
GameRecord::~GameRecord	00180daa	26	true
GameRecord::load	00180dc4	2936	true
MineGun::MineGun	00181a28	274	true
ArraySetLength<Explosion*>	00181b68	52	true
MineGun::~MineGun	00181b9c	96	true
ArrayReleaseClasses<Explosion*>	00181c00	66	true
MineGun::~MineGun	00181c42	16	true
MineGun::setPlayer	00181c52	6	true
MineGun::render	00181c58	50	true
MineGun::update	00181c8c	462	true
AbstractGun::isRocketGun	00181e70	4	true
AbstractGun::isBombGun	00181e74	4	true
MineGun::isMineGun	00181e78	4	true
Achievements::Achievements	00181e7c	34	true
Achievements::~Achievements	00181e9e	32	true
Achievements::checkForNewMedal	00181ec0	970	true
Achievements::initCheckEquipmentAndWeapons	00182388	178	true
Achievements::countMedals	00182444	130	true
Achievements::gotAllMedals	001824c6	6	true
Achievements::gotAllGoldMedals	001824cc	6	true
Achievements::gotAllSupernovaMedals	001824d2	6	true
Achievements::getMedals	001824d8	4	true
Achievements::getNewMedals	001824dc	4	true
Achievements::incKills	001824e0	8	true
Achievements::getKills	001824e8	4	true
Achievements::incPirateKills	001824ec	8	true
Achievements::getPirateKills	001824f4	4	true
Achievements::resetPirateKills	001824f8	6	true
Achievements::incCatches	001824fe	8	true
Achievements::getCatches	00182506	4	true
Achievements::updateCredits	0018250a	10	true
Achievements::setMedals	00182514	62	true
Achievements::setMedal	00182552	8	true
Achievements::init	0018255a	48	true
Achievements::resetNewMedals	0018258a	32	true
Achievements::applyNewMedals	001825aa	88	true
Achievements::hasMedal	00182600	16	true
Achievements::getValue	00182610	22	true
Achievements::isEliteMedal	0018262c	10	true
PlayerTurret::PlayerTurret	00182640	740	true
PlayerTurret::~PlayerTurret	001829a0	102	true
PlayerTurret::~PlayerTurret	00182a0c	16	true
PlayerTurret::setLevel	00182a1c	52	true
PlayerTurret::setScaling	00182a50	14	true
PlayerTurret::setPosition	00182a5c	28	true
PlayerTurret::setTurretRange	00182a78	6	true
PlayerTurret::setHost	00182a7e	14	true
PlayerTurret::getHost	00182a8c	6	true
PlayerTurret::reset	00182a92	28	true
PlayerTurret::update	00182ab0	842	true
PlayerTurret::handleSentryGun	00182e24	54	true
PlayerTurret::handleTurret	00182e5a	56	true
PlayerTurret::pickEnemy	00182e90	332	true
PlayerTurret::handleRotation	00182fe4	680	true
PlayerTurret::render	001832ac	52	true
PlayerTurret::collide	001832e0	4	true
PlayerTurret::outerCollide	001832e4	4	true
PlayerTurret::revive	001832e8	70	true
Waypoint::Waypoint	00183330	184	true
Waypoint::~Waypoint	00183404	4	true
Waypoint::~Waypoint	00183408	16	true
Waypoint::getPosition	00183418	38	true
Waypoint::setActive	0018343e	6	true
Waypoint::reached	00183444	10	true
Waypoint::reset	0018344e	16	true
StatusWindow::StatusWindow	0018345c	720	true
StatusWindow::reInit	00183784	250	true
StatusWindow::~StatusWindow	00183890	130	true
StatusWindow::getRelativeScrollStartPos	00183914	42	true
StatusWindow::getRelativeScrollHeight	00183944	76	true
StatusWindow::update	00183994	208	true
StatusWindow::draw	00183a64	7538	true
StatusWindow::getMedalHintText	00185da4	1050	true
StatusWindow::OnTouchBegin	0018629c	172	true
StatusWindow::OnTouchMove	00186358	266	true
StatusWindow::OnTouchEnd	00186484	700	true
TargetFollowCamera::TargetFollowCamera	001867d0	512	true
TargetFollowCamera::aproximateCooefficientsForAproximationOfDampingFunktion	00186a10	566	true
TargetFollowCamera::~TargetFollowCamera	00186da8	2	true
TargetFollowCamera::setActive	00186daa	6	true
TargetFollowCamera::setTarget	00186db0	4	true
TargetFollowCamera::getTarget	00186db4	4	true
TargetFollowCamera::setTargetOffset	00186db8	6	true
TargetFollowCamera::getTargetOffset	00186dbe	4	true
TargetFollowCamera::setCamOffset	00186dc2	28	true
TargetFollowCamera::getCamOffset	00186dde	4	true
TargetFollowCamera::setPosition	00186de2	6	true
TargetFollowCamera::setPosition	00186de8	14	true
TargetFollowCamera::getPosition	00186df6	4	true
TargetFollowCamera::translate	00186dfa	66	true
TargetFollowCamera::update	00186e40	2134	true
TargetFollowCamera::translateNoUpdate	001876d0	58	true
TargetFollowCamera::enableFirstPersonCam	0018770c	78	true
TargetFollowCamera::hideShipForFirstPersonCam	00187764	6	true
TargetFollowCamera::setFirstPersonMatrix	0018776a	6	true
TargetFollowCamera::setBoostPercentage	00187770	18	true
TargetFollowCamera::setRumblePercentage	00187782	6	true
TargetFollowCamera::setFixed	00187788	6	true
TargetFollowCamera::setLocal	00187790	112	true
TargetFollowCamera::getLocal	00187808	32	true
TargetFollowCamera::setLocked	00187828	132	true
TargetFollowCamera::setRotationAroundTarget	001878b4	6	true
TargetFollowCamera::rotateAroundTarget	001878bc	58	true
TargetFollowCamera::zoomTarget	00187900	6	true
TargetFollowCamera::setLookAtCam	00187906	6	true
TargetFollowCamera::calculateCoefficents	0018790c	108	true
TargetFollowCamera::setFastForwardMode	00187978	316	true
TargetFollowCamera::setShipHandling	00187ac8	72	true
TargetFollowCamera::isInFastForwardMode	00187b24	6	true
TargetFollowCamera::isInLookAtMode	00187b2a	6	true
TargetFollowCamera::resetShipHandling	00187b30	30	true
TargetFollowCamera::hit	00187b4c	32	true
TargetFollowCamera::hitSmall	00187b6c	28	true
TargetFollowCamera::useTargetsUpVector	00187b88	6	true
TargetFollowCamera::roll	00187b8e	18	true
TargetFollowCamera::setRoll	00187ba0	6	true
Mission::Mission	00187ba8	204	true
Mission::Mission	00187cc0	208	true
Mission::Mission	00187de0	150	true
Mission::Mission	00187eb8	148	true
Mission::~Mission	00187f90	42	true
Mission::isEmpty	00187fba	14	true
Mission::setVisible	00187fc8	6	true
Mission::isVisible	00187fce	6	true
Mission::setFailed	00187fd4	4	true
Mission::hasFailed	00187fd8	4	true
Mission::setWon	00187fdc	4	true
Mission::hasWon	00187fe0	4	true
Mission::setProductionGoods	00187fe4	6	true
Mission::getProductionGoodIndex	00187fea	4	true
Mission::getProductionGoodAmount	00187fee	4	true
Mission::setStatusValue	00187ff2	4	true
Mission::getStatusValue	00187ff6	4	true
Mission::getType	00187ffa	4	true
Mission::getName	00188000	54	true
Mission::getDescription	00188040	16	true
Mission::isOutsideMission	00188054	4	true
Mission::getClientName	00188058	14	true
Mission::getClientImage	00188066	4	true
Mission::getClientRace	0018806a	4	true
Mission::getReward	0018806e	4	true
Mission::setReward	00188072	4	true
Mission::getCosts	00188076	4	true
Mission::setCosts	0018807a	4	true
Mission::getBonus	0018807e	4	true
Mission::setBonus	00188082	4	true
Mission::setInstantActionMission	00188086	6	true
Mission::isInstantActionMission	0018808c	6	true
Mission::isCampaignMission	00188092	10	true
Mission::setCampaignMission	0018809c	4	true
Mission::getTargetStation	001880a0	4	true
Mission::getTargetStationName	001880a4	14	true
Mission::getTargetSystemName	001880b2	14	true
Mission::setTargetSystemName	001880c0	6	true
Mission::setTargetStation	001880c8	80	true
Mission::setDifficulty	00188134	4	true
Mission::getDifficulty	00188138	4	true
Mission::getDistance	0018813c	4	true
Mission::calcDistance	00188140	120	true
Mission::getAgent	001881c0	4	true
Mission::setAgent	001881c4	4	true
Mission::getTargetName	001881c8	14	true
Mission::setTargetName	001881d6	6	true
Mission::setType	001881dc	4	true
Mission::clone	001881e0	108	true
Trail::Trail	0018826c	432	true
Trail::changeType	00188430	140	true
Trail::~Trail	001884ec	32	true
Trail::update	0018850c	476	true
Trail::setWidth	001886f8	122	true
Trail::update	00188778	48	true
Trail::update	001887a8	96	true
Trail::reset	00188810	98	true
Trail::translate	00188872	104	true
Trail::render	001888dc	16	true
SentryGun::SentryGun	001888f0	56	true
SentryGun::~SentryGun	0018892c	4	true
SentryGun::~SentryGun	00188930	16	true
SentryGun::render	00188940	2	true
SentryGun::update	00188942	146	true
NewsTicker::NewsTicker	001889d4	1022	true
NewsTicker::replaceTokens	00188ea0	4762	true
ArrayReleaseClasses<NewsItem*>	0018a868	66	true
NewsTicker::~NewsTicker	0018a8aa	18	true
NewsTicker::update	0018a8bc	138	true
NewsTicker::draw	0018a950	330	true
NewsTicker::getHeight	0018aabc	28	true
NewsTicker::OnTouchBegin	0018aae0	80	true
NewsTicker::OnTouchMove	0018ab38	70	true
NewsTicker::OnTouchEnd	0018ab84	18	true
Sparks::Sparks	0018ab98	212	true
Sparks::isRocket	0018ac78	10	true
Sparks::~Sparks	0018ac82	22	true
Sparks::explode	0018ac98	258	true
Sparks::explode	0018ada8	42	true
Sparks::render	0018add0	130	true
Sparks::update	0018ae80	106	true
Sparks::translate	0018aef0	70	true
PlayerJunk::PlayerJunk	0018af3c	68	true
PlayerJunk::~PlayerJunk	0018af84	4	true
PlayerJunk::~PlayerJunk	0018af88	16	true
PlayerJunk::reset	0018af98	30	true
PlayerJunk::update	0018afb4	332	true
PlayerJunk::render	0018b124	38	true
PlayerJunk::collide	0018b148	4	true
PlayerJunk::outerCollide	0018b14c	4	true
RocketGun::RocketGun	0018b150	186	true
RocketGun::~RocketGun	0018b230	108	true
RocketGun::~RocketGun	0018b2a0	16	true
RocketGun::setRadar	0018b2b0	746	true
ArraySetLength<AbyssEngine::AEMath::Matrix>	0018b5c0	60	true
RocketGun::render	0018b5fc	4	true
RocketGun::update	0018b600	1866	true
RocketGun::seekEnemy	0018bd70	326	true
RocketGun::translate	0018bec0	2	true
MarqueeImage::MarqueeImage	0018bec4	72	true
MarqueeImage::~MarqueeImage	0018bf10	2	true
MarqueeImage::setPosition	0018bf12	6	true
MarqueeImage::setSpeed	0018bf18	4	true
MarqueeImage::update	0018bf1c	88	true
MarqueeImage::draw	0018bf78	150	true
MarqueeImage::draw	0018c018	10	true
ObjectGun::ObjectGun	0018c020	516	true
ObjectGun::~ObjectGun	0018c280	78	true
ObjectGun::~ObjectGun	0018c2d4	16	true
ObjectGun::setEnemies	0018c2e4	6	true
ObjectGun::setEnemy	0018c2ea	2	true
ObjectGun::update	0018c2ec	1056	true
ObjectGun::render	0018c770	1516	true
ObjectGun::translate	0018cda0	2	true
ObjectGun::setScaling	0018cda2	26	true
ObjectGun::replaceGun	0018cdbc	48	true
SpacePoint::SpacePoint	0018cdf0	56	true
SpacePoint::isFree	0018ce28	4	true
SpacePoint::take	0018ce2c	6	true
SpacePoint::giveFree	0018ce32	6	true
SpacePoint::getIndex	0018ce38	4	true
SpacePoint::~SpacePoint	0018ce3c	2	true
Hud::Hud	0018ce3e	98	true
Hud::init	0018cf20	3452	true
Hud::~Hud	0018dd48	180	true
Hud::setAutofireEnabled	0018ddfc	6	true
ArraySetLength<void*>	0018de02	52	true
Hud::closeHudMenu	0018de36	44	true
Hud::checkIfQuickMenuIsEmpty	0018de64	120	true
Hud::releaseAllKeys	0018deec	50	true
Hud::setVisible	0018df1e	4	true
Hud::updateSecondaryWeaponString	0018df24	240	true
Hud::initHudMenu	0018e080	3540	true
Hud::setCurrentSecondaryWeapon	0018f090	10	true
Hud::drawEventQueue	0018f098	374	true
Hud::addToEventQueue	0018f244	52	true
Hud::setTimeExtender	0018f278	40	true
Hud::updateQueue	0018f2a0	132	true
Hud::clearQueue	0018f324	70	true
Hud::hudEventMedal	0018f36c	374	true
Hud::sameHudEventAsBefore	0018f55c	66	true
Hud::hudEvent	0018f5a0	2462	true
Hud::sameHudEventAsBeforeAggregate	0019022c	66	true
Hud::playerHit	0019026e	14	true
Hud::catchCargo	0019027c	1024	true
Hud::cargoFull	001907ac	6	true
Hud::setHackingGameActive	001907b2	6	true
Hud::isHackingGameActive	001907b8	6	true
Hud::firePressed	001907be	10	true
Hud::drawEventString	001907c8	158	true
Hud::drawPauseButton	00190874	68	true
Hud::drawChallengeModeScore	001908bc	930	true
Hud::draw	00190d08	10094	true
Hud::resetAnalogStick	00193a24	16	true
drawControlsInterface	00193a34	2	true
Hud::drawBigNumber	00193a36	2	true
Hud::drawTitleImage	00193a38	2	true
Hud::drawCredits	00193a3a	2	true
Hud::drawOrbitInformation	00193a3c	542	true
Hud::drawMenu	00193cf8	650	true
Hud::hudAction	00193fec	4	true
Hud::jumpMapSelected	00193ff0	6	true
Hud::setJumpMapSelected	00193ff6	6	true
Hud::enableFireForTutorial	00193ffc	6	true
Hud::getAnalogX	00194002	40	true
Hud::getAnalogY	0019402a	40	true
Hud::touchedElement	00194054	1166	true
Hud::touchBegin	001944f0	182	true
Hud::touchMove	001945a8	190	true
Hud::touchEnd	00194668	118	true
DialogueWindow::DialogueWindow	001946de	62	true
DialogueWindow::init	00194734	586	true
DialogueWindow::set	001949dc	116	true
DialogueWindow::DialogueWindow	00194a54	40	true
DialogueWindow::DialogueWindow	00194a94	288	true
DialogueWindow::~DialogueWindow	00194c04	138	true
DialogueWindow::hasBriefingDialogue	00194c90	26	true
DialogueWindow::hasSuccessDialogue	00194cb0	26	true
DialogueWindow::loadContent	00194cd0	3064	true
DialogueWindow::getMode	00195bec	4	true
DialogueWindow::update	00195bf0	112	true
DialogueWindow::isLastPage	00195c68	22	true
DialogueWindow::nextPage	00195c7e	38	true
DialogueWindow::length	00195ca4	92	true
DialogueWindow::isFirstPage	00195d0c	12	true
DialogueWindow::hasLevel	00195d18	10	true
DialogueWindow::setLevel	00195d22	4	true
DialogueWindow::previousPage	00195d26	26	true
DialogueWindow::pickGermanGenericTextBecauseWeSaved100EurosWithThat	00195d40	170	true
DialogueWindow::draw	00195e04	326	true
DialogueWindow::OnTouchBegin	00195f88	76	true
DialogueWindow::OnTouchMove	00195fd4	76	true
DialogueWindow::OnTouchEnd	00196020	282	true
TouchButton::TouchButton	00196154	122	true
TouchButton::init	001961f8	1694	true
TouchButton::TouchButton	00196960	166	true
TouchButton::TouchButton	00196a48	168	true
TouchButton::TouchButton	00196b34	122	true
TouchButton::TouchButton	00196bd8	162	true
TouchButton::TouchButton	00196cac	164	true
TouchButton::TouchButton	00196d94	120	true
TouchButton::~TouchButton	00196e38	34	true
TouchButton::setText	00196e5c	256	true
TouchButton::setPosition	00196f6c	82	true
TouchButton::setNumberText	00196fbe	6	true
TouchButton::setGamePadButtonImage	00196fc4	4	true
TouchButton::replaceTextKeepSize	00196fc8	66	true
TouchButton::setSplitText	00197010	6	true
TouchButton::getText	00197016	14	true
TouchButton::getWidth	00197024	6	true
TouchButton::getHeight	0019702a	4	true
TouchButton::setPosition	0019702e	8	true
TouchButton::setYPosition	00197036	14	true
TouchButton::getPosition	00197042	30	true
TouchButton::setHalfTransparent	00197060	6	true
TouchButton::setVisible	00197066	6	true
TouchButton::isVisible	0019706c	6	true
TouchButton::translate	00197072	14	true
TouchButton::setAlwaysPressed	00197080	6	true
TouchButton::setTextColor	00197086	6	true
TouchButton::setPressProgress	0019708c	6	true
TouchButton::setPressProgressHighlight	00197092	6	true
TouchButton::draw	00197098	1488	true
TouchButton::touchedInside	001976e0	136	true
TouchButton::resetTouch	0019776c	8	true
TouchButton::isTouched	00197774	6	true
TouchButton::OnTouchBegin	0019777c	74	true
TouchButton::OnTouchMove	001977cc	52	true
TouchButton::OnTouchEnd	00197800	80	true
SpriteGun::SpriteGun	00197854	18	true
SpriteGun::~SpriteGun	0019786c	2	true
SpriteGun::~SpriteGun	0019786e	4	true
SpriteGun::render	00197872	2	true
SpriteGun::update	00197874	8	true
SpriteGun::setEnemies	0019787a	6	true
SpriteGun::setEnemy	00197880	6	true
SpaceLounge::SpaceLounge	00197890	1166	true
SpaceLounge::init	00197da0	2282	true
ArrayRemove<Agent*>	00198770	66	true
SpaceLounge::introFinished	001987b2	6	true
SpaceLounge::~SpaceLounge	001987b8	314	true
ArrayReleaseClasses<Array<ImagePart*>*>	001988f2	70	true
ArraySetLength<Array<ImagePart*>*>	00198938	52	true
SpaceLounge::setHangarUpdate	0019896c	6	true
SpaceLounge::startChat	00198974	11830	true
SpaceLounge::refresh	0019c6f8	2	true
SpaceLounge::onKeyPress	0019c6fc	7592	true
SpaceLounge::updateScreenPositions	0019ec30	694	true
SpaceLounge::update	0019ef20	1116	true
SpaceLounge::draw	0019f3dc	306	true
SpaceLounge::drawLounge	0019f53c	1878	true
SpaceLounge::draw3DShip	0019fd90	14	true
SpaceLounge::checkLocationMode	0019fd9c	4	true
SpaceLounge::mapMode	0019fda0	6	true
SpaceLounge::listMode	0019fda6	14	true
SpaceLounge::getSoundId	0019fdb4	610	true
SpaceLounge::getSpecificSoundForRace	001a0080	118	true
SpaceLounge::hangarNeedsUpdate	001a0100	6	true
SpaceLounge::OnTouchBegin	001a0108	298	true
SpaceLounge::OnTouchMove	001a0238	284	true
SpaceLounge::OnTouchEnd	001a0360	6662	true
SpaceLounge::OnRender3D	001a2490	54	true
SpaceLounge::OnRenderBG	001a24c2	14	true
MeshMerger::MeshMerger	001a24d0	726	true
MeshMerger::MeshMerger	001a27b0	428	true
MeshMerger::setMesh	001a2980	76	true
MeshMerger::setLod	001a29d4	38	true
MeshMerger::setMatrix	001a29fa	16	true
MeshMerger::setEnabled	001a2a0a	34	true
MeshMerger::init	001a2a2c	248	true
MeshMerger::transformMesh	001a2b24	412	true
MeshMerger::update	001a2cc8	368	true
MeshMerger::render	001a2e38	12	true
MeshMerger::~MeshMerger	001a2e44	170	true
ScrollTouchWindow::ScrollTouchWindow	001a2ef0	124	true
ScrollTouchWindow::ScrollTouchWindow	001a2f88	102	true
ScrollTouchWindow::~ScrollTouchWindow	001a300c	34	true
ScrollTouchWindow::setText	001a3030	82	true
ScrollTouchWindow::setText	001a3098	86	true
ScrollTouchWindow::setYPosition	001a3104	8	true
ScrollTouchWindow::draw	001a310c	308	true
ScrollTouchWindow::setTextCentered	001a3270	8	true
ScrollTouchWindow::drawTextBG	001a3278	150	true
ScrollTouchWindow::update	001a332c	8	true
ScrollTouchWindow::OnTouchBegin	001a3332	8	true
ScrollTouchWindow::OnTouchMove	001a3338	18	true
ScrollTouchWindow::OnTouchEnd	001a334a	18	true
Ship::Ship	001a335c	132	true
Ship::refreshValue	001a33f4	880	true
Ship::~Ship	001a37a0	116	true
Ship::setRace	001a3814	4	true
Ship::getRace	001a3818	4	true
Ship::getIndex	001a381c	4	true
Ship::getPrice	001a3820	4	true
Ship::setCurrentWeaponSlot	001a3824	4	true
Ship::getCurrentWeaponSlot	001a3828	4	true
Ship::getHandlingForShop	001a382c	66	true
Ship::getHandling	001a3878	66	true
Ship::getBaseHP	001a38c4	4	true
Ship::getCombinedHP	001a38c8	58	true
Ship::getMaxArmorHP	001a3902	4	true
Ship::getMaxHP	001a3906	50	true
Ship::getMaxShieldHP	001a3938	4	true
Ship::getShieldRegen	001a393c	4	true
Ship::getValue	001a3940	4	true
Ship::getRadarType	001a3944	4	true
Ship::getBoostSpeed	001a3948	4	true
Ship::getBoostTime	001a394c	4	true
Ship::getBoostDelay	001a3950	4	true
Ship::getAgility	001a3954	4	true
Ship::getFireRateFactor	001a3958	4	true
Ship::getDamageFactor	001a395c	4	true
Ship::hasSecondaryWeapons	001a3960	56	true
Ship::hasBooster	001a3998	12	true
Ship::hasJumpDrive	001a39a4	38	true
Ship::hasJumpDriveIntegrated	001a39ca	28	true
Ship::hasCloak	001a39e6	34	true
Ship::hasCloakIntegrated	001a3a08	24	true
Ship::hasEmergencySystem	001a3a20	6	true
Ship::getRepairType	001a3a26	4	true
Ship::getSignatureRace	001a3a2a	4	true
Ship::getFirePower	001a3a2e	4	true
Ship::getBaseLoad	001a3a32	4	true
Ship::getCargoPlus	001a3a36	4	true
Ship::getCompression	001a3a3a	4	true
Ship::getMaxLoad	001a3a3e	8	true
Ship::getCurrentLoad	001a3a46	4	true
Ship::changeLoad	001a3a4c	40	true
Ship::getFreeSpace	001a3a78	12	true
Ship::getEquipment	001a3a84	4	true
Ship::getCargo	001a3a88	4	true
Ship::replaceCargo	001a3a8c	82	true
Ship::getFirstEquipmentOfSort	001a3ae4	90	true
Ship::hasEquipment	001a3b44	76	true
Ship::hasVolatileGoods	001a3b90	34	true
Ship::hasCargo	001a3bb2	76	true
Ship::hasCargoType	001a3bfe	56	true
Ship::removeCargo	001a3c36	40	true
Ship::removeCargo	001a3c5e	116	true
Ship::removeAllCargo	001a3cd2	30	true
Ship::removeCargo	001a3cf0	12	true
Ship::setCargo	001a3cfc	86	true
Ship::getCargo	001a3d58	60	true
Ship::spaceAvailable	001a3d94	20	true
Ship::addCargo	001a3da8	76	true
Ship::addCargo	001a3e02	26	true
Ship::replaceEquipment	001a3e1a	50	true
Ship::removeEquipment	001a3e4c	62	true
Ship::setEquipment	001a3e8a	40	true
Ship::setEquipment	001a3eb2	46	true
Ship::getEquipment	001a3ee0	158	true
Ship::getSlotPos	001a3f8c	88	true
Ship::addEquipment	001a3fe4	78	true
Ship::setEquipment	001a4032	100	true
Ship::getCargoValue	001a4096	54	true
Ship::getEquipmentValue	001a40cc	52	true
Ship::getMaxPassengers	001a4100	4	true
Ship::freeAllSlots	001a4104	54	true
Ship::freeSlot	001a413a	72	true
Ship::freeSlot	001a4182	68	true
Ship::getSlots	001a41c6	8	true
Ship::getSlotTypes	001a41ce	24	true
Ship::getUsedSlots	001a41e6	58	true
Ship::slotAvailable	001a4220	62	true
Ship::getFreeSlots	001a425e	18	true
Ship::makeShip	001a4270	18	true
Ship::clone	001a4284	118	true
Ship::priceDecline	001a430c	42	true
Ship::adjustPrice	001a433c	164	true
Ship::setPrice	001a4400	4	true
Ship::addMod	001a4404	224	true
Ship::equals	001a44f8	14	true
Ship::getNumAddedDeviceSlots	001a4506	4	true
Ship::getUnmoddedHandling	001a450a	4	true
Ship::getModdedLoad	001a450e	42	true
Ship::getMods	001a4538	4	true
Ship::setMods	001a453c	186	true
Ship::hasModInstalled	001a4602	40	true
ModMainMenu::ModMainMenu	001a462c	30	true
ModMainMenu::~ModMainMenu	001a4650	26	true
ModMainMenu::~ModMainMenu	001a4674	16	true
ModMainMenu::OnResume	001a4684	50	true
ModMainMenu::OnSuspend	001a46c4	20	true
ModMainMenu::OnInitialize	001a46dc	524	true
ModMainMenu::OnTouchBegin	001a4940	20	true
ModMainMenu::OnTouchMove	001a4952	18	true
ModMainMenu::OnTouchEnd	001a4964	50	true
ModMainMenu::OnRelease	001a499c	126	true
ModMainMenu::OnUpdate	001a4a34	138	true
ModMainMenu::OnRender2D	001a4acc	420	true
ModMainMenu::OnRender3D	001a4c98	48	true
ModMainMenu::OnKeyPress	001a4ccc	2	true
ModMainMenu::OnKeyRelease	001a4cce	2	true
ModMainMenu::OnTouchBegin	001a4cd0	2	true
ModMainMenu::OnTouchMove	001a4cd2	2	true
ModMainMenu::OnTouchEnd	001a4cd4	2	true
ModMainMenu::ShowLoadingScreen	001a4cd6	4	true
Galaxy::Galaxy	001a4cda	54	true
Galaxy::~Galaxy	001a4d1e	52	true
Galaxy::reset	001a4d52	14	true
Galaxy::getSystems	001a4d60	4	true
Galaxy::getSystem	001a4d64	16	true
Galaxy::getStation	001a4d74	58	true
Galaxy::setVisited	001a4dc0	52	true
Galaxy::getVisited	001a4df4	4	true
Galaxy::visitStation	001a4df8	8	true
Galaxy::invDistancePercent	001a4e00	58	true
Galaxy::distancePercent	001a4e40	54	true
Galaxy::distance	001a4e7c	286	true
Galaxy::getAsteroidProbabilities	001a4fb0	458	true
Galaxy::getPlasmaProbabilities	001a518c	406	true
PlayerGasCloud::PlayerGasCloud	001a5330	314	true
PlayerGasCloud::~PlayerGasCloud	001a5498	222	true
PlayerGasCloud::~PlayerGasCloud	001a557c	16	true
PlayerGasCloud::setSparkInSight	001a558c	22	true
PlayerGasCloud::isSparkAlive	001a55a2	48	true
PlayerGasCloud::getSparks	001a55d2	6	true
PlayerGasCloud::getPosition	001a55d8	12	true
PlayerGasCloud::setPosition	001a55e4	8	true
PlayerGasCloud::translate	001a55ea	8	true
PlayerGasCloud::explode	001a55f0	992	true
PlayerGasCloud::hasExploded	001a5a14	6	true
PlayerGasCloud::update	001a5a1c	1204	true
PlayerGasCloud::render	001a5f2c	268	true
BluePrint::BluePrint	001a6044	172	true
BluePrint::~BluePrint	001a6110	68	true
BluePrint::addItem	001a6154	294	true
BluePrint::getIngredientList	001a62a4	22	true
BluePrint::complete	001a62bc	28	true
BluePrint::isCompleted	001a62d8	32	true
BluePrint::getIndex	001a62f8	4	true
BluePrint::getMoneySpent	001a62fc	4	true
BluePrint::setMoneySpent	001a6300	4	true
BluePrint::getQuantityList	001a6304	22	true
BluePrint::getTotalAmount	001a631c	86	true
BluePrint::getCurrentAmount	001a6378	30	true
BluePrint::getRemainingAmount	001a6398	64	true
BluePrint::getCompletionRate	001a63dc	112	true
BluePrint::getIngredientsValue	001a6454	106	true
BluePrint::getAutoCompletionPrice	001a64c8	76	true
BluePrint::getBaseQuantity	001a6518	4	true
BluePrint::getStationIndex	001a651c	4	true
BluePrint::getStationName	001a6520	14	true
BluePrint::getQuantity	001a652e	4	true
BluePrint::isUnlocked	001a6532	4	true
BluePrint::unlock	001a6536	6	true
BluePrint::lock	001a653c	6	true
BluePrint::isEmpty	001a6542	12	true
BluePrint::reset	001a6550	90	true
Agent::Agent	001a65b4	202	true
Agent::~Agent	001a66aa	68	true
Agent::getIndex	001a66ec	4	true
Agent::getName	001a66f0	12	true
Agent::getType	001a66fc	4	true
Agent::getOffer	001a6700	4	true
Agent::getRace	001a6704	4	true
Agent::getSystem	001a6708	4	true
Agent::getStation	001a670c	4	true
Agent::isMale	001a6710	6	true
Agent::getEvent	001a6716	4	true
Agent::setEvent	001a671a	4	true
Agent::nextEvent	001a671e	8	true
Agent::isStoryAgent	001a6726	12	true
Agent::isGenericAgent	001a6732	10	true
Agent::setImageParts	001a673c	4	true
Agent::getImageParts	001a6740	4	true
Agent::setOffer	001a6744	4	true
Agent::setMission	001a6748	4	true
Agent::getMission	001a674c	4	true
Agent::isKnown	001a6750	12	true
Agent::setWingmanFriendNames	001a675c	298	true
Agent::getSellSystemIndex	001a6896	4	true
Agent::getSellBlueprintIndex	001a689a	4	true
Agent::setCosts	001a689e	4	true
Agent::getCosts	001a68a2	4	true
Agent::getWingmanFriendsCount	001a68a6	4	true
Agent::getWingmanName	001a68aa	24	true
Agent::getWingmanNames	001a68c2	6	true
Agent::getMissionString	001a68c8	14	true
Agent::setMissionString	001a68d8	66	true
Agent::getSellItemIndex	001a6930	4	true
Agent::getSellItemQuantity	001a6934	4	true
Agent::getSellItemPrice	001a6938	4	true
Agent::setSellItemPrice	001a693c	4	true
Agent::setSellItemData	001a6940	6	true
Agent::hasAcceptedOffer	001a6946	6	true
Agent::setOfferAccepted	001a694c	6	true
Agent::hasReward	001a6952	6	true
Agent::giveRewardAtNextChat	001a6958	6	true
Agent::getStationName	001a695e	14	true
Agent::setStationName	001a696c	6	true
Agent::getSystemName	001a6972	14	true
Agent::setSystemName	001a6980	8	true
Agent::getSellModIndex	001a6986	6	true
Agent::getModPricePercentage	001a698c	22	true
BeamGun::BeamGun	001a69a8	196	true
BeamGun::~BeamGun	001a6a94	50	true
BeamGun::~BeamGun	001a6acc	16	true
BeamGun::render	001a6adc	42	true
BeamGun::update	001a6b04	612	true
BeamGun::setEnemies	001a6d88	8	true
BeamGun::setEnemy	001a6d8e	8	true
BeamGun::translate	001a6d94	2	true
BeamGun::replaceGun	001a6d96	2	true
MGame::MGame	001a6d98	214	true
MGame::~MGame	001a6e74	34	true
MGame::~MGame	001a6eac	16	true
MGame::OnInitialize	001a6ebc	2394	true
MGame::reset	001a793c	658	true
MGame::handleAccelerometer	001a7c1c	538	true
MGame::maneuverTouchBegin	001a7e40	18	true
MGame::maneuverTouchMove	001a7e54	76	true
MGame::maneuverTouchEnd	001a7eac	104	true
MGame::freeCamTouchBegin	001a7f20	202	true
MGame::freeCamTouchMove	001a7ff4	580	true
MGame::freeCamTouchEnd	001a8250	174	true
MGame::pauseSounds	001a8304	68	true
MGame::resumeSounds	001a834c	60	true
MGame::OnTouchBegin	001a838c	3072	true
MGame::OnTouchMove	001a9088	626	true
MGame::useCloak	001a930c	274	true
MGame::UseKhadorDrive	001a9480	594	true
MGame::startChargingJumpDrive	001a9710	384	true
MGame::OnTouchEnd	001a98d8	8834	true
MGame::startJumpScene	001abf10	848	true
MGame::setCinematicMode	001ac2b0	146	true
MGame::switchCamera	001ac34c	314	true
MGame::nextCamId	001ac488	162	true
MGame::OnRelease	001ac53c	524	true
MGame::OnKeyPress	001ac774	2	true
MGame::OnUpdate	001ac778	11744	true
MGame::updateJumpScene	001afad4	916	true
MGame::dockEvent	001afebc	1266	true
MGame::dialogueEvent	001b0498	334	true
MGame::successCheck	001b0620	1538	true
MGame::gameOverCheck	001b0d04	618	true
MGame::OnResume	001b0fc0	52	true
MGame::OnSuspend	001b1000	168	true
MGame::OnRender2D	001b10bc	1282	true
MGame::OnRender3D	001b164c	296	true
MGame::pause	001b1790	2	true
MGame::showLiteScreen	001b1792	2	true
MGame::OnKeyRelease	001b1794	2	true
MGame::OnTouchBegin	001b1796	2	true
MGame::OnTouchMove	001b1798	2	true
MGame::OnTouchEnd	001b179a	2	true
MGame::ShowLoadingScreen	001b179c	4	true
SimpleMeshMerger::SimpleMeshMerger	001b17a0	724	true
ArraySetLength<AbyssEngine::Mesh*>	001b1aa4	52	true
AMeshMerger::render	001b1ad8	12	true
AMeshMerger::~AMeshMerger	001b1ae4	22	true
LodMeshMerger::LodMeshMerger	001b1b00	436	true
LodMeshMerger::setMesh	001b1cf0	76	true
LodMeshMerger::setLod	001b1d44	38	true
LodMeshMerger::setMatrix	001b1d6a	18	true
LodMeshMerger::setEnabled	001b1d7a	34	true
LodMeshMerger::init	001b1d9c	264	true
LodMeshMerger::transformMesh	001b1ea4	492	true
LodMeshMerger::update	001b2098	562	true
LodMeshMerger::~LodMeshMerger	001b22ca	168	true
IParticleSystem::IParticleSystem	001b2370	294	true
IParticleSystem::getParticleCount	001b24c0	4	true
IParticleSystem::setParticleSetIndex	001b24c4	6	true
IParticleSystem::setParticleSet	001b24ca	20	true
IParticleSystem::resetEmitterVelocity	001b24e0	84	true
IParticleSystem::calcEmitterVelocity	001b253c	128	true
IParticleSystem::interpolateColor	001b25c8	332	true
IParticleSystem::update	001b271c	68	true
IParticleSystem::enableEmit	001b2760	18	true
IParticleSystem::enableRender	001b2772	26	true
IParticleSystem::enableUpdate	001b278c	4	true
IParticleSystem::emit	001b2790	2468	true
IParticleSystem::emitManual	001b3174	1110	true
IParticleSystem::setMatrix	001b3608	10	true
ArraySet<ParticleSettings::ParticleSet>	001b3612	56	true
ParticleSystemSprite::ParticleSystemSprite	001b364c	140	true
ParticleSystemSprite::init	001b3708	16	true
ParticleSystemSprite::~ParticleSystemSprite	001b3718	56	true
ParticleSystemSprite::setParticle	001b3758	232	true
ParticleSystemSprite::updateAreaExitParticle	001b3844	1142	true
ParticleSystemSprite::updateSingle	001b3cf0	744	true
ParticleSystemSprite::reset	001b4008	92	true
ParticleSystemSprite::release	001b4064	42	true
ParticleSystemSprite::render	001b4090	130	true
ParticleSystemSprite::render	001b4140	250	true
ParticleSystemSprite::enable	001b423a	2	true
ParticleSystemSprite::getQuadCount	001b423c	4	true
ParticleSystemManager::ParticleSystemManager	001b4240	126	true
ParticleSystemManager::construct	001b42ce	30	true
Array<ParticleSystemMesh*>::~Array	001b42ec	22	true
Array<ParticleSystemSprite*>::~Array	001b4302	22	true
ParticleSystemManager::ParticleSystemManager	001b4318	126	true
ParticleSystemManager::init	001b43a6	36	true
ParticleSystemManager::initSprites	001b43c8	184	true
ParticleSystemManager::initMesh	001b4484	180	true
ParticleSystemManager::update	001b4538	248	true
ParticleSystemManager::addSystem	001b4630	172	true
ParticleSystemManager::addSpriteSystem	001b46f8	92	true
ParticleSystemManager::addMeshSystem	001b4762	98	true
ParticleSystemManager::enableSystemUpdate	001b47d2	44	true
ParticleSystemManager::setParticleSetByIndex	001b47fc	44	true
ParticleSystemManager::setParticleSetBySet	001b4826	44	true
ParticleSystemManager::enableSystemEmit	001b4850	44	true
ParticleSystemManager::enableSystemRender	001b487a	44	true
ParticleSystemManager::resetSystem	001b48a4	42	true
ParticleSystemManager::~ParticleSystemManager	001b48ce	48	true
ParticleSystemManager::release	001b4916	28	true
ParticleSystemManager::cameraToggle	001b4930	34	true
ParticleSystemManager::releaseSprites	001b4950	38	true
ParticleSystemManager::render3d	001b4976	38	true
ParticleSystemManager::renderMeshes	001b499a	50	true
ParticleSystemManager::renderSprites	001b49c8	50	true
ParticleSystemManager::renderPost3d	001b49f6	2	true
ParticleSystemManager::reset	001b49f8	64	true
ArrayReleaseClasses<ParticleSystemMesh*>	001b4a38	66	true
ArrayReleaseClasses<ParticleSystemSprite*>	001b4a7a	66	true
ParticleSystemManager::emitManual	001b4abc	74	true
ParticleSystemManager::emitManual	001b4b06	74	true
ParticleSystemManager::systemSetMatrix	001b4b50	44	true
ParticleSettings::multiplyAll	001b4b7c	262	true
ParticleSettings::Interpolate	001b4ca0	156	true
ParticleSettings::ParticleSettings	001b4d44	30	true
ParticleSettings::init	001b4d80	5174	true
ParticleSettings::~ParticleSettings	001b6450	28	true
ParticleSystemMesh::ParticleSystemMesh	001b646c	300	true
ParticleSystemMesh::~ParticleSystemMesh	001b65cc	40	true
ParticleSystemMesh::startNewSection	001b65f8	8	true
ParticleSystemMesh::wasNewSectionStarted	001b6600	6	true
ParticleSystemMesh::incId	001b6606	16	true
ParticleSystemMesh::getPrevId	001b6616	8	true
ParticleSystemMesh::finishCurrentTrailParticle	001b661e	90	true
ParticleSystemMesh::emitTrail	001b6678	1810	true
ParticleSystemMesh::setParticle	001b6dcc	882	true
ParticleSystemMesh::setQuadEdge	001b7148	232	true
ParticleSystemMesh::emit	001b7238	48	true
ParticleSystemMesh::render	001b7264	14	true
ParticleSystemMesh::render	001b7272	74	true
ParticleSystemMesh::reset	001b72ba	94	true
ParticleSystemMesh::init	001b7318	310	true
ParticleSystemMesh::release	001b744e	2	true
ParticleSystemMesh::updateSingleColor	001b7450	576	true
ParticleSystemMesh::updateUsualEdges	001b76a0	208	true
ParticleSystemMesh::updateTrailEdges	001b777c	362	true
ParticleSystemMesh::setParticle	001b78f4	80	true
ParticleSystemMesh::updateSingle	001b7944	388	true
ParticleSystemMesh::getQuadCount	001b7ad8	6	true
inflateReset	001b7ade	64	true
inflatePrime	001b7b1e	58	true
inflateInit2_	001b7b58	154	true
inflateInit_	001b7bf8	12	true
inflate	001b7c04	4388	true
FUN_001b8dc8	001b8dc8	184	true
inflateEnd	001b8e80	46	true
inflateSetDictionary	001b8eae	140	true
inflateGetHeader	001b8f3a	28	true
inflateSync	001b8f58	262	true
FUN_001b9068	001b9068	76	true
inflateSyncPoint	001b90b4	32	true
inflateCopy	001b90d4	248	true
compress2	001b91cc	124	true
compress	001b9254	22	true
compressBound	001b926a	12	true
deflateInit_	001b9276	34	true
deflateInit2_	001b9298	404	true
deflateEnd	001b9438	158	true
deflateReset	001b94d8	182	true
deflateSetDictionary	001b9594	214	true
deflateSetHeader	001b966a	24	true
deflatePrime	001b9682	42	true
deflateParams	001b96ac	144	true
deflate	001b9744	1692	true
deflateTune	001b9df4	28	true
deflateBound	001b9e10	42	true
FUN_001b9e38	001b9e38	70	true
deflateCopy	001b9e7e	332	true
FUN_001b9fca	001b9fca	260	true
FUN_001ba714	001ba714	276	true
FUN_001ba828	001ba828	402	true
FUN_001ba9ba	001ba9ba	210	true
get_crc_table	001baa8c	6	true
crc32	001baa98	692	true
crc32_combine	001bad60	386	true
inflateBackInit_	001baeec	138	true
inflateBack	001baf80	2796	true
inflateBackEnd	001bbac0	32	true
zlibVersion	001bbae0	6	true
zlibCompileFlags	001bbaec	4	true
zError	001bbaf0	16	true
zcalloc	001bbb04	10	true
zcfree	001bbb0c	6	true
inflate_table	001bbb14	906	true
uncompress	001bbeb8	134	true
_tr_init	001bbf4c	76	true
FUN_001bbfa4	001bbfa4	90	true
_tr_stored_block	001bbffe	256	true
_tr_align	001bc0fe	272	true
FUN_001bc20e	001bc20e	108	true
_tr_flush_block	001bc27c	920	true
FUN_001bc624	001bc624	934	true
FUN_001bc9d4	001bc9d4	708	true
FUN_001bccb0	001bccb0	92	true
_tr_tally	001bcd0c	162	true
FUN_001bcdb8	001bcdb8	174	true
FUN_001bce66	001bce66	194	true
FUN_001bcf28	001bcf28	870	true
inflate_fast	001bd290	1120	true
adler32	001bd6fc	502	true
adler32_combine	001bd8f2	112	true
_zip_memdup	001bd962	52	true
zip_add	001bd996	38	true
_zip_filerange_crc	001bd9bc	174	true
zip_get_name	001bda74	10	true
_zip_get_name	001bda7c	92	true
zip_file_strerror	001bdad8	6	true
zip_fopen_index	001bdae0	456	true
_zip_file_fillbuf	001bdcd0	156	true
zip_source_buffer	001bdd6c	118	true
FUN_001bdde8	001bdde8	126	true
zip_error_clear	001bde6c	6	true
zip_get_archive_comment	001bde72	48	true
zip_source_file	001bdea2	54	true
_zip_set_name	001bded8	134	true
zip_file_error_get	001bdf5e	6	true
_zip_file_get_offset	001bdf64	136	true
zip_unchange	001bdff4	8	true
_zip_unchange	001bdffa	154	true
_zip_new	001be094	78	true
zip_close	001be0e4	2538	true
zip_add_dir	001beb00	160	true
zip_error_get_sys_type	001beba0	34	true
zip_set_archive_comment	001bebcc	76	true
zip_name_locate	001bec18	10	true
_zip_name_locate	001bec20	176	true
zip_unchange_archive	001becd8	30	true
zip_source_free	001becf6	32	true
zip_get_num_files	001bed16	12	true
zip_source_filep	001bed22	56	true
_zip_source_file_or_p	001bed5c	144	true
FUN_001bedf0	001bedf0	294	true
_zip_error_clear	001bef28	8	true
_zip_error_copy	001bef30	10	true
_zip_error_fini	001bef3a	18	true
_zip_error_get	001bef4c	34	true
_zip_error_init	001bef6e	10	true
_zip_error_set	001bef78	8	true
zip_strerror	001bef80	8	true
_zip_entry_new	001bef86	116	true
zip_get_archive_flag	001beffa	24	true
zip_set_archive_flag	001bf012	18	true
_zip_unchange_data	001bf024	44	true
zip_fread	001bf050	292	true
zip_rename	001bf17c	134	true
zip_source_zip	001bf200	320	true
zip_stat_index	001bf448	208	true
zip_source_function	001bf518	54	true
zip_replace	001bf54e	50	true
_zip_replace	001bf580	112	true
zip_delete	001bf5f0	68	true
zip_set_file_comment	001bf634	118	true
zip_stat	001bf6aa	48	true
zip_get_file_comment	001bf6d8	94	true
_zip_mkstemp	001bf738	374	true
_zip_entry_free	001bf8d8	42	true
zip_open	001bf900	1202	true
FUN_001bfdcc	001bfdcc	92	true
FUN_001bfe30	001bfe30	82	true
FUN_001bfe8c	001bfe8c	376	true
zip_error_get	001c000c	8	true
zip_fclose	001c0012	114	true
_zip_cdir_free	001c0084	66	true
_zip_dirent_finalize	001c00c6	34	true
_zip_cdir_grow	001c00e8	64	true
_zip_cdir_new	001c0128	92	true
_zip_cdir_write	001c0184	218	true
_zip_dirent_write	001c0264	446	true
FUN_001c0434	001c0434	48	true
_zip_dirent_init	001c0462	42	true
_zip_dirent_read	001c048c	750	true
_zip_read2	001c078c	16	true
_zip_read4	001c079c	34	true
FUN_001c07be	001c07be	104	true
FUN_001c0826	001c0826	122	true
_zip_dirent_torrent_normalize	001c08a0	158	true
_zip_free	001c0980	140	true
zip_file_error_clear	001c0a0c	8	true
zip_error_to_str	001c0a14	118	true
zip_stat_init	001c0ab0	26	true
zip_fopen	001c0ae0	36	true
zip_unchange_all	001c0b02	54	true
_zip_error_strerror	001c0b38	238	true
SHA224_Init	001c0c50	132	true
SHA256_Init	001c0cd4	132	true
SHA256_Update	001c0d58	272	true
SHA256_Transform	001c0e6c	8	true
SHA256_Final	001c0e74	1048	true
SHA224	001c128c	96	true
SHA256	001c12f0	100	true
OPENSSL_atomic_add	001c1360	28	true
OPENSSL_cleanse	001c137c	84	true
CRYPTO_memcmp	001c13d0	56	true
_armv7_neon_probe	001c1420	8	true
_armv7_tick	001c1428	8	true
_armv8_aes_probe	001c1430	8	true
_armv8_sha1_probe	001c1438	8	true
_armv8_sha256_probe	001c1440	8	true
_armv8_pmull_probe	001c1448	8	true
OPENSSL_wipe_cpu	001c1450	88	true
OPENSSL_instrument_bus	001c14a8	8	true
OPENSSL_instrument_bus2	001c14b0	8	true
sha256_block_data_order	001c1600	4068	true
sha256_block_data_order_neon	001c2410	3048	true
operator.new	001c3240	60	true
operator.new	001c3284	10	true
operator.new[]	001c329e	4	true
operator.new[]	001c32a2	10	true
operator.delete	001c32bc	10	true
operator.delete	001c32c6	4	true
operator.delete	001c32ca	4	true
operator.delete[]	001c32ce	4	true
operator.delete[]	001c32d2	4	true
operator.delete[]	001c32d6	14	true
std::__throw_bad_alloc	001c32dc	30	true
__cxa_end_cleanup	001c3304	12	true
__cxa_allocate_exception	001c3314	36	true
__cxa_free_exception	001c333c	12	true
__cxa_allocate_dependent_exception	001c334c	30	true
__cxa_throw	001c3370	100	true
__cxa_get_exception_ptr	001c33f0	4	true
__cxa_begin_cleanup	001c33f4	86	true
FUN_001c344e	001c344e	98	true
__cxa_begin_catch	001c34b0	108	true
__cxa_end_catch	001c3520	128	true
__cxa_decrement_exception_refcount	001c359e	62	true
__cxa_current_exception_type	001c35de	58	true
__cxa_rethrow	001c3618	94	true
__cxa_increment_exception_refcount	001c3676	28	true
__cxa_current_primary_exception	001c3692	98	true
__cxa_rethrow_primary_exception	001c36f8	118	true
FUN_001c3770	001c3770	36	true
__cxa_uncaught_exception	001c3794	16	true
__cxa_uncaught_exceptions	001c37a4	18	true
__cxa_get_globals	001c37bc	58	true
__cxa_get_globals_fast	001c3804	44	true
FUN_001c3840	001c3840	30	true
FUN_001c386c	001c386c	32	true
__cxa_guard_acquire	001c3894	114	true
__cxa_guard_release	001c3924	66	true
__cxa_guard_abort	001c3980	66	true
std::get_unexpected	001c39dc	28	true
FUN_001c39fc	001c39fc	14	true
std::unexpected	001c3a10	12	true
std::get_terminate	001c3a1c	28	true
FUN_001c3a3c	001c3a3c	14	true
std::terminate	001c3a70	66	true
std::set_new_handler	001c3ab8	30	true
std::get_new_handler	001c3adc	28	true
FUN_001c3afc	001c3afc	68	true
std::bad_alloc::bad_alloc	001c3b9c	12	true
std::bad_array_length::~bad_array_length	001c3bac	4	true
std::bad_alloc::~bad_alloc	001c3bb0	16	true
std::bad_alloc::what	001c3bc0	6	true
std::bad_array_new_length::bad_array_new_length	001c3bcc	12	true
std::bad_array_new_length::~bad_array_new_length	001c3bdc	16	true
std::bad_array_new_length::what	001c3bec	6	true
std::bad_array_length::bad_array_length	001c3bf8	12	true
std::bad_array_length::~bad_array_length	001c3c08	16	true
std::bad_array_length::what	001c3c18	6	true
__gxx_personality_v0	001c3c24	424	true
FUN_001c3dd4	001c3dd4	898	true
FUN_001c4160	001c4160	30	true
FUN_001c4180	001c4180	130	true
__cxa_call_unexpected	001c420c	420	true
FUN_001c43d8	001c43d8	174	true
FUN_001c449c	001c449c	100	true
FUN_001c4508	001c4508	64	true
__cxa_pure_virtual	001c4548	12	true
__cxa_deleted_virtual	001c4558	12	true
std::bad_exception::~bad_exception	001c4568	2	true
std::exception::~exception	001c456a	4	true
std::exception::what	001c4570	6	true
std::bad_exception::~bad_exception	001c457c	4	true
std::bad_exception::what	001c4580	6	true
FUN_001c458c	001c458c	24	true
FUN_001c45a4	001c45a4	204	true
FUN_001c469c	001c469c	48	true
FUN_001c46cc	001c46cc	252	true
FUN_001c4800	001c4800	16	true
FUN_001c4818	001c4818	16	true
FUN_001c482c	001c482c	16	true
FUN_001c483c	001c483c	16	true
FUN_001c484c	001c484c	16	true
FUN_001c485c	001c485c	16	true
FUN_001c486c	001c486c	16	true
FUN_001c487c	001c487c	16	true
FUN_001c488c	001c488c	16	true
FUN_001c489c	001c489c	16	true
FUN_001c48ac	001c48ac	16	true
FUN_001c48bc	001c48bc	16	true
FUN_001c48cc	001c48cc	16	true
FUN_001c48fc	001c48fc	140	true
FUN_001c4a46	001c4a46	54	true
FUN_001c4a7c	001c4a7c	138	true
FUN_001c4b08	001c4b08	84	true
FUN_001c4b64	001c4b64	432	true
FUN_001c4d54	001c4d54	122	true
FUN_001c4de0	001c4de0	168	true
FUN_001c4ea0	001c4ea0	72	true
FUN_001c4ef0	001c4ef0	156	true
__dynamic_cast	001c4fac	200	true
FUN_001c50e4	001c50e4	458	true
FUN_001c52ae	001c52ae	54	true
FUN_001c52e4	001c52e4	52	true
FUN_001c5318	001c5318	226	true
FUN_001c53fa	001c53fa	146	true
FUN_001c548c	001c548c	296	true
FUN_001c555e	001c555e	82	true
FUN_001c55b0	001c55b0	56	true
std::type_info::~type_info	001c55e8	2	true
std::type_info::~type_info	001c55ea	4	true
std::bad_cast::bad_cast	001c55f0	12	true
std::bad_cast::~bad_cast	001c5600	4	true
std::bad_cast::~bad_cast	001c5604	16	true
std::bad_cast::what	001c5614	6	true
std::bad_typeid::bad_typeid	001c5620	12	true
std::bad_typeid::~bad_typeid	001c5630	4	true
std::bad_typeid::~bad_typeid	001c5634	16	true
std::bad_typeid::what	001c5644	6	true
FUN_001c5650	001c5650	84	true
FUN_001c56b0	001c56b0	216	true
FUN_001c57a8	001c57a8	18	true
std::set_unexpected	001c57c4	38	true
std::set_terminate	001c57f4	38	true
__cxa_demangle	001c5824	676	true
FUN_001c5af8	001c5af8	572	true
FUN_001c5d4c	001c5d4c	48	true
FUN_001c5d7c	001c5d7c	48	true
FUN_001c5dac	001c5dac	94	true
FUN_001c5e0a	001c5e0a	42	true
FUN_001c5e34	001c5e34	46	true
FUN_001c5e62	001c5e62	72	true
FUN_001c5eaa	001c5eaa	76	true
FUN_001c5ef6	001c5ef6	108	true
FUN_001c5f62	001c5f62	44	true
FUN_001c5f90	001c5f90	2772	true
FUN_001c6af0	001c6af0	13138	true
FUN_001c9fb8	001c9fb8	3710	true
FUN_001cae94	001cae94	86	true
FUN_001caeea	001caeea	64	true
FUN_001caf2a	001caf2a	164	true
FUN_001cafce	001cafce	178	true
FUN_001cb080	001cb080	132	true
FUN_001cb104	001cb104	86	true
FUN_001cb15c	001cb15c	1326	true
FUN_001cb6bc	001cb6bc	1284	true
FUN_001cbc00	001cbc00	74	true
FUN_001cbc4a	001cbc4a	40	true
FUN_001cbc74	001cbc74	1084	true
FUN_001cc0b8	001cc0b8	362	true
FUN_001cc234	001cc234	2920	true
FUN_001ccdd4	001ccdd4	94	true
FUN_001cce32	001cce32	124	true
FUN_001cceae	001cceae	84	true
FUN_001ccf02	001ccf02	110	true
FUN_001ccf70	001ccf70	70	true
FUN_001ccfb8	001ccfb8	17584	true
FUN_001d0d6c	001d0d6c	520	true
FUN_001d1a3c	001d1a3c	928	true
FUN_001d1dec	001d1dec	802	true
FUN_001d2150	001d2150	578	true
FUN_001d23a4	001d23a4	2008	true
FUN_001d2ba0	001d2ba0	660	true
FUN_001d2e44	001d2e44	142	true
FUN_001d2ed2	001d2ed2	146	true
FUN_001d2f64	001d2f64	74	true
FUN_001d2fb0	001d2fb0	544	true
FUN_001d31dc	001d31dc	750	true
FUN_001d34d8	001d34d8	5880	true
FUN_001d4cdc	001d4cdc	256	true
FUN_001d4de4	001d4de4	776	true
FUN_001d50fc	001d50fc	480	true
FUN_001d530c	001d530c	98	true
FUN_001d536e	001d536e	100	true
FUN_001d53d2	001d53d2	76	true
FUN_001d541e	001d541e	108	true
FUN_001d548a	001d548a	44	true
FUN_001d54b6	001d54b6	166	true
FUN_001d555c	001d555c	3754	true
FUN_001d64e8	001d64e8	68	true
FUN_001d652c	001d652c	80	true
FUN_001d6588	001d6588	64	true
FUN_001d65d0	001d65d0	66	true
FUN_001d661c	001d661c	12	true
FUN_001d6628	001d6628	108	true
FUN_001d66a0	001d66a0	4418	true
FUN_001d7888	001d7888	156	true
FUN_001d792c	001d792c	16	true
FUN_001d79d8	001d79d8	78	true
FUN_001d7a28	001d7a28	126	true
FUN_001d7ab4	001d7ab4	12	true
FUN_001d7ac0	001d7ac0	12	true
FUN_001d7acc	001d7acc	12	true
FUN_001d7ae6	001d7ae6	58	true
FUN_001d7b1e	001d7b1e	118	true
FUN_001d7ca8	001d7ca8	48	true
FUN_001d7ce0	001d7ce0	160	true
FUN_001d7d80	001d7d80	48	true
FUN_001d7db8	001d7db8	452	true
FUN_001d7f84	001d7f84	280	true
__aeabi_ldivmod	001d80a4	56	true
__aeabi_idiv0	001d80dc	12	true
FUN_00261924	00261924	62	true
FUN_002619a4	002619a4	62	true
FUN_00261a24	00261a24	72	true
FUN_00261aa4	00261aa4	36	true
