# Blender 5.2.0 LTS
# www.blender.org
o station_078_midorian_WELDED
v 44.396492 30.661924 -27.895718
v 28.055937 30.661928 -44.300903
v 28.037828 47.201805 -34.048901
v 34.120392 47.201843 -27.906292
v 15.916122 47.201805 -34.048389
v 15.890859 30.674967 -44.317810
v -28.440371 27.535534 -46.049812
v -15.841008 27.250391 -45.688259
v -15.827886 4.697274 -48.554989
v -15.840644 -4.747195 -49.775257
v -15.840368 -22.359003 -52.024765
v -33.143108 -22.356358 -52.409782
v -27.916924 -30.661921 -44.302227
v -31.711391 -25.491728 -51.024887
v -15.839316 -25.769871 -50.686985
v -15.786990 -30.668438 -44.292099
v -34.071110 47.201824 27.976559
v 34.123619 47.201855 28.037020
v -34.066212 47.201824 -27.960676
v -15.854388 30.661896 -44.320808
v -27.909559 30.661894 -44.320827
v -15.804713 47.201805 -34.047062
v -27.926420 47.201805 -34.046555
v 27.985422 47.201817 34.117180
v -27.985025 47.201824 34.127243
v -44.318192 30.661903 -27.978786
v -44.283680 -30.661915 -27.949303
v -27.903744 -47.201824 -34.021694
v -34.009327 -47.201836 -27.906784
v 34.229610 -47.201843 27.949549
v -34.016830 -47.201843 27.982264
v 34.180153 -47.201824 -27.910088
v -27.906157 -47.201805 34.092831
v 28.150385 -47.201824 34.094994
v -44.305164 30.661901 -15.861443
v -44.338104 30.661905 15.931556
v -44.338123 30.661903 27.986713
v -44.338123 -13.840777 -15.819823
v -44.338116 -13.840782 15.931544
v -44.338116 13.840787 15.931546
v -44.338123 13.840787 -15.819808
v -27.996071 30.661915 44.395340
v -44.316147 -30.661905 -15.883800
v -44.338116 -30.661901 15.877208
v -27.966583 -30.661903 44.360828
v -44.338104 -30.661907 27.986696
v -15.878738 30.661915 44.382309
v 15.914250 30.661926 44.415257
v 27.969408 30.661926 44.415272
v -15.837104 -13.840761 44.415272
v 15.914260 -13.840763 44.415264
v 15.914260 13.840806 44.415264
v -15.837095 13.840803 44.415272
v 44.378036 30.661936 28.073219
v -15.901076 -30.661894 44.393280
v 15.859911 -30.661884 44.415264
v 44.343525 -30.661884 28.043734
v 27.969400 -30.661888 44.415257
v 27.946434 -47.201797 34.143353
v 34.075043 -47.201786 28.056150
v 44.364994 30.661938 15.955879
v 44.397976 30.661936 -15.837125
v 28.026440 -30.661884 -44.266384
v 15.966126 -30.661890 -44.282608
v 15.936296 -25.766289 -50.621307
v 31.837543 -25.488691 -50.959175
v 15.936337 4.702452 -48.537987
v 15.936252 27.264095 -45.685528
v 28.586948 27.536131 -46.030079
v 15.936313 -4.738235 -49.731560
v 15.936397 -22.354786 -51.958828
v 33.268875 -22.352911 -52.343819
v 44.397984 -13.840740 15.914250
v 44.397976 -13.840741 -15.837112
v 44.397976 13.840828 -15.837111
v 44.397984 13.840824 15.914256
v 44.375984 -30.661871 15.978225
v 44.397968 -30.661875 -15.782772
v 44.397976 -30.661877 -27.892267
v 28.044325 -47.201805 -34.003010
v -15.855494 33.194393 -34.043259
v 15.889738 33.207466 -34.040260
v 15.966124 -30.661890 -34.005058
v -15.786993 -30.668438 -34.014549
v 6.966100 23.085878 -47.515816
v 6.970266 9.176080 -49.403065
v -6.919305 9.176274 -49.404488
v -6.922843 23.085922 -47.516121
v -7.923221 23.807875 -45.399868
v 7.965677 23.807806 -45.399422
v 7.970438 7.916184 -47.555653
v -7.919179 7.916397 -47.557201
v -15.799209 -47.201797 -33.993969
v 15.921631 -47.201797 -33.992641
v -27.912632 51.255623 9.563976
v -27.918755 51.255623 -9.567390
v -27.931274 44.974285 -9.553562
v -27.912611 44.983562 9.563957
v -12.974692 51.255623 26.510832
v -26.498266 51.255623 12.978605
v -26.498266 44.983562 12.978605
v -12.973783 44.984238 26.511164
v 9.570400 51.255623 27.918760
v -9.560913 51.255623 27.924894
v -9.560004 44.984238 27.925226
v 9.570781 44.983574 27.919348
v 26.517338 51.255623 12.980832
v 12.985112 51.255623 26.504366
v 12.985424 44.983574 26.504953
v 26.517788 44.983906 12.980909
v 27.925253 51.255623 -9.564343
v 27.931356 51.255623 9.567023
v 27.923187 44.977383 9.576301
v 27.912827 44.973614 -9.550476
v 12.987255 51.255623 -26.511198
v 26.510849 51.255623 -12.978992
v 26.498426 44.973614 -12.965125
v 12.974433 44.973953 -26.497498
v -9.557817 51.255623 -27.919128
v 9.573505 51.255623 -27.925241
v 9.556372 44.970741 -27.906981
v -9.570571 44.973614 -27.905838
v -26.504692 51.255623 -12.981121
v -12.972505 51.255623 -26.504715
v -12.985219 44.973614 -26.491472
v -26.517582 44.973953 -12.967449
v -27.912632 -44.970753 9.563972
v -27.918755 -44.970753 -9.567394
v -27.931274 -51.252098 -9.553566
v -27.912611 -51.242821 9.563953
v -12.974692 -44.970753 26.510828
v -26.498266 -44.970753 12.978601
v -26.498266 -51.242821 12.978601
v -12.973783 -51.242138 26.511160
v 9.570400 -44.970753 27.918756
v -9.560913 -44.970753 27.924891
v -9.560004 -51.242138 27.925222
v 9.570781 -51.242802 27.919344
v 26.517338 -44.970753 12.980828
v 12.985112 -44.970753 26.504362
v 12.985424 -51.242802 26.504950
v 26.517788 -51.242470 12.980906
v 27.925253 -44.970753 -9.564347
v 27.931356 -44.970753 9.567019
v 27.923187 -51.248993 9.576297
v 27.912827 -51.252762 -9.550480
v 12.987255 -44.970753 -26.511202
v 26.510849 -44.970753 -12.978995
v 26.498426 -51.252762 -12.965129
v 12.974433 -51.252430 -26.497501
v -9.557817 -44.970753 -27.919132
v 9.573505 -44.970753 -27.925245
v 9.556372 -51.255634 -27.906984
v -9.570571 -51.252762 -27.905842
v -26.504692 -44.970753 -12.981125
v -12.972505 -44.970753 -26.504719
v -12.985219 -51.252762 -26.491476
v -26.517582 -51.252430 -12.967453
v 28.500175 27.535566 46.144218
v 18.325117 27.250422 46.139141
v 19.750391 -22.358974 52.119217
v 33.202915 -22.356325 52.504185
v 31.771235 -25.491695 51.119320
v 17.339472 -25.769840 50.395058
v 33.703594 -25.472557 50.299629
v 50.216591 -25.469847 33.787064
v 51.579765 -22.352924 35.165329
v 35.082066 -22.355995 51.662991
v 30.245234 27.535582 45.437107
v 45.400116 27.535805 30.349318
v 50.312069 -25.766310 17.422771
v 51.036331 -25.488689 31.854801
v 52.420952 -22.352909 33.286175
v 52.035957 -22.354807 19.833630
v 46.089138 27.251068 18.366817
v 46.107227 27.536133 28.604219
v 46.126942 27.535564 -28.423056
v 46.121853 27.250420 -18.247995
v 52.101933 -22.358976 -19.673258
v 52.486893 -22.356325 -33.125790
v 51.102032 -25.491697 -31.694105
v 50.377773 -25.769844 -17.262344
v 50.282341 -25.472559 -33.626469
v 33.769783 -25.469849 -50.139465
v 35.148056 -22.352924 -51.502644
v 51.645710 -22.355995 -35.004944
v 45.419834 27.535580 -30.168106
v 30.332031 27.535805 -45.322990
v -33.643764 -25.472589 -50.205204
v -50.156757 -25.469881 -33.692635
v -51.519936 -22.352957 -35.070908
v -35.022240 -22.356028 -51.568573
v -30.185402 27.535547 -45.342686
v -45.340290 27.535772 -30.254898
v -50.252239 -25.766348 -17.328356
v -50.976501 -25.488724 -31.760382
v -52.361122 -22.352942 -33.191753
v -51.976128 -22.354843 -19.739210
v -46.029312 27.251032 -18.272390
v -46.047398 27.536100 -28.509792
v -46.067066 27.535543 28.517488
v -46.061985 27.250402 18.342428
v -52.042065 -22.358994 19.767700
v -52.427021 -22.356346 33.220222
v -51.042164 -25.491718 31.788548
v -50.317905 -25.769859 17.356783
v -50.222469 -25.472580 33.720901
v -33.709911 -25.469870 50.233906
v -35.088173 -22.352945 51.597069
v -51.585842 -22.356016 35.099377
v -45.359959 27.535559 30.262548
v -30.272161 27.535784 45.417431
v -17.345621 -25.766335 50.329384
v -31.777651 -25.488712 51.053642
v -33.209019 -22.352932 52.438259
v -19.756485 -22.354830 52.053265
v -18.289667 27.251045 46.106453
v -28.527065 27.536110 46.124535
v 242.589157 9.088693 4.907946
v 242.589111 -2.796681 4.906519
v 249.662949 -2.808494 4.907406
v 249.716843 9.104359 4.907514
v 242.589233 -2.794018 -6.591352
v 242.589188 9.091547 -6.588573
v 249.716843 9.108341 -6.591985
v 249.662903 -2.804514 -6.591985
v 123.029587 -5.040568 3.510775
v 63.215622 -5.040613 3.510765
v 63.215622 -5.040613 -5.195446
v 123.029587 -5.040661 -5.195436
v 123.029587 -3.040683 -7.195440
v 63.215622 -3.040613 -7.195446
v 63.215622 0.050600 -7.195456
v 123.029587 0.051753 -7.195461
v 123.029587 -3.040546 5.510775
v 123.029587 0.054289 5.510775
v 63.215622 0.053340 5.510765
v 63.215622 -3.040614 5.510765
v 123.029587 11.096660 -5.195435
v 63.215603 11.096753 -5.195445
v 63.215603 11.096753 3.510766
v 123.029587 11.096846 3.510785
v 123.029587 9.096888 5.510782
v 63.215603 9.096752 5.510766
v 63.215603 6.005318 5.510766
v 123.029587 6.004758 5.510776
v 123.029587 9.096617 -7.195436
v 123.029587 6.003270 -7.195446
v 63.215622 6.003270 -7.195455
v 63.215603 9.096752 -7.195446
v 64.938629 13.071184 4.692289
v 64.938652 13.070662 -6.376977
v 44.327988 13.070662 -6.376981
v 44.327969 13.071184 4.692286
v 64.938629 11.071280 6.692289
v 44.327969 11.071280 6.692286
v 44.327950 -4.888692 6.692285
v 64.938614 -4.888692 6.692289
v 64.938652 11.070566 -8.376977
v 64.938629 -4.887572 -8.376978
v 44.327969 -4.887571 -8.376973
v 44.327988 11.070566 -8.376980
v 64.938614 -6.888543 4.692288
v 44.327950 -6.888543 4.692285
v 44.327969 -6.887720 -6.376972
v 64.938629 -6.887721 -6.376978
v 63.703533 0.550607 -5.195455
v 122.541679 0.551741 -5.195460
v 63.703533 5.503267 -5.195456
v 122.541679 5.503267 -5.195446
v 122.541679 0.554281 3.510775
v 63.703533 0.553348 3.510765
v 122.541679 5.504763 3.510775
v 63.703514 5.505313 3.510766
v 123.029564 11.097151 3.510775
v 182.843536 11.097187 3.510785
v 182.843536 11.097187 -5.195426
v 123.029564 11.097243 -5.195435
v 123.029564 9.097267 -7.195439
v 182.843536 9.097188 -7.195426
v 182.843536 6.005975 -7.195436
v 123.029564 6.004832 -7.195460
v 123.029564 9.097131 5.510776
v 123.029564 6.002295 5.510776
v 182.843536 6.003233 5.510785
v 182.843536 9.097188 5.510785
v 123.029564 -5.040075 -5.195436
v 182.843552 -5.040177 -5.195426
v 182.843552 -5.040177 3.510784
v 123.029564 -5.040260 3.510784
v 123.029564 -3.040303 5.510781
v 182.843552 -3.040178 5.510785
v 182.843552 0.051256 5.510785
v 123.029564 0.051825 5.510775
v 123.029564 -3.040032 -7.195436
v 123.029564 0.053315 -7.195446
v 182.843536 0.053305 -7.195436
v 182.843552 -3.040177 -7.195426
v 182.355637 5.505968 -5.195435
v 123.517479 5.504844 -5.195459
v 182.355637 0.553308 -5.195437
v 123.517479 0.553317 -5.195446
v 123.517479 5.502302 3.510775
v 182.355637 5.503226 3.510785
v 123.517479 0.551821 3.510775
v 182.355667 0.551261 3.510785
v 242.657471 -5.040297 3.510794
v 182.843506 -5.040342 3.510784
v 182.843506 -5.040342 -5.195426
v 242.657471 -5.040390 -5.195416
v 242.657471 -3.040412 -7.195420
v 182.843506 -3.040342 -7.195426
v 182.843506 0.050871 -7.195436
v 242.657471 0.052024 -7.195441
v 242.657471 -3.040275 5.510795
v 242.657471 0.054560 5.510795
v 182.843506 0.053611 5.510785
v 182.843506 -3.040343 5.510785
v 242.657471 11.096931 -5.195415
v 182.843491 11.097024 -5.195426
v 182.843491 11.097024 3.510785
v 242.657471 11.097116 3.510805
v 242.657471 9.097158 5.510801
v 182.843491 9.097023 5.510785
v 182.843491 6.005589 5.510785
v 242.657471 6.005029 5.510795
v 242.657471 9.096888 -7.195416
v 242.657471 6.003541 -7.195426
v 182.843506 6.003541 -7.195436
v 182.843491 9.097023 -7.195426
v 183.331406 0.550878 -5.195435
v 242.169586 0.552012 -5.195441
v 183.331406 5.503538 -5.195436
v 242.169586 5.503538 -5.195426
v 242.169586 0.554552 3.510794
v 183.331406 0.553619 3.510785
v 242.169586 5.505034 3.510795
v 183.331375 5.505585 3.510785
v 33.857529 66.730255 -11.800449
v 35.256714 66.730255 -13.495252
v 35.257481 71.802292 -13.445290
v 33.857571 71.802292 -11.751245
v 13.412922 66.730263 -35.339035
v 11.718158 66.730255 -33.939823
v 11.718214 71.802292 -33.890606
v 13.413807 71.802292 -35.289181
v 33.857571 75.005051 -11.751252
v 33.815071 75.005051 11.656815
v 33.815071 71.802292 11.656815
v 35.250156 75.005051 -23.200827
v 35.257473 75.005051 -13.445290
v 35.250156 71.802292 -23.200827
v 24.878183 75.005051 -34.574188
v 34.542374 75.005051 -24.908007
v 34.542374 71.802292 -24.908007
v 24.878183 71.802292 -34.574184
v 13.413806 75.005066 -35.289181
v 23.171150 75.005051 -35.282093
v 23.171150 71.802292 -35.282093
v 11.718214 75.005051 -33.890606
v -11.691476 75.005051 -33.945068
v -11.691478 71.802292 -33.945068
v -33.871735 75.005051 11.614388
v -33.830872 75.005051 -11.805685
v -33.830868 71.802292 -11.805685
v -33.871735 71.802292 11.614387
v 11.675704 75.005051 33.796204
v -11.732367 75.005051 33.753750
v -11.732368 71.802292 33.753750
v 11.675699 71.802292 33.796204
v 33.815071 66.730240 11.656815
v 31.816093 67.106651 11.153229
v 31.816093 71.425888 11.153229
v 31.856672 67.106651 -11.254863
v 31.856668 71.425888 -11.254869
v 33.257118 67.106651 -13.943786
v 33.257114 71.425888 -13.943788
v 35.250156 66.730240 -23.200827
v 33.401901 67.106651 -23.434849
v 34.542347 66.730240 -24.908030
v 24.876482 66.730255 -34.623970
v 23.405012 67.106651 -33.433926
v 23.169325 66.730255 -35.331825
v 13.912346 67.106667 -33.288822
v 13.912347 71.425888 -33.288818
v 23.405012 71.425888 -33.433929
v 33.401901 71.425888 -23.434849
v 11.213545 67.106651 -31.891781
v 11.213545 71.425888 -31.891777
v -11.690722 66.730255 -33.945824
v -11.196274 67.106628 -31.944109
v -11.196262 71.425888 -31.944111
v -33.830090 66.730255 -11.806450
v -31.831879 67.106628 -11.302385
v -31.831882 71.425888 -11.302387
v -33.830090 66.730255 11.613624
v -31.870819 67.106651 11.118025
v -31.870817 71.425888 11.118019
v 11.675696 66.730240 33.796204
v 11.179428 71.425888 31.795372
v 11.179428 67.106651 31.795372
v -11.228687 71.425888 31.754812
v -11.690704 66.730255 33.752991
v -11.228687 67.106651 31.754812
v 32.294930 76.643539 -11.212311
v 32.254494 76.643539 11.115685
v 33.622540 76.643539 -23.087425
v 33.630241 76.643539 -12.828179
v 23.055475 76.643539 -33.656681
v 12.794503 76.643585 -33.664135
v 11.177155 76.643539 -32.330090
v -11.152439 76.643539 -32.382236
v -32.309105 76.643539 11.075310
v -32.270279 76.643539 -11.264411
v 11.136694 76.643539 32.233513
v -11.191310 76.643539 32.193100
v 23.011797 76.643539 33.561089
v 33.581051 76.643539 22.994022
v 33.588516 76.643585 12.733049
v -12.768308 76.643539 -33.717541
v -23.027552 76.643539 -33.709820
v -33.596813 76.643539 -23.142754
v -33.604282 76.643562 -12.881778
v -33.644436 76.643562 12.691180
v -33.636726 76.643539 22.950422
v -23.069654 76.643539 33.519680
v -12.808675 76.643585 33.527138
v 12.752563 76.643562 33.568813
v 23.054207 61.889011 -33.753944
v 33.623474 61.889011 -23.186884
v 33.630924 61.888985 -12.925912
v 32.337364 61.889011 11.019446
v 33.672668 61.889011 12.635315
v 33.664951 61.889011 22.894560
v 23.097902 61.889011 33.463825
v 12.836932 61.888985 33.471279
v 32.296902 61.889011 -11.308550
v 11.219586 61.889011 32.137234
v -11.110008 61.889011 32.189388
v -12.725874 61.889011 33.524689
v -22.985117 61.889011 33.516972
v -33.554401 61.889011 22.949909
v -33.561852 61.888992 12.688935
v -32.227852 61.889011 11.071567
v -32.266697 61.889011 -11.268155
v -33.602028 61.889004 -12.884024
v -33.594299 61.889011 -23.143265
v -23.027243 61.889011 -33.712524
v -12.766268 61.888985 -33.719986
v -11.148896 61.889011 -32.385948
v 11.179105 61.889011 -32.426369
v 12.794968 61.889004 -33.761669
v -10.301672 105.664375 -24.901497
v 10.269111 105.664375 -24.906780
v 10.269111 75.906464 -24.906780
v -10.301672 75.906464 -24.901497
v -24.843716 105.664375 -10.352043
v -24.843716 75.906464 -10.352045
v 24.818550 105.664375 -10.364769
v 24.823847 105.664375 10.206004
v 24.823847 75.906464 10.206002
v 24.818550 75.906464 -10.364771
v 10.281835 105.664352 24.755472
v -10.288951 105.664352 24.760740
v -10.288951 75.906441 24.760740
v 10.281835 75.906441 24.755472
v -24.838409 105.664352 10.218737
v -24.838409 75.906441 10.218735
v 27.973419 63.419834 -9.570402
v 27.979548 63.419834 9.560974
v 27.992062 51.256035 9.547135
v 27.973396 51.265312 -9.570384
v 13.035472 63.419834 -26.517239
v 26.559044 63.419834 -12.985010
v 26.559050 51.265312 -12.985012
v 13.034572 51.265984 -26.517570
v -9.509633 63.419834 -27.925169
v 9.621690 63.419834 -27.931301
v 9.620783 51.265984 -27.931652
v -9.509993 51.265320 -27.925755
v -26.456564 63.419834 -12.987239
v -12.924342 63.419834 -26.510754
v -12.924647 51.265320 -26.511360
v -26.456989 51.265652 -12.987317
v -27.864450 63.419834 9.557938
v -27.870583 63.419834 -9.573429
v -27.862410 51.259129 -9.582707
v -27.852028 51.255360 9.544069
v -12.926473 63.419834 26.504791
v -26.450069 63.419834 12.972586
v -26.437649 51.255360 12.958717
v -12.913631 51.255703 26.491081
v 9.618615 63.419834 27.912722
v -9.512723 63.419834 27.918835
v -9.495584 51.252487 27.900572
v 9.631369 51.255360 27.899420
v 26.565491 63.419834 12.974695
v 13.033306 63.419834 26.498297
v 13.046017 51.255360 26.485065
v 26.578371 51.255703 12.961041
v 32.926895 93.538765 -27.098253
v 32.880100 93.538780 26.980438
v 30.773577 93.538788 30.781433
v 30.787764 93.538750 -30.888096
v 27.003986 93.538788 32.916103
v -27.098009 93.538727 32.875576
v -30.878090 93.538734 30.739227
v -32.991940 93.538750 26.938837
v -32.990276 93.538734 -27.107910
v -30.859072 93.538750 -30.907490
v -27.062614 93.538750 -33.041866
v 26.984968 93.538727 -33.013790
v 27.006100 95.766472 35.097958
v -27.093859 95.769333 35.072430
v -31.997162 95.767891 31.869129
v -35.173782 95.766434 26.940790
v -32.935257 101.007477 -27.129620
v -32.932468 101.007484 26.919794
v -30.826015 101.007500 30.719988
v -30.798697 101.007484 -30.901417
v -27.055973 101.007507 32.857197
v 26.984968 101.007530 32.856647
v 30.784443 101.007515 30.750906
v 32.920555 101.007515 26.980516
v 32.917835 101.007500 -27.069767
v 30.811008 101.007500 -30.873741
v 27.039005 101.007477 -33.014336
v -26.999672 101.007484 -33.008350
v -27.076880 98.770943 35.070927
v 26.998251 98.768112 35.085651
v -31.982372 98.769508 31.864441
v -35.161255 98.768074 26.933172
v 35.159908 95.766464 -27.089806
v 35.137569 95.769371 27.018055
v 31.934610 95.767929 31.921942
v 35.136059 98.770981 27.001238
v 35.147530 98.768105 -27.082197
v 31.929779 98.769547 31.907000
v -27.019596 95.766426 -35.246983
v 27.076740 95.769318 -35.229572
v 31.982609 95.767891 -32.022404
v 27.060137 98.770912 -35.228065
v -27.012201 98.768066 -35.234657
v 31.967516 98.769508 -32.017715
v -35.148045 95.769295 -27.158945
v -31.946144 95.767860 -32.066864
v -35.146538 98.770905 -27.142130
v -31.941467 98.769493 -32.051895
v 32.926888 83.777458 -27.098253
v 32.880100 83.777458 26.980438
v 30.773577 83.777466 30.781433
v 30.787764 83.777443 -30.888096
v 27.003986 83.777481 32.916103
v -27.098009 83.777420 32.875576
v -30.878090 83.777420 30.739227
v -32.991940 83.777443 26.938837
v -32.990284 83.777420 -27.107910
v -30.859072 83.777428 -30.907490
v -27.062614 83.777443 -33.041866
v 26.984968 83.777420 -33.013790
v 27.006096 86.005157 35.097958
v -27.093864 86.008026 35.072430
v -31.997162 86.006577 31.869129
v -35.173782 86.005112 26.940790
v -32.935265 91.246170 -27.129620
v -32.932468 91.246170 26.919794
v -30.826015 91.246193 30.719988
v -30.798697 91.246170 -30.901417
v -27.055973 91.246193 32.857197
v 26.984968 91.246208 32.856647
v 30.784443 91.246208 30.750906
v 32.920555 91.246208 26.980516
v 32.917831 91.246193 -27.069767
v 30.811008 91.246178 -30.873741
v 27.039005 91.246170 -33.014336
v -26.999672 91.246170 -33.008350
v -27.076883 89.009628 35.070927
v 26.998247 89.006798 35.085651
v -31.982372 89.008202 31.864441
v -35.161255 89.006752 26.933172
v 35.159904 86.005157 -27.089806
v 35.137569 86.008064 27.018055
v 31.934610 86.006622 31.921942
v 35.136059 89.009666 27.001238
v 35.147526 89.006798 -27.082197
v 31.929779 89.008240 31.907000
v -27.019596 86.005112 -35.246983
v 27.076740 86.007996 -35.229572
v 31.982609 86.006577 -32.022404
v 27.060137 89.009605 -35.228065
v -27.012201 89.006752 -35.234657
v 31.967516 89.008202 -32.017715
v -35.148052 86.007988 -27.158945
v -31.946144 86.006538 -32.066864
v -35.146542 89.009590 -27.142130
v -31.941467 89.008171 -32.051895
v -13.385513 66.730255 -35.344887
v -13.385413 71.802292 -35.344776
v -35.229290 66.730263 -13.501102
v -35.229305 71.802292 -13.501105
v -23.140949 75.005051 -35.337452
v -13.385413 75.005051 -35.344772
v -23.140949 71.802292 -35.337452
v -34.514309 75.005051 -24.965479
v -24.848127 75.005051 -34.629669
v -24.848127 71.802292 -34.629669
v -34.514305 71.802292 -24.965479
v -35.229301 75.005066 -13.501102
v -35.222218 75.005051 -23.258444
v -35.222218 71.802292 -23.258444
v -13.883909 67.106651 -33.344414
v -13.883909 71.425888 -33.344414
v -23.141953 66.730255 -35.337677
v -23.374969 67.106651 -33.489193
v -24.849070 66.730255 -34.629818
v -34.514229 66.730255 -24.964659
v -33.374050 67.106651 -23.492308
v -35.222080 66.730255 -23.257504
v -33.228943 67.106667 -13.999641
v -33.228939 71.425888 -13.999644
v -33.374050 71.425888 -23.492308
v -23.374969 71.425888 -33.489193
v -35.229290 66.730255 13.308276
v -35.271694 71.802292 13.308274
v -13.385499 66.730263 35.152058
v -13.428020 71.802292 35.152164
v -35.264366 75.005051 23.063812
v -35.271690 75.005051 13.308274
v -35.264366 71.802292 23.063812
v -24.892395 75.005051 34.437172
v -34.556587 75.005051 24.770990
v -34.556587 71.802292 24.770990
v -24.892395 71.802292 34.437172
v -13.428019 75.005066 35.152172
v -23.185360 75.005051 35.145081
v -23.185360 71.802292 35.145081
v -33.271336 67.106651 13.806772
v -33.271336 71.425888 13.806772
v -35.222076 66.730255 23.064714
v -33.416111 67.106651 23.297832
v -34.514221 66.730255 24.771833
v -24.849054 66.730255 34.436996
v -23.419226 67.106651 33.296913
v -23.141901 66.730255 35.144848
v -13.926559 67.106667 33.151806
v -13.926562 71.425888 33.151802
v -23.419226 71.425888 33.296917
v -33.416111 71.425888 23.297832
v 13.369635 66.730240 35.196049
v 13.369635 71.802292 35.196049
v 35.213539 66.730263 13.352368
v 35.213528 71.802292 13.352368
v 23.125174 75.005051 35.188721
v 13.369635 75.005051 35.196045
v 23.125174 71.802292 35.188721
v 34.498535 75.005051 24.816744
v 24.832350 75.005051 34.480938
v 24.832350 71.802292 34.480938
v 34.498531 71.802292 24.816744
v 35.213535 75.005066 13.352365
v 35.206444 75.005051 23.109713
v 35.206444 71.802292 23.109713
v 13.868135 67.106651 33.195686
v 13.868135 71.425888 33.195686
v 23.125174 66.730240 35.188721
v 23.359194 67.106651 33.340462
v 24.832375 66.730240 34.480911
v 34.498505 66.730240 24.816769
v 33.358276 67.106651 23.343575
v 35.206436 66.730240 23.109640
v 33.213169 67.106667 13.850908
v 33.213161 71.425888 13.850911
v 33.358280 71.425888 23.343575
v 23.359194 71.425888 33.340462
v 33.899990 63.527508 11.558406
v 33.857491 63.527508 -11.849660
v 33.899990 66.730263 11.558401
v 35.292580 63.527508 23.007980
v 35.299892 63.527508 13.252444
v 35.299904 66.730263 13.252444
v 35.292580 66.730263 23.007982
v 24.920612 63.527508 34.381351
v 34.584801 63.527508 24.715162
v 34.584801 66.730263 24.715164
v 24.920612 66.730263 34.381344
v 13.456236 63.527489 35.096352
v 23.213581 63.527508 35.089260
v 23.213581 66.730263 35.089260
v 13.456236 66.730263 35.096352
v 11.760640 63.527508 33.697773
v 11.760640 66.730263 33.697765
v -11.649032 63.527508 33.752243
v -33.829311 63.527508 -11.807214
v -33.788456 63.527508 11.612859
v 11.718102 63.527508 -33.989037
v -11.689960 63.527508 -33.946579
v -23.098513 63.527508 35.144627
v -13.342977 63.527508 35.151943
v -34.471878 63.527508 24.772654
v -24.805691 63.527508 34.436844
v -35.186882 63.527489 13.308276
v -35.179790 63.527508 23.065619
v -35.221951 63.527508 -23.256636
v -35.229275 63.527508 -13.501101
v -24.849987 63.527508 -34.629993
v -34.514175 63.527508 -24.963816
v -13.385613 63.527489 -35.345005
v -23.142956 63.527508 -35.337902
v 23.167576 63.527508 -35.381561
v 13.412037 63.527508 -35.388874
v 34.540943 63.527508 -25.009583
v 24.874752 63.527508 -34.673775
v 34.540943 66.730263 -25.009590
v 35.255947 63.527489 -13.545212
v 35.248859 63.527508 -23.302557
v 35.248859 66.730263 -23.302565
v -23.199171 232.292404 -19.119244
v -30.179914 220.896988 -19.140018
v -30.167194 220.897003 -10.892064
v -30.186131 220.897049 10.736111
v -30.185232 220.897034 18.940241
v -23.202576 232.292404 18.929096
v -30.193092 190.236389 -10.866439
v -30.186131 190.236404 10.736115
v -30.186131 209.307938 10.736115
v -30.193092 209.307907 -10.866430
v -19.069530 220.897034 30.103251
v -19.062811 232.292404 23.112768
v -30.194021 185.666443 -10.874247
v -30.193787 185.667480 10.714377
v -10.827752 220.897034 30.091309
v 10.797345 220.897049 30.110649
v 19.001465 220.897034 30.109730
v 19.008125 232.292404 23.105925
v -10.799022 190.236404 30.116814
v 10.797345 190.236420 30.110647
v 10.797345 209.307938 30.110649
v -10.799022 209.307922 30.116816
v 30.164494 220.897034 18.994055
v 23.183283 232.292419 18.970215
v -10.816171 185.667480 30.110914
v 10.779728 185.667480 30.117765
v 23.183908 232.292404 -19.080185
v 30.152531 220.897049 10.752268
v 30.171877 220.897064 -10.872829
v 30.170071 220.897034 -19.081194
v 31.130774 218.722443 -19.014643
v 31.344444 218.546677 -12.512694
v 35.257423 185.667496 -13.445293
v 35.249310 185.667496 -23.199236
v 33.857533 185.667496 -11.751268
v 30.178059 190.236404 10.723551
v 30.171877 190.236435 -10.872830
v 30.171877 209.307968 -10.872829
v 30.178059 209.307922 10.723549
v 30.172159 185.667480 10.740706
v 30.182560 185.667480 -10.853678
v 30.392374 218.749588 -20.726963
v 20.700138 218.749817 -30.465580
v 19.054493 220.897003 -30.246119
v 34.541710 185.667496 -24.914543
v 24.879280 185.667480 -34.586609
v 11.716485 185.667480 -33.902935
v 10.801134 185.667480 -30.253780
v 10.783985 190.236404 -30.259680
v 10.783985 209.307907 -30.259678
v 10.812305 220.897003 -30.237255
v 12.452228 218.547058 -31.410009
v 18.991114 218.722839 -31.205727
v 19.046953 232.292374 -23.261797
v -10.813172 220.897034 -30.259682
v -19.017313 220.897003 -30.258774
v -19.023958 232.292358 -23.254955
v -10.813192 190.236404 -30.259689
v -10.813192 209.307922 -30.259687
v -10.793231 185.667450 -30.264200
v 13.412090 185.667480 -35.301502
v 30.187180 179.822433 -10.852641
v 30.165989 179.822433 10.741533
v 30.165989 118.836357 10.741530
v 30.171906 118.836365 -10.858256
v 26.423380 105.020737 9.508842
v 26.446281 105.020752 -9.618314
v 9.569836 105.020729 -26.502832
v 19.313692 105.020729 -28.213760
v 28.167082 105.020737 -19.356405
v -9.558143 105.020721 -26.530630
v -19.295271 105.020714 -28.254601
v 28.135628 105.020729 19.252611
v 19.279493 105.020737 28.105843
v -9.584612 105.020737 26.361927
v -19.328299 105.020729 28.074245
v -28.181540 105.020737 19.218107
v 9.542833 105.020737 26.385027
v -26.461266 105.020729 9.476877
v -26.438717 105.020721 -9.653755
v -28.151281 105.020714 -19.400137
v -8.981268 239.136963 7.277089
v -8.979964 239.136963 -7.442351
v 8.963869 239.136963 -7.427239
v 8.963634 239.136963 7.292997
v 7.348410 239.136948 8.892943
v -7.379764 239.136963 8.895593
v -7.364725 239.136948 -9.042297
v 7.363449 239.136948 -9.044943
v 23.164728 185.667480 -35.294765
v 35.250111 179.822464 -23.200832
v 35.257423 179.822464 -13.445294
v 35.257454 118.836365 -13.445295
v 35.250111 118.836365 -23.200834
v 33.863682 179.822464 -11.750440
v 33.857552 118.836365 -11.751255
v 24.878126 179.822464 -34.574196
v 34.542324 179.822464 -24.908009
v 34.542324 118.836365 -24.908010
v 24.878126 118.836365 -34.574188
v 13.413751 179.822464 -35.289162
v 23.171116 179.822464 -35.282101
v 23.171116 118.836365 -35.282101
v 13.413751 118.836365 -35.289196
v 10.802794 179.822464 -30.241461
v 11.718126 179.822464 -33.890617
v 11.718126 118.836365 -33.890617
v 10.802794 118.836365 -30.241463
v -10.792196 179.822418 -30.268820
v -10.798192 118.836334 -30.256615
v -30.197126 179.822418 10.711634
v -30.185183 179.821396 -10.878564
v -30.181843 118.836327 -10.890574
v -30.186541 118.836342 10.718460
v 10.779024 179.822433 30.120848
v -10.817010 179.822433 30.104753
v -10.817010 118.836357 30.104752
v 10.782774 118.836357 30.110655
v 31.886902 185.053299 -22.688007
v 22.648506 185.056366 -31.932665
v 22.647480 180.441055 -31.922174
v 31.888102 180.437958 -22.682989
v 11.114288 185.059891 -26.952555
v -11.102105 185.047028 -26.972483
v -11.101193 180.433258 -26.978882
v 11.115443 180.444565 -26.942575
v 31.847160 185.055679 -13.506501
v 30.511015 185.053741 -11.887720
v 31.847124 180.434189 -13.506502
v 30.516510 180.432266 -11.887389
v 11.848886 185.059769 -30.556393
v 13.466066 185.059784 -31.889965
v 13.467109 180.438309 -31.879879
v 11.849558 180.438293 -30.545397
v 26.897358 180.433258 -11.161800
v 26.890959 185.047043 -11.162710
v -18.955008 218.722397 -31.218584
v -12.453055 218.546631 -31.432261
v -13.385653 185.667450 -35.345234
v -23.139578 185.667450 -35.337116
v -11.691629 185.667450 -33.945339
v -20.667332 218.749542 -30.480185
v -30.405949 218.749786 -20.787949
v -24.854889 185.667450 -34.629532
v -34.526974 185.667435 -24.967096
v -33.843296 185.667435 -11.804296
v -31.350368 218.547028 -12.540040
v -31.146095 218.722809 -19.078941
v -35.241863 185.667435 -13.499904
v -35.235123 185.667435 -23.252531
v -23.141199 179.822418 -35.337917
v -13.385653 179.822418 -35.345234
v -13.385653 118.836327 -35.345264
v -23.141199 118.836327 -35.337925
v -11.690789 179.822418 -33.951500
v -11.691609 118.836327 -33.945366
v -34.514561 179.822418 -24.965948
v -24.848366 179.822418 -34.630142
v -24.848366 118.836327 -34.630146
v -34.514553 118.836327 -24.965950
v -35.229527 179.822418 -13.501564
v -35.222469 179.822418 -23.258917
v -35.222462 118.836327 -23.258919
v -35.229557 118.836327 -13.501575
v -33.830982 179.822418 -11.805950
v -33.830975 118.836327 -11.805953
v -22.628176 185.053253 -31.974300
v -31.872833 185.056320 -22.735920
v -31.862345 180.441010 -22.734892
v -22.623146 180.437927 -31.975504
v -26.892729 185.059860 -11.201698
v -26.906010 185.047028 11.019828
v -26.912399 180.433243 11.018915
v -26.882744 180.444534 -11.202867
v -13.446667 185.055634 -31.934574
v -11.827887 185.053711 -30.598425
v -13.446667 180.434158 -31.934536
v -11.827551 180.432220 -30.603920
v -30.496559 185.059738 -11.936299
v -31.830133 185.059738 -13.553482
v -31.820044 180.438278 -13.554517
v -30.485565 180.438278 -11.936963
v -31.145016 218.722412 18.877934
v -31.358683 218.546661 12.375988
v -35.271656 185.667480 13.308580
v -35.263546 185.667480 23.062517
v -33.871769 185.667496 11.614554
v -30.406618 218.749573 20.590256
v -20.714373 218.749802 30.328876
v -34.555954 185.667480 24.777830
v -24.893513 185.667450 34.449898
v -11.730701 185.667450 33.766228
v -12.466463 218.547028 31.273304
v -19.005350 218.722824 31.069023
v -13.426327 185.667450 35.164799
v -23.178947 185.667450 35.158058
v -35.264347 179.822418 23.064121
v -35.271656 179.822418 13.308579
v -35.271675 118.836342 13.308577
v -35.264339 118.836342 23.064119
v -33.877922 179.822433 11.613723
v -33.871792 118.836342 11.614535
v -24.892361 179.822418 34.437489
v -34.556580 179.822418 24.771296
v -34.556580 118.836342 24.771294
v -24.892361 118.836342 34.437473
v -13.427987 179.822433 35.152462
v -23.185333 179.822418 35.145393
v -23.185333 118.836342 35.145386
v -13.427987 118.836342 35.152489
v -11.732362 179.822418 33.753910
v -11.732362 118.836342 33.753895
v -31.901184 185.053284 22.551003
v -22.662781 185.056351 31.795675
v -22.661757 180.441025 31.785185
v -31.902384 180.437943 22.545980
v -11.128580 185.059875 26.815569
v 11.087088 185.047028 26.829605
v 11.086174 180.433258 26.836000
v -11.129736 180.444550 26.805580
v -31.861443 185.055664 13.369502
v -30.525303 185.053726 11.750723
v -31.861406 180.434174 13.369502
v -30.530798 180.432236 11.750393
v -11.863161 185.059769 30.419397
v -13.480342 185.059769 31.752966
v -13.481384 180.438293 31.742878
v -11.863832 180.438278 30.408400
v 18.939161 218.722412 31.069530
v 12.437208 218.546661 31.283213
v 13.369805 185.667480 35.196175
v 23.123753 185.667480 35.188057
v 11.675782 185.667496 33.796288
v 20.651485 218.749573 30.331131
v 30.390120 218.749802 20.638899
v 24.839064 185.667480 34.480476
v 34.511154 185.667450 24.818035
v 33.827473 185.667450 11.655240
v 31.334543 218.547028 12.390985
v 31.130255 218.722824 18.929884
v 35.226048 185.667450 13.350843
v 35.219299 185.667450 23.103474
v 23.125353 179.822418 35.188858
v 13.369805 179.822418 35.196175
v 13.369805 118.836342 35.196194
v 23.125353 118.836342 35.188854
v 11.674962 179.822433 33.802448
v 11.675763 118.836342 33.796310
v 34.498734 179.822418 24.816887
v 24.832521 179.822418 34.481091
v 24.832541 118.836342 34.481087
v 34.498714 118.836342 24.816885
v 35.213703 179.822433 13.352503
v 35.206642 179.822418 23.109858
v 35.206642 118.836342 23.109856
v 35.213741 118.836342 13.352509
v 33.815147 179.822418 11.656892
v 33.815147 118.836342 11.656889
v 22.612362 185.053284 31.825529
v 31.857042 185.056351 22.587139
v 31.846554 180.441025 22.586111
v 22.607334 180.437943 31.826731
v 26.876923 185.059875 11.052921
v 26.866947 180.444550 11.054090
v 13.430856 185.055664 31.785805
v 11.812075 185.053726 30.449659
v 13.430856 180.434174 31.785769
v 11.811741 180.432236 30.455156
v 30.480761 185.059769 11.787527
v 31.814335 185.059769 13.404710
v 31.804239 180.438293 13.405747
v 30.469770 180.438278 11.788191
v -25.552992 -98.949287 -8.643553
v -25.546932 -98.949265 8.275959
v -25.549780 -57.413181 8.306546
v -25.553310 -57.413174 -8.668785
v -12.064027 -98.949287 -24.278004
v -24.043388 -98.949287 -12.295681
v -24.057596 -57.413174 -12.281284
v -12.044970 -57.413174 -24.295620
v 8.518722 -98.949265 -25.796715
v -8.412333 -98.949287 -25.796753
v -8.432635 -57.413174 -25.792015
v 8.549166 -57.413174 -25.792074
v 25.662460 -98.949265 8.289162
v 25.668203 -98.949265 -8.656668
v 25.665468 -57.413174 -8.675347
v 25.662001 -57.413174 8.313148
v 12.170812 -98.949265 23.920277
v 24.144688 -98.949265 11.946389
v 24.165293 -57.413174 11.925570
v 12.157286 -57.413174 23.933578
v -8.419882 -98.949287 25.429789
v 8.511851 -98.949265 25.429983
v 8.544879 -57.413174 25.429888
v -8.437030 -57.413181 25.429829
v -12.048895 -57.413181 23.932955
v -24.053558 -57.413181 11.919536
v -24.037056 -98.949265 11.929046
v -12.071038 -98.949287 23.909945
v 12.161627 -57.413174 -24.295774
v 24.169600 -57.413174 -12.287768
v 24.151289 -98.949265 -12.313766
v 12.177784 -98.949265 -24.287350
v 9.600343 -55.266094 -28.092152
v 13.016490 -55.264481 -26.680307
v -9.529559 -55.264648 -28.093109
v -12.943758 -55.264648 -26.678900
v -26.473349 -55.264481 -13.151323
v -27.887320 -55.264317 -9.737281
v -27.879526 -55.259678 9.387914
v -26.465322 -55.259678 12.802133
v -12.937504 -55.259335 26.331802
v -9.523495 -55.259335 27.745962
v 9.608316 -55.259666 27.744535
v 13.022520 -55.259666 26.330338
v 26.552128 -55.259510 12.802758
v 27.961914 -55.262772 9.393324
v 27.958261 -55.264648 -9.736500
v 26.544062 -55.264648 -13.150699
v 13.014327 -51.264656 -26.679232
v 26.545467 -51.264656 -13.152416
v 27.959482 -51.264656 -9.738667
v 27.956425 -51.264656 9.394243
v 9.600099 -51.264656 -28.093470
v 26.542227 -51.264656 12.808443
v 13.015391 -51.264656 26.339615
v 9.601637 -51.264656 27.753599
v -9.531234 -51.264656 27.750570
v -12.945443 -51.264656 26.336332
v -26.476576 -51.264656 12.809536
v -27.890648 -51.264656 9.395727
v -27.887577 -51.264656 -9.737123
v -26.473335 -51.264656 -13.151322
v -12.946527 -51.264656 -26.682465
v -9.532758 -51.264656 -28.096498
v -11.256912 -103.262871 -33.398022
v 11.361666 -103.262871 -33.405270
v 22.090166 -116.335609 -59.306168
v -21.982588 -116.335609 -59.292099
v -31.428217 -103.262871 -15.651892
v -15.439569 -103.262871 -31.665533
v -26.165253 -116.335609 -57.559589
v -57.339325 -116.335609 -26.405388
v 22.160898 -118.138748 -59.306198
v -22.053085 -118.138748 -59.292068
v -26.115379 -118.138748 -57.609413
v -57.389362 -118.138748 -26.355370
v -7.949429 -154.624771 -16.478083
v -16.274984 -154.624771 -8.157851
v -42.560276 -130.938370 -20.391541
v -21.082310 -130.938370 -41.855816
v 14.963148 -130.938370 -44.218536
v -15.401576 -130.938370 -44.208843
v -21.021732 -128.047791 -57.029091
v 21.146650 -128.042572 -57.085213
v -55.059368 -128.047745 -25.484549
v -25.244497 -128.047791 -55.279968
v 22.099901 -125.770996 -59.306179
v -21.992275 -125.770996 -59.292088
v -22.053085 -122.104843 -59.292068
v 22.160898 -122.104843 -59.306198
v -26.158394 -125.770996 -57.566425
v -57.346214 -125.770996 -26.398514
v -57.389362 -122.104843 -26.355370
v -26.115379 -122.104843 -57.609413
v -33.170658 -103.262871 -11.494919
v -59.071556 -116.335609 -22.223434
v -59.071579 -118.138748 -22.294168
v -17.144970 -154.624771 -6.057578
v -44.912991 -130.938370 -14.711580
v -56.850594 -128.042572 -21.279921
v 26.222118 -122.104843 -57.623981
v 26.265253 -125.771004 -57.580830
v -59.071579 -122.104843 -22.294168
v -59.071571 -125.771004 -22.233162
v -25.124208 -118.438744 -56.125507
v -21.704672 -118.438744 -57.541931
v -21.704672 -121.804840 -57.541931
v -25.124208 -121.804840 -56.125507
v -57.303837 -118.438744 -21.943661
v -55.905777 -118.438744 -25.363728
v -55.905777 -121.804840 -25.363728
v -57.303837 -121.804840 -21.943661
v 21.810390 -118.438744 -57.538445
v 26.222118 -118.138748 -57.623981
v 25.219980 -118.438744 -56.126141
v 21.810390 -121.804840 -57.538445
v 25.368828 -128.042572 -55.336327
v 33.264774 -103.262871 -11.491501
v 33.272011 -103.262871 11.127072
v 59.172909 -116.335609 21.855568
v 59.158836 -116.335609 -22.217196
v 15.550465 -103.262871 -31.689732
v 31.532246 -103.262871 -15.674167
v 57.426308 -116.335609 -26.399860
v 26.272118 -116.335609 -57.573944
v 59.172928 -118.138748 21.926291
v 59.158798 -118.138748 -22.287703
v 57.476143 -118.138748 -26.349989
v 44.470108 -130.938370 15.657620
v 44.460407 -130.938370 -14.707105
v 56.895821 -128.047791 -21.256346
v 56.951931 -128.042572 20.912052
v 42.107384 -130.938370 -20.387836
v 20.643114 -130.938370 -41.865814
v 55.146698 -128.047791 -25.479099
v 59.172920 -125.771004 21.865274
v 59.158817 -125.770996 -22.226883
v 59.158798 -122.104843 -22.287703
v 59.172928 -122.104843 21.926291
v 57.433151 -125.770996 -26.393005
v 57.476143 -122.104843 -26.349989
v 55.992233 -118.438744 -25.358816
v 57.408661 -118.438744 -21.939285
v 57.408661 -121.804840 -21.939285
v 55.992233 -121.804840 -25.358816
v 25.230459 -121.804840 -56.140388
v 57.405174 -118.438744 21.575783
v 57.405174 -121.804840 21.575783
v -33.163437 -103.262871 11.123654
v -59.057487 -116.335609 21.849318
v -15.442298 -103.262871 31.305178
v -31.420595 -103.262871 15.281389
v -57.324978 -116.335609 26.031973
v -26.170771 -116.335609 57.206055
v -59.057461 -118.138748 21.919806
v -57.374802 -118.138748 25.982111
v -26.120762 -118.138748 57.256073
v -17.141214 -154.624771 5.712793
v -44.903294 -130.938370 15.653146
v -16.271009 -154.624771 7.813632
v -7.950770 -154.624771 16.139179
v -21.086010 -130.938370 42.811832
v -42.550274 -130.938370 21.333868
v -56.794472 -128.047791 20.888458
v -25.249941 -128.047745 54.926113
v -55.045361 -128.047791 25.111231
v -59.057480 -125.770996 21.859005
v -59.057461 -122.104843 21.919806
v -57.331806 -125.770996 26.025137
v -26.163906 -125.770996 57.212948
v -26.120762 -122.104843 57.256073
v -57.374802 -122.104843 25.982111
v -11.260385 -103.262871 33.037426
v -21.988798 -116.335609 58.938301
v -22.059561 -118.138748 58.938301
v -5.850489 -154.624771 17.009178
v -15.406024 -130.938370 45.164570
v -21.045292 -128.042572 56.717323
v -22.059561 -122.104843 58.938301
v -21.998535 -125.771004 58.938301
v -55.890896 -118.438744 24.990938
v -57.307312 -118.438744 21.571407
v -57.307312 -121.804840 21.571407
v -55.890896 -121.804840 24.990938
v -21.709042 -118.438744 57.170567
v -25.129120 -118.438744 55.772499
v -25.129120 -121.804840 55.772499
v -21.709042 -121.804840 57.170567
v 11.358282 -103.262871 33.030216
v 22.083954 -116.335609 58.924236
v 31.539774 -103.262871 15.309026
v 15.551250 -103.262871 31.322601
v 26.266611 -116.335609 57.191719
v 57.440674 -116.335609 26.037500
v 22.154453 -118.138748 58.924217
v 26.216738 -118.138748 57.241543
v 57.490742 -118.138748 25.987520
v 14.958699 -130.938370 45.154888
v 21.123095 -128.047791 56.661232
v 20.639433 -130.938370 42.801853
v 42.117393 -130.938370 21.337582
v 55.160732 -128.047745 25.116680
v 25.345860 -128.047791 54.912109
v 22.093653 -125.770996 58.924236
v 22.154453 -122.104843 58.924217
v 26.259745 -125.770996 57.198555
v 57.447578 -125.770996 26.030645
v 57.490742 -122.104843 25.987520
v 26.216738 -122.104843 57.241543
v 25.225565 -118.438744 55.757637
v 21.806025 -118.438744 57.174084
v 21.806025 -121.804840 57.174084
v 25.225565 -121.804840 55.757637
v 56.007118 -118.438744 24.995840
v 56.007118 -121.804840 24.995840
v 5.517818 -204.651962 -3.623557
v 5.517906 -204.651947 -2.769104
v 5.012828 -201.106735 -3.194436
v 4.367931 -145.955658 -3.192168
v 5.810948 -145.952881 -4.418525
v 5.811408 -145.952835 -1.976836
v -4.634540 -223.013351 -3.727972
v -4.634384 -223.013321 -2.873519
v -5.139510 -217.103165 -3.298850
v -5.784422 -136.472275 -3.296591
v -4.341356 -136.467636 -4.522929
v -4.340888 -136.467575 -2.081249
v -1.417675 -203.460510 5.124978
v -1.417504 -203.460464 5.979431
v -1.922655 -181.113281 5.554120
v -2.567528 -145.909348 5.556367
v -1.124462 -145.904709 4.329981
v -1.124066 -145.904648 6.771680
v 8.020731 -154.624771 16.135233
v 16.346308 -154.624771 7.814964
v 17.216270 -154.624771 5.714685
v 17.212505 -154.624771 -6.055695
v 16.342310 -154.624771 -8.156520
v 8.022049 -154.624771 -16.482101
v 5.921773 -154.624771 -17.352066
v -5.848583 -154.624771 -17.348301
v 5.921778 -163.794006 -17.352070
v -5.848597 -163.794006 -17.348320
v -7.949432 -163.794006 -16.478106
v -16.274979 -163.794006 -8.157852
v -17.144964 -163.794006 -6.057579
v -17.141218 -163.794006 5.712792
v -16.271019 -163.794006 7.813632
v -7.950770 -163.794006 16.139179
v 5.919907 -154.624771 17.005424
v -5.850482 -163.794006 17.009178
v 5.919889 -163.794006 17.005428
v 8.020734 -163.794006 16.135214
v 16.346285 -163.794006 7.814960
v 17.216280 -163.794006 5.714687
v 17.212502 -163.794006 -6.055694
v 16.342319 -163.794006 -8.156524
v 8.022042 -163.794006 -16.482100
v 5.048751 -166.403870 -14.803847
v -4.975839 -166.403870 -14.800664
v -6.765081 -166.403870 -14.059522
v -13.855780 -166.403870 -6.973320
v -14.596732 -166.403870 -5.184551
v -14.593554 -166.403870 4.840029
v -13.852410 -166.403870 6.629277
v -6.766229 -166.403870 13.719980
v -4.977440 -166.403870 14.460957
v 5.047135 -166.403870 14.457734
v 6.836378 -166.403870 13.716601
v 13.927076 -166.403870 6.630390
v 14.668038 -166.403870 4.841640
v 14.664825 -166.403870 -5.182940
v 13.923712 -166.403870 -6.972188
v 6.837501 -166.403870 -14.062910
v 21.956249 -89.751396 11.337054
v 11.526798 -89.751411 21.766584
v 47.782654 -116.142601 57.306408
v 58.212147 -116.142601 46.876915
v 14.580699 -136.245697 24.718927
v 25.010185 -136.245667 14.289415
v 57.796684 -132.576645 46.600082
v 47.367172 -132.576645 57.029575
v -11.472850 -89.751396 21.749163
v -21.902382 -89.751411 11.319711
v -57.442207 -116.142601 47.575565
v -47.012714 -116.142601 58.005058
v -24.854727 -136.245697 14.373610
v -14.425213 -136.245667 24.803097
v -46.735889 -132.576645 57.589592
v -57.165379 -132.576645 47.160080
v -21.884960 -89.751396 -11.679935
v -11.455509 -89.751411 -22.109468
v -47.711372 -116.142601 -57.649288
v -58.140862 -116.142601 -47.219799
v -14.509410 -136.245697 -25.061811
v -24.938896 -136.245667 -14.632300
v -57.725399 -132.576645 -46.942974
v -47.295887 -132.576645 -57.372467
v 11.544141 -89.751396 -22.092047
v 21.973671 -89.751411 -11.662595
v 57.513496 -116.142601 -47.918461
v 47.084000 -116.142601 -58.347946
v 24.926016 -136.245697 -14.716498
v 14.496504 -136.245667 -25.145985
v 46.807171 -132.576645 -57.932487
v 57.236668 -132.576645 -47.502979
v 65.824112 -131.731827 54.488815
v 65.932808 -118.862846 54.597553
v 55.503311 -118.862846 65.027054
v 55.394600 -131.731827 64.918327
v -54.624619 -131.731827 65.617020
v -54.733356 -118.862846 65.725716
v -65.162849 -118.862846 55.296219
v -65.054131 -131.731827 55.187508
v -65.752831 -131.731827 -54.831699
v -65.861519 -118.862846 -54.940437
v -55.432030 -118.862846 -65.369942
v -55.323318 -131.731827 -65.261215
v 54.695904 -131.731827 -65.959915
v 54.804638 -118.862846 -66.068611
v 65.234146 -118.862846 -55.639118
v 65.125420 -131.731827 -55.530411
v -13.725469 2.368836 -45.565113
v -14.399100 1.695156 -45.565159
v -14.510716 1.817752 -45.891163
v -14.628388 2.742558 -46.044960
v -14.399245 -1.713495 -45.565472
v -13.725667 -2.387110 -45.565521
v -13.757209 -2.436848 -45.653706
v -14.585283 -2.691657 -46.108799
v 14.378932 1.694098 -45.565468
v 13.705227 2.367787 -45.565517
v 13.733958 2.417498 -45.629353
v 14.626536 2.738980 -46.038155
v 13.705419 -2.388156 -45.565113
v 14.379079 -1.714563 -45.565159
v 14.508137 -1.800666 -45.811428
v 14.580314 -2.691830 -46.103447
v -14.469749 1.765935 -45.315155
v -13.796116 2.439613 -45.315113
v -13.796332 -2.457763 -45.315491
v -14.469910 -1.784147 -45.315449
v 13.775990 2.438549 -45.315544
v 14.449694 1.764861 -45.315491
v 14.449848 -1.785212 -45.315166
v 13.776188 -2.458806 -45.315113
vn 0.6493 0.4019 -0.6457
vn 0.6489 0.4014 -0.6464
vn 0.6495 0.4023 -0.6453
vn 0.6495 0.4023 -0.6452
vn 0.6502 0.4035 -0.6438
vn 0.6493 0.4020 -0.6456
vn 0.0004 0.2741 -0.9617
vn -0.0000 0.5268 -0.8500
vn 0.0011 0.5274 -0.8496
vn 0.0012 0.5275 -0.8496
vn 0.0017 0.5278 -0.8494
vn 0.0004 0.2742 -0.9617
vn 0.0313 0.1261 -0.9915
vn 0.0221 0.1267 -0.9917
vn 0.0206 0.1281 -0.9915
vn 0.0273 0.1239 -0.9919
vn -0.0009 -0.7929 -0.6093
vn 0.0001 -0.7939 -0.6081
vn -0.0000 1.0000 -0.0000
vn 0.0350 0.3719 -0.9276
vn -0.0000 0.4840 -0.8751
vn 0.0134 -0.3651 -0.9309
vn 0.0204 -0.3962 -0.9180
vn -0.6457 0.4019 -0.6493
vn -0.6463 0.4013 -0.6490
vn -0.6455 0.4021 -0.6494
vn -0.6454 0.4021 -0.6494
vn -0.6443 0.4031 -0.6500
vn -0.6458 0.4018 -0.6492
vn -0.6471 -0.4032 -0.6471
vn -0.6469 -0.4029 -0.6474
vn -0.6471 -0.4033 -0.6470
vn -0.6472 -0.4034 -0.6469
vn -0.6474 -0.4038 -0.6464
vn -0.0000 -1.0000 -0.0000
vn -0.8501 0.5266 -0.0000
vn -0.8500 0.5268 0.0009
vn -0.8503 0.5263 -0.0001
vn 0.0001 1.0000 -0.0000
vn -0.8495 0.5276 -0.0003
vn -0.8501 0.5267 0.0001
vn -0.8503 0.5264 -0.0000
vn -0.8495 0.5276 -0.0002
vn -0.8501 0.5267 -0.0000
vn -0.8496 0.5274 -0.0001
vn -1.0000 -0.0000 -0.0000
vn -0.6493 0.4024 0.6454
vn -0.6489 0.4016 0.6463
vn -0.6495 0.4027 0.6450
vn -0.6502 0.4040 0.6434
vn -0.6493 0.4023 0.6454
vn -1.0000 -0.0000 -0.0007
vn -1.0000 -0.0013 -0.0000
vn -1.0000 0.0020 -0.0010
vn -0.6469 -0.4039 0.6468
vn -0.6468 -0.4039 0.6469
vn -0.8484 -0.5294 -0.0000
vn -0.8481 -0.5299 -0.0006
vn -0.8480 -0.5299 -0.0007
vn -0.0003 -1.0000 -0.0000
vn -0.8488 -0.5287 -0.0003
vn -0.8484 -0.5293 -0.0005
vn -0.8480 -0.5300 -0.0011
vn -0.8487 -0.5288 -0.0004
vn -0.8495 -0.5277 -0.0001
vn -0.8485 -0.5293 -0.0005
vn 0.0002 0.5273 0.8497
vn 0.0009 0.5274 0.8496
vn -0.0001 0.5270 0.8499
vn -0.0000 1.0000 -0.0005
vn 0.0001 0.5285 0.8489
vn 0.0001 0.5273 0.8497
vn -0.0002 0.5269 0.8499
vn -0.0000 0.5285 0.8489
vn -0.0001 0.5284 0.8490
vn 0.0002 0.5285 0.8489
vn -0.0000 -0.0000 1.0000
vn 0.6455 0.4025 0.6491
vn 0.6461 0.4020 0.6488
vn 0.6451 0.4029 0.6492
vn 0.6451 0.4029 0.6493
vn 0.6437 0.4040 0.6499
vn 0.6454 0.4026 0.6491
vn -0.0007 -0.0000 1.0000
vn -0.0000 -0.0013 1.0000
vn -0.0010 0.0020 1.0000
vn 0.6467 -0.4022 0.6481
vn 0.6471 -0.4029 0.6472
vn 0.6465 -0.4018 0.6485
vn 0.6457 -0.4004 0.6501
vn -0.0005 -0.5280 0.8493
vn -0.0000 -1.0000 0.0001
vn -0.0011 -0.5280 0.8492
vn -0.0005 -0.5280 0.8492
vn -0.0011 -0.5281 0.8492
vn -0.0011 -0.5274 0.8496
vn -0.0003 -0.5279 0.8493
vn -0.0010 -0.5276 0.8495
vn -0.0004 -0.5278 0.8494
vn -0.0000 -0.5276 0.8495
vn -0.0005 -0.5279 0.8493
vn -0.0006 -0.5279 0.8493
vn 0.8496 0.5275 0.0002
vn 0.8499 0.5269 -0.0000
vn 0.8501 0.5267 -0.0002
vn 0.8495 0.5276 0.0002
vn 0.8502 0.5265 -0.0002
vn 0.8509 0.5253 -0.0007
vn 0.8495 0.5276 0.0003
vn 0.8492 0.5281 0.0006
vn 0.8494 0.5277 -0.0001
vn 0.8492 0.5280 0.0005
vn 0.0008 -0.7914 -0.6113
vn -0.0297 0.1254 -0.9917
vn -0.0221 0.1235 -0.9921
vn -0.0206 -0.3649 -0.9308
vn -0.0125 -0.3991 -0.9168
vn 0.0017 0.3722 -0.9282
vn -0.0342 0.4793 -0.8770
vn 1.0000 -0.0000 -0.0000
vn 1.0000 -0.0000 0.0007
vn 1.0000 -0.0013 -0.0000
vn 1.0000 0.0020 0.0010
vn 0.6474 -0.4004 -0.6485
vn 0.6482 -0.3997 -0.6481
vn 0.6469 -0.4009 -0.6487
vn 0.6468 -0.4009 -0.6487
vn 0.6451 -0.4024 -0.6496
vn 0.6473 -0.4005 -0.6485
vn 0.8496 -0.5275 0.0013
vn 0.8508 -0.5256 0.0016
vn 0.8502 -0.5264 0.0013
vn 0.8502 -0.5264 0.0014
vn 0.0005 -1.0000 -0.0000
vn 0.8491 -0.5282 0.0010
vn 0.8496 -0.5274 0.0014
vn 0.8492 -0.5281 0.0011
vn 0.8496 -0.5274 0.0023
vn 0.8496 -0.5275 0.0014
vn 0.8492 -0.5281 0.0010
vn -0.0000 -0.0003 -1.0000
vn -0.0001 0.2737 -0.9618
vn 0.0001 -0.0006 -1.0000
vn -0.0000 0.5277 -0.8495
vn -0.0000 0.5276 -0.8495
vn -0.0007 0.2737 -0.9618
vn -1.0000 -0.0061 -0.0000
vn 0.9999 0.0107 -0.0000
vn -0.0004 0.9710 -0.2393
vn 0.0007 -0.9592 -0.2826
vn 0.0003 -0.9594 -0.2819
vn -1.0000 0.0019 -0.0006
vn 1.0000 -0.0036 0.0010
vn 0.0020 0.1267 -0.9919
vn 0.0013 0.1254 -0.9921
vn -0.0001 0.3721 -0.9282
vn -0.0001 0.3722 -0.9282
vn 0.0001 0.1344 -0.9909
vn -0.0000 0.1345 -0.9909
vn -0.0000 0.9464 -0.3229
vn 0.8945 0.0604 -0.4431
vn -0.0000 -0.8262 -0.5634
vn -0.8944 0.0599 -0.4432
vn 0.0009 -0.2752 -0.9614
vn 0.0019 -0.5279 -0.8493
vn 0.0009 -0.5284 -0.8490
vn 0.0010 -0.5284 -0.8490
vn 0.0004 -0.5287 -0.8488
vn -0.0000 -0.0008 -1.0000
vn -0.0003 -0.2746 -0.9616
vn 0.0008 -0.2751 -0.9614
vn 0.0008 -0.2752 -0.9614
vn 0.0003 -0.0012 -1.0000
vn -0.0000 -0.0007 -1.0000
vn 0.0006 -0.5276 -0.8495
vn 0.0011 -0.5273 -0.8497
vn -0.0000 -0.5279 -0.8493
vn -0.0002 -0.5279 -0.8493
vn -0.0001 -0.2746 -0.9616
vn 0.0005 -0.5276 -0.8495
vn 1.0000 -0.0007 -0.0000
vn -1.0000 0.0027 -0.0000
vn 0.0005 0.1261 -0.9920
vn -0.0000 0.1254 -0.9921
vn 0.0020 -0.3651 -0.9310
vn 0.0020 -0.3650 -0.9310
vn -1.0000 0.0020 0.0003
vn -1.0000 -0.0000 0.0010
vn -0.7073 -0.0000 0.7069
vn -0.7073 -0.0001 0.7069
vn 0.0003 0.0001 1.0000
vn 0.7069 0.0001 0.7073
vn 1.0000 -0.0013 -0.0003
vn 1.0000 -0.0020 -0.0005
vn 0.7073 -0.0030 -0.7069
vn -0.0003 -0.0029 -1.0000
vn -0.0001 -0.0021 -1.0000
vn -0.7069 -0.0001 -0.7073
vn -0.9239 -0.0000 0.3827
vn -0.9239 0.0011 -0.3827
vn -0.9239 0.0010 -0.3826
vn -0.3827 -0.0000 0.9239
vn 0.3827 0.0001 0.9239
vn 0.9239 0.0001 0.3827
vn 0.9243 -0.0006 0.3816
vn 0.9239 -0.0027 -0.3827
vn 0.3827 -0.0028 -0.9239
vn 0.3812 -0.0037 -0.9245
vn -0.3827 -0.0012 -0.9239
vn -0.0038 0.1196 0.9928
vn -0.0284 0.1238 0.9919
vn -0.0157 -0.7874 0.6162
vn -0.0000 -0.7740 0.6332
vn -0.9709 0.0009 0.2395
vn -0.0129 0.4437 0.8961
vn -0.0000 0.4839 0.8751
vn -0.0370 -0.4299 0.9021
vn -0.0262 -0.3939 0.9188
vn 0.6005 -0.5281 0.6004
vn 0.6005 -0.5282 0.6004
vn -0.5041 0.0784 0.8601
vn -0.6464 0.0730 0.7595
vn 0.5653 0.5983 0.5679
vn 0.5658 0.5976 0.5681
vn 0.6986 0.1549 0.6986
vn 0.6971 0.1539 0.7002
vn 0.3776 -0.8455 0.3776
vn 0.3779 -0.8453 0.3777
vn 0.6360 -0.7717 0.0017
vn 0.6171 -0.7867 -0.0158
vn 0.9926 0.1182 -0.0284
vn 0.9921 0.1251 -0.0052
vn 0.8994 -0.4363 -0.0257
vn 0.9205 -0.3888 -0.0387
vn 0.8927 0.4506 -0.0010
vn 0.8760 0.4821 -0.0150
vn 0.7666 0.0642 -0.6390
vn 0.8656 0.0892 -0.4928
vn 0.2253 -0.8291 0.5117
vn 0.5122 -0.8287 0.2254
vn 0.3712 0.1518 0.9161
vn 0.4038 0.1517 0.9022
vn 0.3254 0.4993 0.8030
vn 0.3520 -0.5080 0.7862
vn 0.3425 -0.4996 0.7957
vn 0.7896 -0.5016 0.3535
vn 0.7925 -0.5056 0.3411
vn 0.8029 0.4994 0.3254
vn 0.9021 0.1521 0.4038
vn 0.9164 0.1494 0.3714
vn 0.2367 -0.0003 -0.9716
vn 0.9928 0.1196 0.0038
vn 0.9919 0.1238 0.0284
vn 0.6162 -0.7874 0.0157
vn 0.6332 -0.7740 -0.0000
vn 0.2395 0.0009 0.9709
vn 0.8961 0.4437 0.0129
vn 0.8749 0.4843 -0.0001
vn 0.9021 -0.4299 0.0370
vn 0.9188 -0.3939 0.0262
vn 0.6004 -0.5281 -0.6005
vn 0.6004 -0.5282 -0.6005
vn 0.8601 0.0784 0.5041
vn 0.7595 0.0730 0.6464
vn 0.5679 0.5983 -0.5653
vn 0.5682 0.5974 -0.5660
vn 0.6986 0.1549 -0.6986
vn 0.7002 0.1539 -0.6971
vn 0.3776 -0.8455 -0.3776
vn 0.3777 -0.8453 -0.3779
vn 0.5117 -0.8291 -0.2253
vn 0.2254 -0.8287 -0.5122
vn 0.9161 0.1518 -0.3712
vn 0.9022 0.1517 -0.4038
vn 0.8030 0.4993 -0.3254
vn 0.7862 -0.5080 -0.3520
vn 0.7957 -0.4996 -0.3425
vn 0.3534 -0.5016 -0.7896
vn 0.3411 -0.5056 -0.7925
vn 0.3254 0.4994 -0.8029
vn 0.4038 0.1521 -0.9021
vn 0.3713 0.1494 -0.9164
vn -0.6005 -0.5281 -0.6004
vn -0.6005 -0.5282 -0.6004
vn -0.5653 0.5983 -0.5679
vn -0.5658 0.5976 -0.5681
vn -0.6986 0.1549 -0.6986
vn -0.6971 0.1539 -0.7002
vn -0.3772 -0.8457 -0.3775
vn -0.3779 -0.8453 -0.3777
vn -0.6360 -0.7717 -0.0017
vn -0.6171 -0.7867 0.0158
vn -0.9926 0.1182 0.0284
vn -0.9921 0.1251 0.0052
vn -0.8994 -0.4363 0.0257
vn -0.9205 -0.3888 0.0387
vn -0.8927 0.4506 0.0010
vn -0.8760 0.4821 0.0150
vn -0.7666 0.0642 0.6390
vn -0.8656 0.0892 0.4928
vn -0.2250 -0.8296 -0.5110
vn -0.5122 -0.8287 -0.2254
vn -0.3712 0.1518 -0.9161
vn -0.4038 0.1517 -0.9022
vn -0.3254 0.4993 -0.8030
vn -0.3520 -0.5080 -0.7862
vn -0.3425 -0.4996 -0.7957
vn -0.7896 -0.5016 -0.3534
vn -0.7925 -0.5056 -0.3411
vn -0.8029 0.4995 -0.3254
vn -0.9021 0.1521 -0.4038
vn -0.9164 0.1494 -0.3713
vn -0.2367 -0.0003 0.9716
vn -0.9928 0.1196 -0.0038
vn -0.9919 0.1238 -0.0284
vn -0.6162 -0.7874 -0.0157
vn -0.6332 -0.7740 -0.0000
vn -0.2395 0.0009 -0.9709
vn -0.8961 0.4437 -0.0129
vn -0.8751 0.4839 -0.0000
vn -0.9021 -0.4299 -0.0370
vn -0.9188 -0.3939 -0.0262
vn -0.6004 -0.5281 0.6005
vn -0.6004 -0.5282 0.6005
vn -0.8601 0.0784 -0.5041
vn -0.7595 0.0730 -0.6464
vn -0.5679 0.5983 0.5653
vn -0.5681 0.5976 0.5658
vn -0.6986 0.1549 0.6986
vn -0.7002 0.1539 0.6971
vn -0.3776 -0.8455 0.3776
vn -0.3777 -0.8453 0.3779
vn -0.0017 -0.7717 0.6360
vn 0.0158 -0.7867 0.6171
vn 0.0284 0.1182 0.9926
vn 0.0052 0.1251 0.9921
vn 0.0257 -0.4363 0.8994
vn 0.0387 -0.3888 0.9205
vn 0.0010 0.4506 0.8927
vn 0.0150 0.4821 0.8760
vn 0.6389 0.0642 0.7666
vn 0.4928 0.0892 0.8656
vn -0.5117 -0.8291 0.2253
vn -0.2254 -0.8287 0.5122
vn -0.9161 0.1518 0.3712
vn -0.9022 0.1517 0.4038
vn -0.8030 0.4993 0.3254
vn -0.7862 -0.5080 0.3520
vn -0.7957 -0.4996 0.3425
vn -0.3535 -0.5016 0.7896
vn -0.3411 -0.5056 0.7925
vn -0.3254 0.4994 0.8029
vn -0.4038 0.1521 0.9021
vn -0.3713 0.1494 0.9164
vn 0.9716 -0.0003 0.2367
vn -0.0001 -0.0001 1.0000
vn 0.0001 -0.0000 1.0000
vn -0.0005 0.0002 -1.0000
vn -0.0001 -0.0000 -1.0000
vn -0.0022 1.0000 0.0002
vn -0.0024 1.0000 0.0003
vn -0.0015 -1.0000 -0.0002
vn -0.0017 -1.0000 -0.0003
vn 1.0000 -0.0045 -0.0000
vn -0.0000 -0.0000 -1.0000
vn -0.0000 -1.0000 -0.0001
vn -0.0000 -0.7071 0.7071
vn -0.0000 -0.7071 -0.7071
vn -0.0000 0.7071 -0.7071
vn -0.0000 0.7071 0.7071
vn -0.0000 0.9701 -0.2425
vn 0.9715 -0.0000 -0.2370
vn -0.0000 -0.9701 -0.2425
vn -0.9715 -0.0000 -0.2370
vn -0.0000 0.9701 0.2425
vn -0.9715 -0.0000 0.2370
vn -0.0000 -0.9701 0.2425
vn 0.9715 -0.0000 0.2370
vn 0.7711 -0.0064 0.6366
vn 0.7708 -0.0062 0.6370
vn -0.6366 0.0075 -0.7711
vn -0.6363 0.0077 -0.7714
vn 1.0000 -0.0000 0.0018
vn 1.0000 -0.0000 -0.0008
vn 0.7709 -0.0000 0.6370
vn 0.7072 -0.0000 -0.7070
vn 0.0007 -0.0000 -1.0000
vn -0.6363 -0.0000 -0.7714
vn 0.0023 -0.0000 -1.0000
vn -1.0000 -0.0000 -0.0017
vn -0.0018 -0.0000 1.0000
vn 0.2443 -0.0000 -0.9697
vn 0.1850 0.9827 0.0003
vn 0.2424 -0.0094 0.9701
vn 0.2631 -0.0000 0.9648
vn 0.1850 -0.9827 0.0003
vn 0.2206 0.0096 -0.9753
vn 0.2418 -0.0000 -0.9703
vn 0.1996 0.9799 -0.0001
vn 0.1844 0.9829 0.0028
vn 0.1390 0.9806 -0.1383
vn 0.1411 0.9799 -0.1411
vn 0.0001 0.9809 -0.1946
vn -0.0027 0.9837 -0.1799
vn 0.9704 0.0022 -0.2414
vn 0.9716 -0.0000 -0.2367
vn 0.0001 -0.9799 -0.1996
vn -0.0028 -0.9829 -0.1842
vn 0.1411 -0.9799 -0.1411
vn 0.1996 -0.9799 -0.0002
vn 0.1842 -0.9829 0.0028
vn -0.9709 0.0023 -0.2396
vn -0.9696 -0.0000 -0.2448
vn -0.0000 0.9828 -0.1848
vn 0.0004 0.9835 -0.1807
vn 0.9707 0.0002 -0.2402
vn 0.9708 -0.0000 -0.2398
vn 0.0004 -0.9827 -0.1850
vn -0.2446 -0.0002 0.9696
vn -0.2442 -0.0000 0.9697
vn -0.1887 0.9820 -0.0000
vn -0.1850 0.9827 -0.0003
vn -0.2411 -0.0018 -0.9705
vn -0.2452 -0.0000 -0.9695
vn -0.1850 -0.9827 -0.0003
vn -0.9706 -0.0000 0.2407
vn -0.0003 -0.9827 0.1850
vn 0.9739 0.0080 0.2267
vn 0.9697 -0.0000 0.2443
vn -0.0003 0.9827 0.1850
vn 0.7239 0.6899 0.0013
vn 0.7094 0.7048 -0.0005
vn 0.6823 0.4653 0.5639
vn 0.4566 0.7636 -0.4565
vn 0.0005 0.7043 -0.7099
vn -0.5635 0.4646 -0.6831
vn -0.5635 0.4645 -0.6831
vn 0.0017 0.6899 -0.7239
vn 0.0017 0.6900 -0.7238
vn -0.7239 0.6899 -0.0013
vn -0.0013 0.6899 0.7239
vn -0.0003 -0.0000 -1.0000
vn -0.7073 -0.0000 -0.7069
vn 1.0000 -0.0000 -0.0003
vn 0.7069 -0.0000 -0.7073
vn 0.0003 -0.0000 1.0000
vn 0.7073 -0.0000 0.7069
vn -1.0000 -0.0000 0.0003
vn -0.7069 -0.0000 0.7073
vn 1.0000 0.0010 -0.0003
vn 1.0000 -0.0000 -0.0010
vn 0.7073 -0.0000 -0.7069
vn -0.7069 0.0001 -0.7073
vn -0.7069 -0.0000 -0.7073
vn -1.0000 -0.0007 0.0003
vn -1.0000 -0.0010 0.0005
vn -0.7073 -0.0015 0.7069
vn 0.0003 -0.0015 1.0000
vn 0.0001 -0.0011 1.0000
vn 0.7069 -0.0000 0.7073
vn 0.9239 -0.0000 -0.3827
vn 0.9239 0.0005 0.3827
vn 0.9239 0.0005 0.3826
vn 0.3827 -0.0000 -0.9239
vn -0.3827 0.0001 -0.9239
vn -0.9239 -0.0000 -0.3827
vn -0.9243 -0.0003 -0.3816
vn -0.9239 -0.0014 0.3827
vn -0.3827 -0.0014 0.9239
vn -0.3812 -0.0019 0.9245
vn 0.3827 -0.0006 0.9239
vn -0.0004 -0.7016 0.7125
vn -0.0005 -0.6997 0.7144
vn -0.0004 -0.3763 0.9265
vn -0.0005 -0.3798 0.9251
vn -0.0004 -0.7017 0.7125
vn -0.6687 -0.6175 0.4141
vn -0.5782 -0.5808 0.5731
vn -0.6755 -0.3049 0.6714
vn -0.8051 -0.2871 0.5191
vn -0.0001 0.7054 0.7088
vn -0.0000 0.7035 0.7107
vn -0.0003 0.3792 0.9253
vn -0.0002 0.3827 0.9239
vn -0.0002 0.7055 0.7087
vn -0.4164 0.6227 0.6625
vn -0.5746 0.5880 0.5692
vn -0.6739 0.3131 0.6692
vn -0.5229 0.2945 0.7999
vn -0.4164 0.6228 0.6624
vn -0.0002 0.3792 0.9253
vn -0.0004 -0.3798 0.9251
vn -0.0004 -0.3762 0.9265
vn -0.0002 0.3826 0.9239
vn -0.8051 -0.2870 0.5190
vn -0.6755 -0.3048 0.6714
vn -0.6739 0.3130 0.6692
vn -0.6739 0.3130 0.6693
vn -0.8029 0.2962 0.5174
vn 0.7030 -0.7112 0.0003
vn 0.7063 -0.7080 0.0006
vn 0.9241 -0.3821 0.0005
vn 0.9231 -0.3845 0.0004
vn 0.7029 -0.7113 0.0003
vn 0.4146 -0.6198 0.6664
vn 0.5734 -0.5897 0.5688
vn 0.6717 -0.3096 0.6730
vn 0.5190 -0.2871 0.8051
vn 0.4146 -0.6198 0.6663
vn 0.7087 0.7055 0.0001
vn 0.7104 0.7038 -0.0000
vn 0.9252 0.3794 0.0002
vn 0.9238 0.3828 0.0002
vn 0.7086 0.7056 0.0001
vn 0.6623 0.6230 0.4162
vn 0.5692 0.5881 0.5745
vn 0.6693 0.3132 0.6738
vn 0.6693 0.3131 0.6738
vn 0.7999 0.2946 0.5228
vn 0.9253 0.3794 0.0002
vn 0.9232 -0.3844 0.0004
vn 0.9241 -0.3820 0.0005
vn 0.9241 -0.3821 0.0004
vn 0.9239 0.3827 0.0002
vn 0.5190 -0.2871 0.8052
vn 0.6717 -0.3095 0.6731
vn 0.5175 0.2962 0.8028
vn 0.0003 -0.7048 -0.7094
vn 0.0004 -0.7035 -0.7107
vn 0.0003 -0.3805 -0.9248
vn 0.0003 -0.3780 -0.9258
vn 0.0003 -0.7048 -0.7095
vn 0.6614 -0.6274 -0.4109
vn 0.5657 -0.5942 -0.5718
vn 0.6739 -0.3118 -0.6698
vn 0.8045 -0.2900 -0.5183
vn 0.6614 -0.6275 -0.4109
vn -0.0000 0.7050 -0.7092
vn -0.0001 0.7035 -0.7107
vn 0.0001 0.3792 -0.9253
vn 0.0001 0.3824 -0.9240
vn 0.4167 0.6227 -0.6623
vn 0.5749 0.5879 -0.5691
vn 0.6741 0.3131 -0.6690
vn 0.5232 0.2944 -0.7997
vn 0.0001 0.3791 -0.9253
vn 0.8045 -0.2899 -0.5184
vn 0.6739 -0.3117 -0.6698
vn 0.6741 0.3130 -0.6690
vn 0.8029 0.2962 -0.5173
vn 0.8045 -0.2899 -0.5183
vn -0.7186 -0.6955 -0.0004
vn -0.7144 -0.6997 -0.0000
vn -0.9266 -0.3761 -0.0002
vn -0.9276 -0.3735 -0.0005
vn -0.7184 -0.6956 -0.0004
vn -0.4153 -0.6176 -0.6679
vn -0.5783 -0.5803 -0.5734
vn -0.6716 -0.3046 -0.6755
vn -0.6716 -0.3045 -0.6755
vn -0.5200 -0.2842 -0.8055
vn -0.7089 0.7054 -0.0001
vn -0.7111 0.7031 -0.0000
vn -0.9253 0.3793 -0.0002
vn -0.9253 0.3793 -0.0003
vn -0.9239 0.3827 -0.0002
vn -0.7088 0.7054 -0.0002
vn -0.6634 0.6216 -0.4165
vn -0.5700 0.5867 -0.5752
vn -0.6698 0.3124 -0.6736
vn -0.8005 0.2936 -0.5226
vn -0.6634 0.6216 -0.4166
vn -0.9239 0.3826 -0.0002
vn -0.9253 0.3792 -0.0003
vn -0.5201 -0.2842 -0.8054
vn -0.5182 0.2957 -0.8025
vn -0.5201 -0.2842 -0.8055
vn -0.4180 -0.6179 0.6660
vn -0.5241 -0.2862 0.8021
vn -0.5781 -0.5807 0.5732
vn -0.6641 0.6249 0.4104
vn -0.8028 0.2962 0.5175
vn -0.6739 0.3131 0.6693
vn -0.5747 0.5880 0.5692
vn -0.5241 -0.2861 0.8022
vn -0.5230 0.2944 0.7999
vn 0.6582 -0.6310 0.4106
vn 0.8000 -0.2949 0.5226
vn 0.5735 -0.5897 0.5687
vn 0.4104 0.6250 0.6641
vn 0.5174 0.2963 0.8028
vn 0.6692 0.3131 0.6738
vn 0.5692 0.5881 0.5746
vn 0.4104 0.6249 0.6641
vn 0.8000 -0.2948 0.5226
vn 0.7999 0.2945 0.5229
vn 0.6717 -0.3095 0.6730
vn 0.4117 -0.6305 -0.6580
vn 0.5225 -0.2971 -0.7992
vn 0.5656 -0.5942 -0.5719
vn 0.6641 0.6250 -0.4103
vn 0.8029 0.2963 -0.5172
vn 0.5749 0.5880 -0.5690
vn 0.6642 0.6250 -0.4102
vn 0.5233 0.2943 -0.7998
vn 0.6741 0.3130 -0.6691
vn 0.5225 -0.2970 -0.7992
vn -0.6674 -0.6165 -0.4177
vn -0.8018 -0.2889 -0.5231
vn -0.5784 -0.5803 -0.5734
vn -0.6675 -0.6165 -0.4177
vn -0.4112 0.6241 -0.6644
vn -0.5181 0.2958 -0.8025
vn -0.5699 0.5867 -0.5753
vn -0.8018 -0.2888 -0.5232
vn -0.8005 0.2935 -0.5226
vn -0.6699 0.3124 -0.6736
vn -0.6716 -0.3044 -0.6755
vn -0.0004 -0.7016 0.7126
vn -0.5782 -0.5807 0.5731
vn -0.0002 0.7055 0.7088
vn -0.4164 0.6227 0.6624
vn 0.9253 0.3793 0.0002
vn 0.9231 -0.3844 0.0004
vn 0.6693 0.3131 0.6739
vn 0.0003 -0.7047 -0.7095
vn -0.0000 0.7049 -0.7093
vn -0.7186 -0.6954 -0.0004
vn -0.4153 -0.6176 -0.6680
vn -0.5200 -0.2843 -0.8054
vn -0.7089 0.7053 -0.0001
vn -0.8004 0.2936 -0.5226
vn 0.5734 -0.5897 0.5687
vn 0.6641 0.6250 -0.4102
vn 0.2093 0.9740 -0.0868
vn 0.2093 -0.9740 -0.0868
vn 0.6717 0.6865 -0.2785
vn 0.0846 0.9753 -0.2039
vn 0.0868 -0.9740 -0.2094
vn 0.2786 0.6862 -0.6719
vn 0.9238 -0.0000 -0.3830
vn 0.3831 -0.0000 -0.9237
vn 0.6366 -0.0000 -0.7712
vn 0.6370 0.0002 -0.7709
vn -0.7711 -0.0002 0.6367
vn -0.7714 -0.0000 0.6363
vn -0.0008 -0.0000 -1.0000
vn 0.6370 -0.0000 -0.7709
vn -0.7070 -0.0000 -0.7072
vn -0.9703 -0.0000 -0.2418
vn -0.0001 0.9799 -0.1996
vn 0.0028 0.9829 -0.1842
vn -0.1412 0.9799 -0.1412
vn -0.1410 0.9799 -0.1411
vn -0.1996 0.9799 -0.0001
vn -0.1842 0.9829 0.0028
vn -0.2418 -0.0000 -0.9703
vn -0.1996 -0.9799 -0.0001
vn -0.1842 -0.9829 0.0028
vn -0.1411 -0.9799 -0.1411
vn -0.0001 -0.9799 -0.1996
vn 0.0028 -0.9829 -0.1842
vn -0.0005 0.7048 -0.7094
vn 0.5638 0.4653 -0.6823
vn -0.4565 0.7636 -0.4566
vn -0.7099 0.7043 -0.0005
vn -0.6832 0.4645 0.5635
vn -0.0868 0.9740 -0.2093
vn -0.0868 -0.9740 -0.2093
vn -0.2785 0.6865 -0.6717
vn -0.2094 0.9740 -0.0868
vn -0.2094 -0.9740 -0.0868
vn -0.6719 0.6862 -0.2786
vn -0.3830 -0.0000 -0.9238
vn -0.9237 -0.0000 -0.3831
vn -0.7711 -0.0064 -0.6367
vn -0.7708 -0.0062 -0.6370
vn 0.6366 0.0051 0.7712
vn 0.6362 0.0053 0.7715
vn -1.0000 -0.0000 0.0008
vn -0.7708 -0.0000 -0.6371
vn -0.7072 -0.0000 0.7070
vn 0.6363 -0.0000 0.7715
vn 0.6362 -0.0000 0.7715
vn -0.2464 -0.0021 0.9692
vn -0.2418 -0.0000 0.9703
vn -0.2041 0.9790 0.0002
vn -0.1881 0.9821 -0.0029
vn -0.1434 0.9792 0.1434
vn -0.1433 0.9792 0.1433
vn -0.0001 0.9799 0.1996
vn 0.0028 0.9829 0.1842
vn -0.9699 -0.0081 0.2433
vn -0.9653 -0.0000 0.2611
vn -0.0001 -0.9799 0.1996
vn 0.0028 -0.9829 0.1842
vn -0.1411 -0.9799 0.1411
vn -0.1996 -0.9799 0.0002
vn -0.1842 -0.9829 -0.0028
vn -0.7094 0.7048 0.0005
vn -0.6823 0.4652 -0.5639
vn -0.4566 0.7636 0.4565
vn -0.0005 0.7043 0.7099
vn 0.5634 0.4646 0.6831
vn 0.5635 0.4645 0.6831
vn -0.2142 0.9727 0.0888
vn -0.2093 -0.9740 0.0868
vn -0.6717 0.6865 0.2785
vn -0.0877 0.9735 0.2114
vn -0.0868 -0.9740 0.2094
vn -0.2786 0.6862 0.6719
vn -0.9238 -0.0000 0.3830
vn -0.3831 -0.0000 0.9237
vn -0.6370 -0.0000 0.7708
vn 0.7715 -0.0000 -0.6363
vn 0.0008 -0.0000 1.0000
vn 0.7070 -0.0000 0.7072
vn 0.9703 -0.0000 0.2418
vn 0.0001 0.9799 0.1996
vn -0.0028 0.9829 0.1842
vn 0.1411 0.9799 0.1411
vn 0.1996 0.9799 0.0001
vn 0.1842 0.9829 -0.0028
vn 0.2418 -0.0000 0.9703
vn 0.1996 -0.9799 0.0001
vn 0.1842 -0.9829 -0.0028
vn 0.1411 -0.9799 0.1411
vn 0.0001 -0.9799 0.1996
vn -0.0028 -0.9829 0.1842
vn 0.0005 0.7048 0.7094
vn -0.5639 0.4653 0.6823
vn 0.4565 0.7636 0.4566
vn 0.7099 0.7043 0.0005
vn 0.6831 0.4646 -0.5635
vn 0.6832 0.4645 -0.5635
vn 0.0868 0.9740 0.2093
vn 0.0868 -0.9740 0.2093
vn 0.2785 0.6865 0.6717
vn 0.2094 0.9740 0.0868
vn 0.2094 -0.9740 0.0868
vn 0.6719 0.6862 0.2786
vn 0.3830 -0.0000 0.9238
vn 0.9237 -0.0000 0.3831
vn 1.0000 -0.0000 -0.0018
vn 1.0000 -0.0000 0.0008
vn 0.7709 -0.0000 -0.6370
vn 0.7072 -0.0000 0.7070
vn 0.0007 -0.0000 1.0000
vn -0.6363 -0.0000 0.7714
vn 0.0023 -0.0000 1.0000
vn 0.0024 -0.0002 1.0000
vn -0.9999 -0.0130 0.0017
vn -1.0000 -0.0002 -0.0000
vn -0.0018 0.0002 -1.0000
vn 0.0003 0.0154 -0.9999
vn 0.7239 -0.6899 -0.0013
vn 0.7094 -0.7048 0.0005
vn 0.6823 -0.4653 -0.5639
vn 0.4566 -0.7636 0.4565
vn 0.0005 -0.7043 0.7099
vn -0.5635 -0.4646 0.6831
vn 0.0017 -0.6899 0.7239
vn 0.0017 -0.6900 0.7238
vn -0.7239 -0.6899 0.0013
vn -0.0013 -0.6899 -0.7239
vn 0.6717 -0.6865 0.2785
vn 0.2786 -0.6862 0.6719
vn 0.9238 -0.0000 0.3830
vn 0.3831 -0.0000 0.9237
vn -0.0007 -0.0001 1.0000
vn 0.6370 0.0081 0.7709
vn 0.6366 0.0084 0.7712
vn -0.7070 -0.0096 0.7071
vn -0.7071 -0.0092 0.7071
vn -0.9999 -0.0132 0.0007
vn -0.7714 -0.0102 -0.6363
vn -0.7711 -0.0099 -0.6367
vn -0.0005 -0.7048 0.7094
vn 0.5638 -0.4653 0.6823
vn -0.4565 -0.7636 0.4566
vn -0.7099 -0.7043 0.0005
vn -0.6832 -0.4645 -0.5635
vn -0.6832 -0.4646 -0.5635
vn -0.2785 -0.6865 0.6717
vn -0.6719 -0.6862 0.2786
vn -0.3830 -0.0053 0.9237
vn -0.3830 -0.0052 0.9237
vn -0.9237 -0.0121 0.3830
vn -1.0000 -0.0000 -0.0008
vn -0.7708 -0.0003 0.6371
vn -0.7711 -0.0000 0.6367
vn -0.7072 -0.0002 -0.7070
vn -0.7071 0.0002 -0.7071
vn -0.0007 0.0001 -1.0000
vn -0.0007 -0.0000 -1.0000
vn 0.6362 -0.0000 -0.7715
vn 0.6366 0.0003 -0.7712
vn -0.7094 -0.7048 -0.0005
vn -0.6823 -0.4652 0.5639
vn -0.4566 -0.7636 -0.4565
vn -0.0005 -0.7043 -0.7099
vn 0.5634 -0.4646 -0.6831
vn 0.5635 -0.4645 -0.6831
vn -0.6717 -0.6865 -0.2785
vn -0.2786 -0.6862 -0.6719
vn -0.9238 -0.0001 -0.3830
vn -0.9237 -0.0001 -0.3830
vn -0.3831 0.0002 -0.9237
vn -0.3830 0.0002 -0.9237
vn 0.0007 0.0156 -0.9999
vn 0.0007 0.0155 -0.9999
vn -0.6370 0.0119 -0.7708
vn -0.6366 0.0122 -0.7711
vn 0.7070 0.0106 -0.7071
vn 0.7053 -0.0000 -0.7089
vn 1.0000 -0.0000 -0.0007
vn 1.0000 -0.0002 -0.0008
vn 0.7714 -0.0101 0.6362
vn 0.7711 -0.0098 0.6366
vn 0.0005 -0.7048 -0.7094
vn -0.5639 -0.4653 -0.6823
vn 0.4565 -0.7636 -0.4566
vn 0.7099 -0.7043 -0.0005
vn 0.6831 -0.4646 0.5635
vn 0.2785 -0.6865 -0.6717
vn 0.6719 -0.6862 -0.2786
vn 0.3829 0.0141 -0.9237
vn 0.3830 0.0142 -0.9236
vn 0.9237 -0.0000 -0.3831
vn -0.8530 0.5220 0.0002
vn -0.8527 0.5224 0.0013
vn -0.8531 0.5217 -0.0000
vn 0.0043 1.0000 -0.0000
vn -0.8525 0.5228 -0.0001
vn -0.8530 0.5219 0.0002
vn -0.8531 0.5217 0.0001
vn -0.8525 0.5227 -0.0002
vn -0.8529 0.5221 0.0001
vn -0.8527 0.5225 -0.0001
vn -0.7964 0.4530 0.4007
vn -0.4023 0.4546 0.7947
vn -0.6508 0.3986 0.6462
vn -0.6515 0.3999 0.6447
vn -1.0000 0.0017 -0.0000
vn -1.0000 0.0002 0.0003
vn -1.0000 0.0022 -0.0009
vn 0.0003 0.5227 0.8525
vn 0.0012 0.5229 0.8524
vn -0.0000 0.5222 0.8528
vn -0.0000 0.5223 0.8528
vn -0.0000 1.0000 -0.0033
vn -0.0000 0.5237 0.8519
vn 0.0001 0.5226 0.8526
vn 0.0002 0.5227 0.8525
vn 0.0002 0.5236 0.8519
vn 0.4006 0.4531 0.7964
vn 0.7946 0.4547 0.4023
vn 0.6463 0.3988 0.6506
vn 0.6450 0.3999 0.6512
vn -0.0003 0.0016 1.0000
vn 0.0003 -0.0013 1.0000
vn -0.0009 0.0022 1.0000
vn 0.8526 0.5226 0.0002
vn 0.8527 0.5224 -0.0000
vn 0.8532 0.5217 -0.0003
vn 0.8526 0.5226 0.0001
vn 0.8531 0.5217 -0.0003
vn 0.8543 0.5198 -0.0010
vn 0.8542 0.5199 -0.0010
vn 0.8522 0.5232 0.0008
vn 0.8524 0.5230 0.0004
vn 0.8525 0.5227 -0.0002
vn 0.9444 0.2666 -0.1922
vn 0.9527 0.2212 0.2085
vn 0.9410 0.1056 0.3215
vn 0.9678 0.1468 -0.2044
vn 0.9445 0.2666 -0.1922
vn 0.9527 0.2213 0.2086
vn 0.9444 0.2667 -0.1922
vn 0.7964 0.4528 -0.4008
vn 0.7964 0.4528 -0.4009
vn 0.9138 0.3106 0.2617
vn 0.9526 0.2213 0.2086
vn 0.9526 0.2212 0.2086
vn 0.9138 0.3106 0.2618
vn 0.5490 0.0426 0.8348
vn 0.5490 0.0426 0.8347
vn 0.9410 0.1056 0.3216
vn 1.0000 0.0023 0.0005
vn 1.0000 0.0022 0.0009
vn 0.5489 0.0426 0.8348
vn 0.9137 0.3107 0.2618
vn 0.2318 -0.0000 0.9728
vn 0.5489 0.0427 0.8348
vn 0.2330 0.0010 0.9725
vn 0.2373 0.0046 0.9714
vn 0.7729 0.3237 -0.5457
vn 0.5482 0.3239 -0.7711
vn 0.4025 0.4531 -0.7954
vn 0.8174 0.1718 -0.5498
vn 0.5509 0.1710 -0.8169
vn 0.5482 0.3238 -0.7711
vn 0.7730 0.3236 -0.5457
vn -0.8318 0.0395 -0.5536
vn -0.9699 -0.0040 -0.2433
vn -0.9690 -0.0009 -0.2469
vn -0.9644 0.0027 -0.2645
vn -0.2611 0.3096 -0.9143
vn -0.8318 0.0396 -0.5536
vn -0.9643 0.0028 -0.2648
vn -0.2098 0.2206 -0.9525
vn -0.2610 0.3096 -0.9143
vn 0.1921 0.2664 -0.9445
vn -0.2099 0.2206 -0.9525
vn 0.6509 0.3983 -0.6463
vn 0.6509 0.3983 -0.6462
vn 0.6517 0.3996 -0.6447
vn 0.7964 0.4527 -0.4009
vn -0.0001 0.5224 -0.8527
vn -0.0009 0.5226 -0.8526
vn 0.0002 0.5221 -0.8529
vn 0.0001 0.5221 -0.8529
vn -0.0000 1.0000 0.0029
vn 0.0001 0.5235 -0.8520
vn -0.0001 0.5225 -0.8527
vn -0.0000 0.5235 -0.8520
vn -0.0002 0.5236 -0.8519
vn -0.4006 0.4531 -0.7964
vn -0.7946 0.4550 -0.4020
vn -0.6464 0.3987 -0.6505
vn -0.6450 0.3999 -0.6512
vn 0.0005 0.0010 -1.0000
vn -0.0000 -0.0013 -1.0000
vn 0.0010 0.0019 -1.0000
vn -0.8318 0.0395 -0.5537
vn -0.2099 0.2205 -0.9525
vn -0.3212 0.1046 -0.9412
vn 1.0000 -0.0000 0.0010
vn 1.0000 -0.0003 0.0003
vn 0.9652 -0.2615 0.0003
vn 0.9655 -0.2603 0.0012
vn -0.0000 -1.0000 -0.0002
vn 0.0001 -1.0000 -0.0000
vn -0.4337 0.9011 -0.0000
vn 0.4337 0.9011 -0.0000
vn 0.2465 0.9367 0.2488
vn -0.2490 0.9367 0.2464
vn 0.0001 0.9010 0.4338
vn -0.2465 0.9366 -0.2489
vn 0.2490 0.9367 -0.2463
vn -0.0001 0.9010 -0.4338
vn -0.2098 0.2205 -0.9525
vn 0.1921 0.2663 -0.9445
vn 0.2043 0.1455 -0.9680
vn 0.9807 -0.0000 -0.1956
vn 0.9415 -0.0001 0.3370
vn 0.9270 -0.2103 0.3106
vn 0.9270 -0.2102 0.3106
vn 0.9493 -0.2451 -0.1969
vn 0.5320 -0.0001 0.8467
vn 0.2372 -0.0001 0.9715
vn 0.2355 0.0128 0.9718
vn 0.5654 -0.0982 0.8190
vn 0.5320 -0.0002 0.8467
vn 0.5321 -0.0001 0.8467
vn 0.5655 -0.0982 0.8189
vn 0.9270 -0.2102 0.3107
vn 0.5558 -0.0000 -0.8313
vn 0.8314 -0.0000 -0.5557
vn 0.8007 -0.2612 -0.5391
vn 0.5393 -0.2611 -0.8006
vn -0.3377 -0.0000 -0.9413
vn 0.1956 -0.0000 -0.9807
vn 0.1970 -0.2449 -0.9493
vn -0.3102 -0.2097 -0.9273
vn -0.9700 -0.0000 -0.2433
vn -0.8454 -0.0000 -0.5341
vn -0.8167 -0.0982 -0.5686
vn -0.8167 -0.0981 -0.5686
vn -0.9699 0.0112 -0.2433
vn -0.3377 -0.0000 -0.9412
vn -0.3102 -0.2097 -0.9272
vn -0.3102 -0.2098 -0.9272
vn -0.8167 -0.0981 -0.5687
vn 0.0013 -0.0000 -1.0000
vn 0.0007 -0.0002 -1.0000
vn 0.8047 -0.5419 -0.2423
vn 0.9493 -0.2452 -0.1969
vn 0.8279 -0.4507 0.3338
vn 0.8047 -0.5420 -0.2423
vn 0.8279 -0.4507 0.3339
vn 0.9270 -0.2103 0.3107
vn 0.5654 -0.0982 0.8189
vn 0.2427 -0.5414 -0.8050
vn 0.5392 -0.2612 -0.8006
vn 0.8007 -0.2613 -0.5391
vn 0.8047 -0.5419 -0.2424
vn 0.1971 -0.2449 -0.9493
vn 0.2426 -0.5413 -0.8050
vn -0.3315 -0.4500 -0.8292
vn -0.3316 -0.4501 -0.8291
vn -0.3316 -0.4500 -0.8292
vn 0.0007 -0.2613 -0.9653
vn 0.0014 -0.2603 -0.9655
vn -1.0000 -0.0001 -0.0006
vn -1.0000 -0.0002 -0.0002
vn -0.9652 -0.2615 -0.0002
vn -0.9655 -0.2602 -0.0011
vn -0.0003 -0.0002 1.0000
vn -0.0003 -0.2615 0.9652
vn -0.0012 -0.2603 0.9655
vn 0.0985 -0.9847 -0.1441
vn 0.1448 -0.9845 -0.0989
vn 0.1546 -0.9860 -0.0620
vn 0.0616 -0.9862 -0.1539
vn 0.1451 0.9844 -0.0993
vn 0.0998 0.9843 -0.1456
vn 0.0619 0.9858 -0.1561
vn 0.1550 0.9860 -0.0621
vn 0.3115 -0.9387 -0.1476
vn -0.3383 -0.9296 -0.1461
vn -0.1011 -0.9800 -0.1712
vn -0.1011 -0.9800 -0.1711
vn 0.1031 -0.9788 -0.1770
vn 0.3116 -0.9387 -0.1475
vn -0.3053 0.9406 -0.1484
vn 0.3447 0.9272 -0.1463
vn 0.1021 0.9797 -0.1726
vn -0.1026 0.9788 -0.1772
vn -0.3053 0.9406 -0.1483
vn 0.1546 -0.9860 -0.0619
vn 0.1746 -0.9841 -0.0338
vn 0.1760 -0.9830 0.0532
vn 0.1745 -0.9811 0.0831
vn 0.1677 -0.9661 0.1965
vn 0.1369 -0.8575 0.4960
vn 0.1684 0.9662 0.1951
vn 0.1759 0.9830 0.0532
vn 0.1743 0.9811 0.0838
vn 0.1357 0.8862 0.4429
vn 0.1759 0.9830 0.0531
vn 0.1749 0.9840 -0.0341
vn -0.3384 -0.9296 -0.1461
vn -0.1940 -0.9665 -0.1678
vn -0.4363 -0.8895 -0.1360
vn -0.4363 -0.8895 -0.1359
vn -0.0529 -0.9832 -0.1748
vn -0.0834 -0.9813 -0.1735
vn -0.0835 -0.9813 -0.1735
vn -0.4362 -0.8895 -0.1360
vn -0.1939 -0.9666 -0.1678
vn -0.0528 -0.9832 -0.1748
vn 0.0337 -0.9842 -0.1737
vn 0.0337 0.9839 -0.1755
vn -0.0529 0.9828 -0.1767
vn -0.0841 0.9808 -0.1762
vn -0.0842 0.9808 -0.1762
vn 0.0338 0.9839 -0.1755
vn -0.0530 0.9828 -0.1767
vn -0.1967 0.9659 -0.1685
vn -0.4950 0.8578 -0.1384
vn -0.4950 0.8578 -0.1385
vn -0.1968 0.9659 -0.1685
vn -0.3054 0.9406 -0.1483
vn -0.1027 0.9788 -0.1772
vn -0.1027 0.9788 -0.1773
vn -0.1968 0.9659 -0.1684
vn 0.1463 0.9273 0.3447
vn 0.1683 0.9662 0.1952
vn 0.1356 0.8862 0.4430
vn 0.1725 0.9797 0.1021
vn 0.1463 0.9273 0.3446
vn 0.1676 -0.9661 0.1966
vn 0.1476 -0.9388 0.3114
vn 0.1771 -0.9788 0.1031
vn 0.1770 -0.9788 0.1031
vn 0.9444 0.2667 -0.1923
vn 0.7730 0.3237 -0.5456
vn 0.5481 0.3239 -0.7711
vn 0.1922 0.2664 -0.9445
vn 0.1452 0.9844 -0.0993
vn 0.9492 -0.2452 -0.1970
vn 0.8007 -0.2613 -0.5390
vn 0.0998 0.9843 -0.1457
vn 0.9678 0.1469 -0.2044
vn 0.8175 0.1718 -0.5498
vn 0.9444 0.2666 -0.1923
vn 0.5509 0.1709 -0.8169
vn 0.2044 0.1456 -0.9680
vn 0.1922 0.2663 -0.9445
vn 0.5481 0.3239 -0.7712
vn 0.8314 -0.0000 -0.5556
vn 0.9493 -0.2451 -0.1970
vn 0.9493 -0.2452 -0.1970
vn 0.8007 -0.2612 -0.5390
vn 0.1957 -0.0000 -0.9807
vn 0.5392 -0.2611 -0.8007
vn 0.1971 -0.2448 -0.9493
vn -0.1923 0.2666 -0.9444
vn 0.2086 0.2212 -0.9527
vn 0.3215 0.1056 -0.9410
vn -0.2044 0.1468 -0.9678
vn -0.1923 0.2667 -0.9444
vn -0.4005 0.4531 -0.7964
vn 0.2618 0.3106 -0.9138
vn 0.2086 0.2212 -0.9526
vn 0.2087 0.2212 -0.9527
vn 0.2619 0.3106 -0.9138
vn 0.8348 0.0426 -0.5489
vn 0.3216 0.1056 -0.9410
vn 0.9728 -0.0000 -0.2318
vn 0.9725 0.0010 -0.2330
vn 0.9715 0.0045 -0.2371
vn -0.5456 0.3241 -0.7728
vn -0.7709 0.3249 -0.5478
vn -0.7709 0.3249 -0.5479
vn -0.4006 0.4532 -0.7964
vn -0.5498 0.1718 -0.8174
vn -0.8169 0.1710 -0.5509
vn -0.7709 0.3248 -0.5479
vn -0.7709 0.3248 -0.5478
vn -0.5457 0.3240 -0.7729
vn -0.5546 0.0402 0.8311
vn -0.2470 -0.0016 0.9690
vn -0.2484 -0.0004 0.9686
vn -0.2485 -0.0003 0.9686
vn -0.2645 0.0026 0.9644
vn -0.9133 0.3110 0.2629
vn -0.9520 0.2218 0.2108
vn -0.9133 0.3111 0.2629
vn -0.9442 0.2676 -0.1921
vn -0.5547 0.0402 0.8311
vn -0.9520 0.2218 0.2109
vn -0.9412 0.1046 0.3212
vn -0.9680 0.1455 -0.2043
vn -0.1956 -0.0000 -0.9807
vn 0.3370 -0.0001 -0.9415
vn 0.3107 -0.2103 -0.9270
vn -0.1969 -0.2451 -0.9493
vn 0.8468 -0.0001 -0.5319
vn 0.9715 -0.0001 -0.2371
vn 0.9718 0.0128 -0.2354
vn 0.8190 -0.0983 -0.5654
vn 0.8468 -0.0001 -0.5320
vn 0.3371 -0.0001 -0.9415
vn 0.8467 -0.0001 -0.5320
vn 0.8189 -0.0983 -0.5654
vn 0.8189 -0.0982 -0.5654
vn 0.3107 -0.2103 -0.9269
vn -0.8313 -0.0000 -0.5558
vn -0.5557 -0.0000 -0.8314
vn -0.5391 -0.2613 -0.8007
vn -0.8006 -0.2612 -0.5392
vn -0.9413 -0.0000 0.3377
vn -0.9807 -0.0000 -0.1956
vn -0.9493 -0.2449 -0.1970
vn -0.9272 -0.2098 0.3102
vn -0.2462 -0.0000 0.9692
vn -0.5355 -0.0000 0.8445
vn -0.5687 -0.0982 0.8167
vn -0.2433 0.0112 0.9699
vn -0.2464 -0.0000 0.9692
vn -0.9412 -0.0000 0.3378
vn -0.5687 -0.0982 0.8166
vn -0.5356 -0.0000 0.8445
vn -0.2422 -0.5420 -0.8047
vn -0.1969 -0.2452 -0.9493
vn 0.3342 -0.4508 -0.8277
vn 0.3342 -0.4507 -0.8278
vn 0.3342 -0.4507 -0.8277
vn -0.8049 -0.5415 -0.2426
vn -0.8006 -0.2613 -0.5392
vn -0.5390 -0.2613 -0.8007
vn -0.2423 -0.5421 -0.8047
vn -0.8050 -0.5415 -0.2426
vn -0.9493 -0.2450 -0.1970
vn -0.8291 -0.4501 0.3316
vn -0.9272 -0.2099 0.3102
vn -0.1440 -0.9847 -0.0985
vn -0.0989 -0.9845 -0.1448
vn -0.0620 -0.9860 -0.1546
vn -0.1538 -0.9862 -0.0616
vn -0.1441 -0.9847 -0.0985
vn -0.0993 0.9844 -0.1451
vn -0.1456 0.9843 -0.0998
vn -0.1561 0.9858 -0.0619
vn -0.0621 0.9860 -0.1550
vn -0.1480 -0.9385 -0.3120
vn -0.1457 -0.9314 0.3337
vn -0.1705 -0.9802 0.1010
vn -0.1773 -0.9787 -0.1031
vn -0.1479 -0.9385 -0.3120
vn -0.1482 0.9422 0.3004
vn -0.1467 0.9275 -0.3438
vn -0.1728 0.9796 -0.1021
vn -0.1729 0.9796 -0.1021
vn -0.1771 0.9788 0.1027
vn -0.0619 -0.9860 -0.1546
vn -0.0338 -0.9841 -0.1746
vn 0.0532 -0.9830 -0.1760
vn 0.0831 -0.9811 -0.1745
vn 0.1965 -0.9661 -0.1677
vn 0.4962 -0.8574 -0.1369
vn 0.1951 0.9662 -0.1684
vn 0.0532 0.9830 -0.1759
vn 0.0838 0.9811 -0.1743
vn 0.4431 0.8861 -0.1357
vn 0.0531 0.9830 -0.1759
vn -0.0341 0.9840 -0.1749
vn -0.1457 -0.9313 0.3338
vn -0.1679 -0.9666 0.1936
vn -0.1359 -0.8917 0.4317
vn -0.1679 -0.9666 0.1935
vn -0.1748 -0.9832 0.0529
vn -0.1735 -0.9813 0.0835
vn -0.1359 -0.8918 0.4316
vn -0.1748 -0.9832 0.0528
vn -0.1737 -0.9842 -0.0337
vn -0.1539 -0.9862 -0.0616
vn -0.1735 -0.9813 0.0834
vn -0.1754 0.9839 -0.0337
vn -0.1767 0.9828 0.0529
vn -0.1762 0.9808 0.0841
vn -0.1762 0.9808 0.0842
vn -0.1754 0.9839 -0.0338
vn -0.1684 0.9659 0.1965
vn -0.1385 0.8577 0.4952
vn -0.1684 0.9659 0.1966
vn -0.1482 0.9422 0.3005
vn -0.1772 0.9788 0.1028
vn -0.1385 0.8576 0.4952
vn 0.3448 0.9272 -0.1463
vn 0.1952 0.9662 -0.1683
vn 0.4432 0.8861 -0.1357
vn 0.3449 0.9272 -0.1463
vn 0.1966 -0.9661 -0.1676
vn 0.1032 -0.9788 -0.1770
vn 0.4962 -0.8573 -0.1369
vn 0.1965 -0.9661 -0.1676
vn -0.1924 0.2666 -0.9444
vn -0.5456 0.3240 -0.7729
vn -0.7710 0.3249 -0.5478
vn -0.1970 -0.2452 -0.9492
vn -0.2423 -0.5420 -0.8047
vn -0.5390 -0.2614 -0.8007
vn -0.9493 -0.2450 -0.1971
vn -0.2044 0.1469 -0.9678
vn -0.5498 0.1718 -0.8175
vn -0.8169 0.1709 -0.5509
vn -0.9680 0.1456 -0.2044
vn -0.9442 0.2676 -0.1922
vn -0.7710 0.3248 -0.5478
vn -0.5556 -0.0000 -0.8314
vn -0.1970 -0.2451 -0.9493
vn -0.1970 -0.2452 -0.9493
vn -0.5390 -0.2613 -0.8008
vn -0.9807 -0.0000 -0.1957
vn -0.9493 -0.2449 -0.1971
vn -0.9444 0.2666 0.1923
vn -0.9527 0.2212 -0.2086
vn -0.9410 0.1056 -0.3215
vn -0.9678 0.1468 0.2044
vn -0.7964 0.4530 0.4006
vn -0.9138 0.3106 -0.2618
vn -0.9526 0.2212 -0.2086
vn -0.9138 0.3106 -0.2619
vn -0.5491 0.0428 -0.8347
vn -0.9410 0.1056 -0.3216
vn -0.5490 0.0427 -0.8347
vn -0.2318 -0.0000 -0.9728
vn -0.2331 0.0011 -0.9724
vn -0.5490 0.0428 -0.8347
vn -0.2377 0.0050 -0.9713
vn -0.7728 0.3240 0.5456
vn -0.5479 0.3246 0.7710
vn -0.8174 0.1718 0.5498
vn -0.5509 0.1710 0.8169
vn -0.5479 0.3245 0.7710
vn -0.7729 0.3240 0.5457
vn 0.8320 0.0395 0.5534
vn 0.9701 -0.0040 0.2427
vn 0.9692 -0.0009 0.2463
vn 0.9692 -0.0008 0.2464
vn 0.9644 0.0028 0.2645
vn 0.2628 0.3114 0.9132
vn 0.2117 0.2216 0.9519
vn -0.4022 0.4546 0.7947
vn -0.1920 0.2675 0.9442
vn 0.2629 0.3114 0.9132
vn 0.2118 0.2216 0.9519
vn 0.2117 0.2215 0.9519
vn 0.3212 0.1046 0.9412
vn 0.8320 0.0396 0.5534
vn -0.1920 0.2674 0.9443
vn -0.2043 0.1455 0.9680
vn -0.9807 -0.0000 0.1956
vn -0.9415 -0.0001 -0.3370
vn -0.9270 -0.2102 -0.3106
vn -0.9493 -0.2451 0.1969
vn -0.5324 -0.0001 -0.8465
vn -0.2380 -0.0002 -0.9713
vn -0.2363 0.0127 -0.9716
vn -0.2363 0.0128 -0.9716
vn -0.5657 -0.0982 -0.8188
vn -0.5324 -0.0002 -0.8465
vn -0.9415 -0.0001 -0.3371
vn -0.5325 -0.0001 -0.8465
vn -0.5658 -0.0981 -0.8187
vn -0.9270 -0.2102 -0.3107
vn -0.5558 -0.0000 0.8313
vn -0.8314 -0.0000 0.5557
vn -0.8007 -0.2613 0.5391
vn -0.8007 -0.2613 0.5390
vn -0.5393 -0.2612 0.8006
vn 0.3377 -0.0000 0.9413
vn -0.1956 -0.0000 0.9807
vn -0.1970 -0.2449 0.9493
vn 0.3102 -0.2098 0.9272
vn 0.9700 -0.0000 0.2433
vn 0.8454 -0.0000 0.5341
vn 0.8167 -0.0982 0.5686
vn 0.9699 0.0111 0.2433
vn 0.3378 -0.0000 0.9412
vn 0.8167 -0.0982 0.5687
vn -0.8047 -0.5419 0.2423
vn -0.9493 -0.2452 0.1969
vn -0.9270 -0.2103 -0.3106
vn -0.9270 -0.2103 -0.3107
vn -0.8280 -0.4506 -0.3337
vn -0.8047 -0.5420 0.2423
vn -0.5657 -0.0981 -0.8187
vn -0.5658 -0.0982 -0.8187
vn -0.8280 -0.4506 -0.3338
vn -0.2426 -0.5415 0.8049
vn -0.5392 -0.2612 0.8006
vn -0.8047 -0.5419 0.2424
vn -0.2427 -0.5415 0.8049
vn -0.1970 -0.2450 0.9493
vn -0.2426 -0.5415 0.8050
vn 0.3315 -0.4502 0.8291
vn 0.3102 -0.2099 0.9272
vn 0.9699 0.0112 0.2433
vn 0.3316 -0.4502 0.8291
vn 0.8167 -0.0983 0.5687
vn -0.0985 -0.9847 0.1440
vn -0.1448 -0.9845 0.0989
vn -0.1546 -0.9860 0.0620
vn -0.0616 -0.9862 0.1538
vn -0.0985 -0.9847 0.1441
vn -0.1451 0.9844 0.0993
vn -0.0998 0.9843 0.1456
vn -0.0619 0.9858 0.1561
vn -0.0620 0.9858 0.1561
vn -0.1550 0.9860 0.0621
vn -0.3124 -0.9384 0.1477
vn 0.3389 -0.9294 0.1462
vn 0.1012 -0.9800 0.1715
vn 0.1013 -0.9800 0.1714
vn -0.1032 -0.9787 0.1772
vn 0.3053 0.9406 0.1483
vn -0.3454 0.9269 0.1465
vn -0.1022 0.9796 0.1728
vn 0.1027 0.9788 0.1772
vn -0.1546 -0.9860 0.0619
vn -0.1746 -0.9841 0.0338
vn -0.1760 -0.9830 -0.0532
vn -0.1745 -0.9811 -0.0831
vn -0.1677 -0.9660 -0.1965
vn -0.1373 -0.8586 -0.4939
vn -0.1745 -0.9811 -0.0832
vn -0.1760 -0.9829 -0.0532
vn -0.1684 0.9662 -0.1950
vn -0.1759 0.9830 -0.0532
vn -0.1743 0.9811 -0.0838
vn -0.1360 0.8866 -0.4420
vn -0.1759 0.9830 -0.0531
vn -0.1749 0.9840 0.0341
vn 0.3390 -0.9294 0.1462
vn 0.1940 -0.9665 0.1678
vn 0.4370 -0.8891 0.1360
vn 0.4369 -0.8892 0.1360
vn 0.0529 -0.9832 0.1748
vn 0.0834 -0.9813 0.1735
vn 0.0835 -0.9813 0.1735
vn 0.0528 -0.9832 0.1748
vn -0.0337 -0.9842 0.1737
vn -0.0616 -0.9862 0.1539
vn -0.0338 0.9839 0.1755
vn 0.0529 0.9828 0.1767
vn 0.0841 0.9808 0.1762
vn 0.0530 0.9828 0.1767
vn 0.1967 0.9659 0.1685
vn 0.4950 0.8578 0.1384
vn 0.4950 0.8578 0.1385
vn 0.0842 0.9808 0.1762
vn 0.3054 0.9406 0.1483
vn 0.1027 0.9788 0.1773
vn 0.1967 0.9659 0.1684
vn -0.1684 0.9662 -0.1951
vn -0.1360 0.8866 -0.4421
vn -0.1479 -0.9385 -0.3121
vn -0.1677 -0.9661 -0.1965
vn -0.9444 0.2666 0.1924
vn -0.7729 0.3240 0.5456
vn -0.1921 0.2675 0.9442
vn -0.1452 0.9844 0.0993
vn -0.9493 -0.2452 0.1970
vn -0.0338 0.9839 0.1754
vn -0.1971 -0.2450 0.9493
vn -0.9678 0.1469 0.2044
vn -0.8175 0.1718 0.5498
vn -0.5509 0.1709 0.8169
vn -0.2044 0.1456 0.9680
vn -0.1921 0.2674 0.9442
vn -0.5479 0.3245 0.7711
vn -0.8314 -0.0000 0.5556
vn -0.9493 -0.2451 0.1970
vn -0.8007 -0.2612 0.5390
vn -0.1957 -0.0000 0.9807
vn -0.5392 -0.2612 0.8007
vn -0.1971 -0.2449 0.9493
vn 0.1923 0.2666 0.9444
vn -0.2086 0.2212 0.9527
vn -0.3215 0.1056 0.9410
vn 0.2044 0.1468 0.9678
vn 0.4005 0.4531 0.7964
vn -0.2618 0.3106 0.9138
vn -0.2086 0.2212 0.9526
vn -0.2087 0.2212 0.9527
vn -0.2619 0.3105 0.9138
vn -0.8349 0.0425 0.5488
vn -0.8348 0.0425 0.5488
vn -0.3216 0.1056 0.9410
vn -0.2619 0.3106 0.9138
vn -0.9728 -0.0000 0.2318
vn -0.9725 0.0009 0.2329
vn -0.9716 0.0041 0.2367
vn 0.5456 0.3240 0.7728
vn 0.7710 0.3246 0.5479
vn 0.5498 0.1718 0.8174
vn 0.8169 0.1710 0.5509
vn 0.7710 0.3245 0.5479
vn 0.5457 0.3240 0.7729
vn 0.5534 0.0395 -0.8320
vn 0.2427 -0.0040 -0.9701
vn 0.2463 -0.0009 -0.9692
vn 0.2464 -0.0009 -0.9692
vn 0.2645 0.0028 -0.9644
vn 0.9132 0.3114 -0.2628
vn 0.9519 0.2216 -0.2117
vn 0.9443 0.2674 0.1920
vn 0.9132 0.3114 -0.2629
vn 0.9519 0.2216 -0.2118
vn 0.9519 0.2215 -0.2118
vn 0.9412 0.1046 -0.3212
vn 0.5535 0.0395 -0.8319
vn 0.9519 0.2215 -0.2117
vn 0.9680 0.1455 0.2043
vn 0.1956 -0.0000 0.9807
vn -0.3370 -0.0001 0.9415
vn -0.3106 -0.2103 0.9270
vn -0.3106 -0.2102 0.9270
vn 0.1969 -0.2451 0.9493
vn -0.8469 -0.0002 0.5317
vn -0.9716 -0.0001 0.2365
vn -0.9718 0.0128 0.2355
vn -0.8189 -0.0982 0.5654
vn -0.8469 -0.0001 0.5317
vn -0.3371 -0.0001 0.9415
vn -0.8469 -0.0001 0.5318
vn -0.8189 -0.0982 0.5655
vn -0.3107 -0.2102 0.9270
vn 0.8313 -0.0000 0.5558
vn 0.5557 -0.0000 0.8314
vn 0.5391 -0.2613 0.8007
vn 0.8006 -0.2612 0.5393
vn 0.9413 -0.0000 -0.3377
vn 0.9807 -0.0000 0.1956
vn 0.9493 -0.2449 0.1970
vn 0.9272 -0.2098 -0.3102
vn 0.2433 -0.0000 -0.9700
vn 0.5341 -0.0000 -0.8454
vn 0.5686 -0.0982 -0.8167
vn 0.2433 0.0111 -0.9699
vn 0.9412 -0.0000 -0.3378
vn 0.5687 -0.0982 -0.8167
vn 0.2423 -0.5420 0.8047
vn 0.1969 -0.2452 0.9492
vn -0.3338 -0.4507 0.8279
vn -0.3339 -0.4507 0.8279
vn -0.3107 -0.2103 0.9270
vn 0.8049 -0.5415 0.2426
vn 0.8006 -0.2612 0.5392
vn 0.5390 -0.2613 0.8007
vn 0.2424 -0.5419 0.8047
vn 0.8049 -0.5415 0.2427
vn 0.9493 -0.2450 0.1970
vn 0.8050 -0.5415 0.2426
vn 0.8291 -0.4502 -0.3315
vn 0.9272 -0.2099 -0.3102
vn 0.8291 -0.4502 -0.3316
vn 0.1440 -0.9847 0.0985
vn 0.0989 -0.9845 0.1448
vn 0.0620 -0.9860 0.1546
vn 0.1538 -0.9862 0.0616
vn 0.1441 -0.9847 0.0985
vn 0.0993 0.9844 0.1451
vn 0.1456 0.9843 0.0998
vn 0.1561 0.9858 0.0619
vn 0.0621 0.9860 0.1550
vn 0.1476 -0.9388 0.3113
vn 0.1462 -0.9294 -0.3389
vn 0.1714 -0.9800 -0.1012
vn 0.1483 0.9406 -0.3054
vn 0.1726 0.9797 0.1021
vn 0.1772 0.9788 -0.1027
vn 0.1483 0.9406 -0.3053
vn 0.0619 -0.9860 0.1546
vn 0.0338 -0.9841 0.1746
vn -0.0532 -0.9830 0.1760
vn -0.0831 -0.9811 0.1745
vn -0.1966 -0.9660 0.1677
vn -0.4960 -0.8574 0.1369
vn -0.0832 -0.9811 0.1745
vn -0.0532 -0.9829 0.1760
vn -0.1952 0.9662 0.1684
vn -0.0532 0.9830 0.1759
vn -0.0838 0.9811 0.1743
vn -0.4438 0.8858 0.1357
vn -0.0531 0.9830 0.1759
vn 0.0341 0.9840 0.1749
vn 0.1462 -0.9293 -0.3390
vn 0.1678 -0.9665 -0.1941
vn 0.1360 -0.8891 -0.4370
vn 0.1714 -0.9800 -0.1013
vn 0.1678 -0.9665 -0.1940
vn 0.1748 -0.9832 -0.0529
vn 0.1735 -0.9813 -0.0834
vn 0.1735 -0.9813 -0.0835
vn 0.1748 -0.9832 -0.0528
vn 0.1737 -0.9842 0.0337
vn 0.1539 -0.9862 0.0616
vn 0.1755 0.9839 0.0338
vn 0.1767 0.9828 -0.0529
vn 0.1762 0.9808 -0.0841
vn 0.1762 0.9808 -0.0842
vn 0.1767 0.9828 -0.0530
vn 0.1685 0.9659 -0.1967
vn 0.1384 0.8578 -0.4951
vn 0.1385 0.8578 -0.4951
vn 0.1773 0.9788 -0.1027
vn 0.1385 0.8577 -0.4951
vn 0.1684 0.9659 -0.1967
vn -0.3455 0.9269 0.1465
vn -0.1952 0.9662 0.1683
vn -0.4439 0.8857 0.1357
vn -0.3125 -0.9384 0.1477
vn -0.1033 -0.9787 0.1772
vn -0.4961 -0.8574 0.1369
vn -0.1966 -0.9660 0.1676
vn 0.1924 0.2666 0.9444
vn 0.5456 0.3240 0.7729
vn 0.9442 0.2675 0.1921
vn 0.1970 -0.2452 0.9492
vn 0.1457 0.9843 0.0998
vn 0.9493 -0.2450 0.1971
vn 0.2044 0.1469 0.9678
vn 0.5498 0.1718 0.8175
vn 0.8169 0.1709 0.5509
vn 0.9680 0.1456 0.2044
vn 0.9442 0.2674 0.1921
vn 0.7711 0.3245 0.5479
vn 0.5556 -0.0000 0.8314
vn 0.1957 -0.0000 0.9807
vn 0.1970 -0.2451 0.9493
vn 0.1970 -0.2452 0.9493
vn 0.5390 -0.2612 0.8007
vn 0.9807 -0.0000 0.1957
vn 0.8007 -0.2612 0.5392
vn 0.9493 -0.2449 0.1971
vn -1.0000 -0.0001 0.0004
vn -1.0000 0.0001 -0.0000
vn -1.0000 -0.0000 0.0002
vn -1.0000 -0.0002 0.0007
vn -0.7072 -0.0000 -0.7070
vn -0.7072 -0.0000 -0.7071
vn -0.0000 0.0001 -1.0000
vn 1.0000 0.0001 0.0003
vn 1.0000 -0.0000 0.0002
vn 0.7071 -0.0000 0.7071
vn -0.7074 -0.0001 0.7068
vn -0.7076 -0.0000 0.7066
vn -0.7075 -0.0000 0.7067
vn 0.7071 0.0001 -0.7071
vn -0.9239 -0.0003 0.3826
vn -0.9242 -0.0003 0.3820
vn -0.9242 -0.0002 -0.3820
vn -0.9239 -0.0002 -0.3825
vn -0.3840 -0.0002 -0.9233
vn -0.3827 -0.0001 -0.9239
vn 0.3813 -0.0002 -0.9244
vn 0.9239 -0.0001 -0.3826
vn 0.9237 -0.0002 -0.3831
vn 0.9236 -0.0002 0.3833
vn 0.9238 -0.0003 0.3828
vn 0.3814 -0.0002 0.9244
vn 0.3827 -0.0003 0.9239
vn -0.3843 -0.0002 0.9232
vn -0.3829 -0.0003 0.9238
vn 0.3817 -0.7505 -0.5395
vn 0.1123 -0.7515 -0.6502
vn 0.0987 -0.5310 -0.8416
vn 0.3534 -0.7544 -0.5531
vn 0.3816 -0.7505 -0.5395
vn 0.1122 -0.7514 -0.6502
vn -0.1109 -0.7522 -0.6495
vn -0.0990 -0.5321 -0.8409
vn -0.0991 -0.5321 -0.8409
vn 0.0987 -0.5311 -0.8416
vn -0.1110 -0.7522 -0.6495
vn -0.3785 -0.7540 -0.5369
vn -0.3524 -0.7573 -0.5498
vn -0.3786 -0.7540 -0.5369
vn -0.5352 -0.7551 -0.3787
vn -0.5487 -0.7589 -0.3507
vn -0.3525 -0.7573 -0.5498
vn -0.5352 -0.7551 -0.3786
vn -0.6452 -0.7559 -0.1110
vn -0.8393 -0.5348 -0.0979
vn -0.5353 -0.7551 -0.3786
vn -0.6453 -0.7559 -0.1109
vn -0.6463 -0.7550 0.1111
vn -0.8394 -0.5346 0.0985
vn -0.6463 -0.7550 0.1112
vn -0.5356 -0.7549 0.3785
vn -0.5488 -0.7586 0.3511
vn -0.5489 -0.7586 0.3511
vn -0.3791 -0.7539 0.5365
vn -0.3521 -0.7576 0.5497
vn -0.5488 -0.7586 0.3512
vn -0.3790 -0.7539 0.5366
vn -0.1112 -0.7532 0.6483
vn -0.0988 -0.5328 0.8405
vn 0.1118 -0.7526 0.6489
vn 0.0986 -0.5327 0.8405
vn -0.0987 -0.5328 0.8405
vn 0.1119 -0.7526 0.6489
vn 0.3806 -0.7520 0.5382
vn 0.3527 -0.7558 0.5517
vn 0.3807 -0.7520 0.5382
vn 0.5385 -0.7518 0.3805
vn 0.5517 -0.7554 0.3534
vn 0.5518 -0.7554 0.3534
vn 0.3528 -0.7558 0.5517
vn 0.5385 -0.7519 0.3804
vn 0.6503 -0.7514 0.1115
vn 0.8417 -0.5308 0.0992
vn 0.6514 -0.7504 -0.1120
vn 0.8421 -0.5302 -0.0990
vn 0.8417 -0.5308 0.0991
vn 0.6514 -0.7504 -0.1121
vn 0.5400 -0.7501 -0.3816
vn 0.5535 -0.7539 -0.3540
vn 0.5400 -0.7501 -0.3817
vn 0.3535 -0.7544 -0.5531
vn 0.5534 -0.7539 -0.3540
vn 0.7070 0.0006 -0.7072
vn 0.7071 -0.0005 -0.7071
vn 0.7072 -0.0006 -0.7071
vn 0.7070 0.0004 -0.7072
vn 1.0000 -0.0003 -0.0002
vn 1.0000 -0.0001 -0.0001
vn 1.0000 0.0014 0.0002
vn 0.9239 -0.0005 -0.3827
vn 0.3827 0.0005 -0.9239
vn 0.3820 -0.0003 -0.9242
vn 0.7072 0.0007 0.7070
vn 0.7071 -0.0002 0.7071
vn 0.7071 -0.0004 0.7072
vn 0.7072 0.0006 0.7070
vn -0.0987 -0.5327 0.8405
vn -0.0000 -0.0019 1.0000
vn -0.0000 -0.0020 1.0000
vn -0.0002 -0.0012 1.0000
vn -0.0988 -0.5327 0.8405
vn 0.3827 -0.0015 0.9239
vn 0.9239 0.0017 0.3827
vn 0.9241 0.0012 0.3821
vn -0.7070 -0.0022 0.7072
vn -0.7071 -0.0031 0.7071
vn -0.7072 -0.0033 0.7071
vn -0.7070 -0.0024 0.7072
vn -1.0000 -0.0028 0.0004
vn -1.0000 -0.0024 0.0003
vn -1.0000 -0.0001 -0.0002
vn -0.8393 -0.5347 -0.0980
vn -0.9239 -0.0033 0.3827
vn -0.3827 -0.0018 0.9239
vn -0.7071 -0.0005 -0.7071
vn -0.7071 -0.0011 -0.7072
vn -0.7071 -0.0008 -0.7071
vn -0.7072 -0.0001 -0.7070
vn 0.0001 -0.0008 -1.0000
vn 0.0002 -0.0003 -1.0000
vn -0.3827 -0.0011 -0.9239
vn -0.9239 -0.0000 -0.3826
vn -0.0730 0.9021 -0.4252
vn 0.0721 0.9021 -0.4255
vn 0.0914 0.9037 -0.4183
vn -0.0915 0.9037 -0.4183
vn -0.0730 0.9022 -0.4252
vn -0.3517 0.9022 -0.2498
vn -0.2493 0.9021 -0.3522
vn -0.2311 0.9037 -0.3604
vn -0.3602 0.9038 -0.2311
vn -0.3517 0.9022 -0.2497
vn -0.4639 -0.7545 -0.4642
vn 0.0327 -0.9783 -0.2045
vn -0.0341 -0.9780 -0.2056
vn -0.0447 -0.9786 -0.2010
vn 0.0449 -0.9790 -0.1988
vn -0.1255 -0.9772 -0.1715
vn -0.1749 -0.9766 -0.1248
vn -0.1791 -0.9771 -0.1149
vn -0.1104 -0.9781 -0.1764
vn -0.0731 0.9021 -0.4252
vn -0.0916 0.9037 -0.4183
vn -0.2310 0.9037 -0.3604
vn -0.4248 0.9023 -0.0736
vn -0.4182 0.9037 -0.0914
vn -0.3826 0.0149 -0.9238
vn -0.9238 0.0150 -0.3826
vn -0.5848 -0.7741 -0.2423
vn -0.5848 -0.7741 -0.2422
vn -0.1254 -0.9772 -0.1715
vn -0.2184 -0.9753 -0.0331
vn -0.2101 -0.9764 -0.0490
vn 0.3827 -0.0064 -0.9239
vn -0.3827 -0.0063 -0.9239
vn -0.9239 -0.0064 -0.3827
vn -0.3827 -0.0000 -0.9239
vn -0.9256 -0.0000 -0.3784
vn -0.0001 -0.9859 -0.1673
vn -0.0000 -0.9856 -0.1689
vn 0.0640 -0.9859 -0.1546
vn -0.0001 0.9856 -0.1689
vn -0.0000 0.9859 -0.1673
vn -0.0647 0.9856 -0.1561
vn -0.1194 0.9856 -0.1195
vn -0.1546 0.9859 -0.0640
vn -0.1565 0.9856 -0.0640
vn -0.1561 -0.9856 -0.0647
vn -0.1548 -0.9859 -0.0633
vn -0.1194 -0.9856 -0.1195
vn -0.0647 -0.9856 -0.1561
vn -0.0002 -0.7050 -0.7092
vn -0.0009 -0.6989 -0.7152
vn -0.5014 -0.7050 -0.5017
vn -0.5013 -0.7050 -0.5016
vn -0.6249 -0.7342 -0.2653
vn -0.6328 -0.7286 -0.2621
vn -0.2598 -0.7342 -0.6272
vn 0.2621 -0.7286 -0.6328
vn 0.2621 -0.7287 -0.6327
vn 0.4252 0.9021 -0.0730
vn 0.4252 0.9022 0.0728
vn 0.4183 0.9037 0.0914
vn 0.4183 0.9037 -0.0915
vn 0.4252 0.9022 -0.0730
vn 0.2754 0.8947 -0.3518
vn 0.3519 0.8945 -0.2757
vn 0.3606 0.9037 -0.2311
vn 0.2311 0.9037 -0.3605
vn 0.2117 -0.9767 0.0355
vn 0.2100 -0.9772 -0.0326
vn 0.2028 -0.9781 -0.0467
vn 0.2075 -0.9771 0.0460
vn 0.2117 -0.9767 0.0354
vn 0.1695 -0.9781 -0.1212
vn 0.1214 -0.9783 -0.1677
vn 0.1088 -0.9790 -0.1723
vn 0.1738 -0.9786 -0.1105
vn 0.1695 -0.9781 -0.1211
vn 0.3519 0.8945 -0.2756
vn 0.4252 0.9021 -0.0731
vn 0.4183 0.9037 -0.0916
vn 0.3606 0.9037 -0.2310
vn 0.0722 0.9021 -0.4255
vn 0.2753 0.8947 -0.3518
vn 0.0914 0.9037 -0.4182
vn 0.9238 0.0149 -0.3826
vn 0.3826 0.0150 -0.9238
vn 0.2027 -0.9781 -0.0467
vn 0.9239 -0.0063 -0.3827
vn 0.3827 0.0051 -0.9239
vn 0.3784 -0.0000 -0.9256
vn 0.1673 -0.9859 -0.0001
vn 0.1690 -0.9856 -0.0000
vn 0.1689 0.9856 -0.0001
vn 0.1673 0.9859 -0.0000
vn 0.1561 0.9856 -0.0647
vn 0.1561 0.9856 -0.0646
vn 0.1195 0.9856 -0.1194
vn 0.0640 0.9859 -0.1546
vn 0.0640 0.9856 -0.1565
vn 0.1195 -0.9856 -0.1194
vn 0.1183 -0.9859 -0.1183
vn 0.1561 -0.9856 -0.0647
vn 0.7092 -0.7050 -0.0002
vn 0.7152 -0.6989 -0.0009
vn 0.5058 -0.6990 -0.5055
vn 0.5020 -0.7051 -0.5008
vn 0.6273 -0.7342 -0.2598
vn -0.4249 0.9022 0.0739
vn -0.4183 0.9037 -0.0914
vn -0.4182 0.9037 0.0916
vn -0.4249 0.9022 0.0738
vn -0.2759 0.8946 0.3515
vn -0.3517 0.8945 0.2760
vn -0.3604 0.9038 0.2309
vn -0.2311 0.9037 0.3604
vn -0.2759 0.8946 0.3514
vn -0.6490 -0.7608 0.0002
vn -0.4554 -0.7651 0.4552
vn -0.2208 -0.9746 0.0366
vn -0.2159 -0.9752 0.0480
vn -0.1844 -0.9735 0.1351
vn -0.1348 -0.9733 0.1858
vn -0.1210 -0.9741 0.1909
vn -0.1896 -0.9747 0.1185
vn -0.4181 0.9037 0.0916
vn -0.0729 0.9022 0.4252
vn -0.0914 0.9037 0.4182
vn -0.9238 0.0149 0.3826
vn -0.3826 0.0150 0.9238
vn -0.5790 -0.7793 0.2398
vn -0.2388 -0.7815 0.5764
vn -0.1897 -0.9747 0.1185
vn -0.2159 -0.9752 0.0481
vn -0.0361 -0.9734 0.2264
vn -0.0502 -0.9742 0.2200
vn -0.9239 -0.0063 0.3827
vn -0.3827 -0.0064 0.9239
vn -0.3784 -0.0000 0.9256
vn -0.1673 -0.9859 0.0001
vn -0.1690 -0.9856 -0.0000
vn -0.1689 0.9856 0.0001
vn -0.1673 0.9859 -0.0000
vn -0.1561 0.9856 0.0647
vn -0.1561 0.9856 0.0646
vn -0.1195 0.9856 0.1194
vn -0.0640 0.9859 0.1546
vn -0.0640 0.9856 0.1565
vn -0.0647 -0.9856 0.1561
vn -0.0633 -0.9859 0.1548
vn -0.1195 -0.9856 0.1194
vn -0.1561 -0.9856 0.0647
vn -0.7092 -0.7050 0.0002
vn -0.7152 -0.6989 0.0009
vn -0.5017 -0.7050 0.5014
vn -0.5016 -0.7050 0.5013
vn -0.2653 -0.7342 0.6249
vn -0.2621 -0.7286 0.6328
vn -0.6273 -0.7342 0.2598
vn 0.0718 0.9020 0.4256
vn -0.0728 0.9022 0.4252
vn -0.0914 0.9037 0.4183
vn 0.0915 0.9036 0.4185
vn 0.3523 0.9021 0.2491
vn 0.2484 0.9021 0.3528
vn 0.2313 0.9036 0.3607
vn 0.3604 0.9037 0.2311
vn 0.0349 -0.9735 0.2259
vn 0.0503 -0.9747 0.2179
vn -0.0360 -0.9734 0.2264
vn 0.1302 -0.9746 0.1820
vn 0.1780 -0.9752 0.1312
vn 0.1831 -0.9764 0.1147
vn 0.1187 -0.9752 0.1866
vn 0.2483 0.9021 0.3528
vn 0.0719 0.9020 0.4256
vn 0.4251 0.9022 0.0729
vn 0.4182 0.9037 0.0914
vn 0.4252 0.9022 0.0729
vn 0.3826 0.0150 0.9238
vn 0.3826 0.0149 0.9238
vn 0.9238 0.0150 0.3826
vn 0.1187 -0.9752 0.1867
vn 0.1780 -0.9752 0.1311
vn 0.2075 -0.9771 0.0461
vn 0.3827 -0.0063 0.9239
vn 0.9239 -0.0064 0.3827
vn 0.3827 -0.0000 0.9239
vn 0.9256 -0.0000 0.3784
vn 0.0001 -0.9859 0.1673
vn -0.0000 -0.9856 0.1690
vn 0.0001 0.9856 0.1689
vn -0.0000 0.9859 0.1673
vn 0.0647 0.9856 0.1561
vn 0.1194 0.9856 0.1195
vn 0.1546 0.9859 0.0640
vn 0.1565 0.9856 0.0640
vn 0.1561 -0.9856 0.0647
vn 0.1548 -0.9859 0.0633
vn 0.1194 -0.9856 0.1195
vn 0.0647 -0.9856 0.1561
vn 0.0002 -0.7050 0.7092
vn 0.0009 -0.6989 0.7152
vn 0.5014 -0.7050 0.5017
vn 0.5013 -0.7050 0.5016
vn 0.6249 -0.7342 0.2653
vn 0.6328 -0.7286 0.2621
vn 0.2598 -0.7342 0.6272
vn 0.2598 -0.7342 0.6273
vn -0.4928 0.8701 0.0002
vn -0.4928 0.8702 0.0002
vn -0.3490 0.8699 -0.3485
vn -0.3491 0.8697 -0.3489
vn -0.3492 0.8696 -0.3492
vn -0.3491 0.8698 -0.3487
vn -0.0002 0.8699 -0.4932
vn -0.0000 0.8697 -0.4935
vn 0.4932 0.8699 -0.0002
vn 0.4936 0.8697 -0.0000
vn 0.4938 0.8696 0.0002
vn 0.4934 0.8698 -0.0000
vn 0.3485 0.8703 0.3480
vn 0.3487 0.8700 0.3485
vn 0.3487 0.8701 0.3484
vn 0.3488 0.8699 0.3488
vn 0.3486 0.8703 0.3481
vn 0.0001 0.8697 0.4935
vn -0.0000 0.8699 0.4932
vn 0.0002 0.8697 0.4936
vn -0.3489 0.8700 0.3484
vn -0.3493 0.8697 0.3486
vn -0.3497 0.8696 0.3487
vn -0.2760 0.8946 0.3515
vn 0.3490 0.8699 -0.3485
vn 0.3489 0.8700 -0.3484
vn 0.3492 0.8696 -0.3492
vn -0.4323 0.8833 -0.1812
vn -0.4341 0.8828 -0.1794
vn -0.4333 0.8833 0.1791
vn -0.4333 0.8828 0.1816
vn -0.1796 0.8830 -0.4336
vn -0.1803 0.8829 -0.4336
vn 0.1778 0.8831 -0.4342
vn 0.1787 0.8833 -0.4333
vn 0.4336 0.8830 0.1796
vn 0.4333 0.8831 0.1798
vn 0.4341 0.8827 -0.1800
vn 0.4341 0.8828 -0.1798
vn 0.1768 0.8834 0.4340
vn 0.1791 0.8829 0.4340
vn -0.1796 0.8830 0.4336
vn -0.1802 0.8832 0.4330
vn -0.9900 -0.1410 0.0001
vn -0.6792 -0.0079 -0.7339
vn -0.6476 -0.0071 -0.7620
vn 1.0000 -0.0050 -0.0001
vn 1.0000 -0.0050 -0.0002
vn -0.6710 -0.0067 0.7414
vn -0.6440 -0.0076 0.7650
vn -0.9964 -0.0851 0.0002
vn -0.6838 -0.0054 -0.7296
vn -0.6475 -0.0048 -0.7620
vn 1.0000 -0.0034 -0.0002
vn -0.6742 -0.0045 0.7385
vn -0.6440 -0.0052 0.7650
vn -0.9997 -0.0226 0.0002
vn -0.9758 -0.0179 -0.2181
vn -0.6476 -0.0072 -0.7620
vn 1.0000 -0.0051 -0.0002
vn -0.7639 -0.0050 0.6453
vn -0.6440 -0.0118 0.7649
vn 0.4586 -0.7610 0.4589
vn 0.5846 -0.7743 0.2422
vn 0.6560 -0.7547 -0.0002
vn 0.4677 -0.7502 -0.4674
vn 0.5907 -0.7689 -0.2447
vn 0.2457 -0.7666 -0.5932
vn 0.9239 -0.0000 0.3827
vn -0.0002 -0.6986 -0.7155
vn -0.5058 -0.6986 -0.5061
vn -0.7155 -0.6986 0.0002
vn -0.5061 -0.6986 0.5058
vn 0.0002 -0.6986 0.7155
vn 0.5058 -0.6986 0.5061
vn 0.7155 -0.6986 -0.0002
vn 0.5061 -0.6986 -0.5058
vn -0.2666 -0.7174 -0.6436
vn 0.2666 -0.7175 -0.6435
vn -0.6435 -0.7175 -0.2666
vn -0.6436 -0.7174 0.2666
vn -0.2666 -0.7175 0.6435
vn 0.2666 -0.7174 0.6436
vn 0.6435 -0.7175 0.2666
vn 0.6436 -0.7174 -0.2666
vn -0.0002 -0.7501 -0.6614
vn -0.2447 -0.7687 -0.5909
vn -0.2447 -0.7688 -0.5909
vn 0.0002 -0.7652 0.6438
vn 0.2398 -0.7794 0.5788
vn 0.3262 0.8873 0.3262
vn 0.3262 0.8873 0.3261
vn 0.0562 -0.9968 0.0562
vn -0.7007 0.0007 0.7135
vn -0.7022 0.0058 0.7119
vn -0.7014 0.0029 0.7128
vn -0.7003 -0.0007 0.7139
vn -0.7007 0.0006 0.7135
vn 0.7007 -0.0006 -0.7135
vn 0.7003 0.0007 -0.7139
vn 0.7014 -0.0029 -0.7128
vn 0.7022 -0.0058 -0.7119
vn 0.7007 -0.0007 -0.7135
vn -0.3262 0.8873 0.3261
vn -0.3261 0.8873 0.3262
vn -0.0562 -0.9968 0.0562
vn -0.7135 0.0007 -0.7007
vn -0.7119 0.0058 -0.7022
vn -0.7128 0.0029 -0.7014
vn -0.7139 -0.0007 -0.7003
vn -0.7135 0.0006 -0.7007
vn 0.7135 -0.0007 0.7007
vn 0.7139 0.0007 0.7003
vn 0.7128 -0.0029 0.7014
vn 0.7119 -0.0058 0.7022
vn -0.3262 0.8873 -0.3261
vn -0.3262 0.8873 -0.3262
vn -0.0562 -0.9968 -0.0562
vn 0.7007 0.0007 -0.7135
vn 0.7022 0.0058 -0.7119
vn 0.7014 0.0029 -0.7128
vn 0.7003 -0.0007 -0.7139
vn 0.7007 0.0006 -0.7135
vn -0.7007 -0.0006 0.7135
vn -0.7003 0.0007 0.7139
vn -0.7014 -0.0029 0.7128
vn -0.7022 -0.0058 0.7119
vn -0.7007 -0.0007 0.7135
vn 0.3261 0.8873 -0.3261
vn 0.3262 0.8873 -0.3262
vn 0.0562 -0.9968 -0.0562
vn 0.7135 0.0007 0.7007
vn 0.7119 0.0058 0.7022
vn 0.7128 0.0029 0.7014
vn 0.7139 -0.0007 0.7003
vn 0.7135 0.0006 0.7007
vn -0.7135 -0.0006 -0.7007
vn -0.7139 0.0007 -0.7003
vn -0.7128 -0.0029 -0.7014
vn -0.7119 -0.0058 -0.7022
vn -0.7135 -0.0007 -0.7007
vn 0.7071 -0.0119 0.7071
vn 0.0529 -0.9972 0.0529
vn 0.7061 -0.0059 -0.7081
vn 0.7009 0.0001 -0.7132
vn -0.7061 0.0059 0.7081
vn -0.7009 -0.0001 0.7132
vn 0.1709 0.9703 0.1709
vn -0.7071 -0.0119 0.7071
vn -0.0529 -0.9972 0.0529
vn 0.7081 -0.0059 0.7060
vn 0.7132 0.0001 0.7009
vn -0.7081 0.0059 -0.7061
vn -0.7132 -0.0001 -0.7009
vn -0.1709 0.9703 0.1709
vn -0.7071 -0.0119 -0.7071
vn -0.0529 -0.9972 -0.0529
vn -0.7060 -0.0059 0.7081
vn -0.7009 0.0001 0.7132
vn 0.7061 0.0059 -0.7081
vn 0.7009 -0.0001 -0.7132
vn -0.1709 0.9703 -0.1709
vn 0.7071 -0.0119 -0.7071
vn 0.0529 -0.9972 -0.0529
vn -0.7081 -0.0059 -0.7060
vn -0.7132 0.0001 -0.7009
vn 0.7081 0.0059 0.7060
vn 0.7132 -0.0001 0.7009
vn 0.1709 0.9703 -0.1709
vn 0.0639 -0.9751 0.2125
vn 0.9683 -0.2306 -0.0962
vn 0.5198 -0.2591 -0.8140
vn 0.9534 0.2972 -0.0528
vn 0.0472 0.9746 0.2188
vn 0.3694 0.4284 -0.8246
vn -0.9560 -0.2797 -0.0889
vn -0.0442 -0.9757 0.2145
vn -0.3099 -0.3542 -0.8823
vn -0.0602 0.9750 0.2139
vn -0.9616 0.2626 -0.0802
vn -0.4940 0.3393 -0.8006
vn 0.0230 0.9603 0.2779
vn 0.0472 0.9746 0.2189
vn 0.9534 0.2971 -0.0528
vn 0.9390 0.1522 0.3084
vn 0.0638 -0.9751 0.2124
vn 0.0230 -0.9603 0.2781
vn 0.9390 -0.1523 0.3085
vn 0.9683 -0.2306 -0.0963
vn -0.0230 -0.9602 0.2783
vn -0.9560 -0.2796 -0.0889
vn -0.9388 -0.1523 0.3088
vn -0.0601 0.9750 0.2139
vn -0.0228 0.9603 0.2780
vn -0.9389 0.1523 0.3088
vn -0.9615 0.2627 -0.0803
vn -0.0000 -0.7890 -0.6144
vn 0.9158 0.0503 -0.3985
vn 0.9461 -0.0000 -0.3239
vn -0.0442 -0.9757 0.2146
vn 0.0229 -0.9602 0.2783
vn 0.0004 0.8722 -0.4891
vn -0.0000 0.8710 -0.4913
vn -0.0229 0.9603 0.2779
vn -0.9388 -0.1522 0.3089
vn 0.0005 -0.7865 -0.6175
vn -0.8858 -0.0001 -0.4642
vn -0.9267 0.0472 -0.3729
vt 0.462620 0.506927
vt 0.462549 0.731523
vt 0.274059 0.661230
vt 0.273988 0.577350
vt 0.198101 0.295112
vt 0.198068 0.382348
vt 0.036960 0.382709
vt 0.036989 0.295167
vt 0.254341 0.896606
vt 0.168860 0.896576
vt 0.168858 0.756549
vt 0.168857 0.698338
vt 0.168856 0.589729
vt 0.255901 0.589747
vt 0.951092 0.871987
vt 1.001297 0.831923
vt 1.001276 0.942967
vt 0.951092 0.942963
vt 0.002037 0.554440
vt 0.450346 0.554103
vt 0.450259 0.922023
vt 0.002093 0.922360
vt 0.566849 0.899743
vt 0.544405 0.889214
vt 0.544405 0.826534
vt 0.566848 0.829216
vt 0.544405 0.837064
vt 0.566849 0.826534
vt 0.566841 0.897061
vt 0.544405 0.899743
vt 0.122228 0.962462
vt 0.042611 0.962456
vt 0.330567 0.962469
vt 0.410184 0.962468
vt 0.409620 0.514007
vt 0.450072 0.554103
vt 0.042047 0.513995
vt 0.084559 0.503353
vt 0.273234 0.502911
vt 0.273200 0.610187
vt 0.273057 0.890020
vt 0.272852 0.996322
vt 0.084243 0.996894
vt 0.318548 0.129465
vt 0.318548 0.000359
vt 0.430323 0.000359
vt 0.430323 0.129465
vt 0.498273 -0.004127
vt 0.498273 0.124978
vt 0.433034 0.124978
vt 0.433034 -0.004127
vt 0.498245 0.000359
vt 0.498245 0.129465
vt 1.001297 0.720339
vt 1.001297 0.791314
vt 0.951108 0.791317
vt 0.951092 0.680273
vt 0.200224 0.756612
vt 0.200224 0.896578
vt 0.114420 0.896606
vt 0.200224 0.698393
vt 0.200223 0.589755
vt 0.105246 0.589768
vt 0.544405 0.837064
vt 0.566849 0.826534
vt 0.566841 0.897061
vt 0.544405 0.899743
vt 0.374144 0.314181
vt 0.374109 0.438291
vt 0.001958 0.438161
vt 0.001869 0.314087
vt 0.198258 0.295179
vt 0.198083 0.381927
vt 0.037031 0.382394
vt 0.037100 0.295158
vt 0.585557 0.260628
vt 0.521002 0.260468
vt 0.521017 0.163189
vt -0.024185 0.260460
vt -0.088740 0.260460
vt -0.024200 0.163182
vt 0.499341 0.311865
vt 0.000432 0.311910
vt 0.000340 0.157210
vt 0.499324 0.157200
vt 0.000130 0.157322
vt 0.499170 0.157398
vt 0.499930 0.312318
vt 0.000772 0.311988
vt 0.220532 0.400970
vt 0.143217 0.375210
vt 0.143233 0.250952
vt 0.356151 0.250474
vt 0.356161 0.374830
vt 0.278791 0.400541
vt 0.976333 0.502242
vt 0.976333 0.813989
vt 0.859092 0.814029
vt 0.859092 0.502294
vt 0.702916 0.496268
vt 0.702982 0.756003
vt 0.674230 0.756011
vt 0.674149 0.496284
vt 0.506537 1.005145
vt 0.619918 1.005110
vt 0.619918 1.121273
vt 0.506537 1.121303
vt 0.502280 1.125665
vt 0.502280 1.000786
vt 0.624175 1.000748
vt 0.624175 1.125633
vt 0.220519 0.375222
vt 0.278800 0.374842
vt 0.833963 0.496194
vt 0.833963 0.755970
vt 1.000347 0.502231
vt 1.000347 0.813981
vt 0.320141 0.417677
vt 0.280962 0.417677
vt 0.280962 0.395645
vt 0.320141 0.395645
vt 0.366889 0.417677
vt 0.327710 0.417677
vt 0.327710 0.395645
vt 0.366889 0.395645
vt 0.039660 0.417677
vt 0.000481 0.417677
vt 0.000481 0.395645
vt 0.039660 0.395645
vt 0.086408 0.417677
vt 0.047229 0.417677
vt 0.047229 0.395645
vt 0.086408 0.395645
vt 0.133154 0.417677
vt 0.093975 0.417677
vt 0.093975 0.395645
vt 0.133154 0.395645
vt 0.179901 0.417677
vt 0.140723 0.417677
vt 0.140723 0.395645
vt 0.179901 0.395645
vt 0.226647 0.417677
vt 0.187469 0.417677
vt 0.187469 0.395645
vt 0.226647 0.395645
vt 0.273395 0.417677
vt 0.234217 0.417677
vt 0.234217 0.395645
vt 0.273395 0.395645
vt 0.374456 0.417677
vt 0.374456 0.395645
vt 0.272011 0.641845
vt 0.360161 0.641840
vt 0.360160 0.999331
vt 0.272012 0.999322
vt 0.951404 0.871011
vt 1.001937 0.839027
vt 1.001937 0.942967
vt 0.951471 0.942963
vt 1.001947 0.995498
vt 0.951541 0.966878
vt 0.951541 0.680338
vt 0.544405 0.830600
vt 0.566848 0.833727
vt 0.566841 0.892550
vt 0.544405 0.895677
vt 0.566897 0.811689
vt 0.566850 0.926809
vt 0.544380 0.923234
vt 0.543854 0.809780
vt 0.544407 0.801120
vt 0.566856 0.787657
vt 0.566856 0.984427
vt 0.544407 0.970927
vt 0.543854 0.809780
vt 0.566897 0.811689
vt 0.688459 0.624969
vt 0.691079 0.999073
vt 0.574152 0.999109
vt 0.576772 0.624973
vt 1.001974 0.857806
vt 0.951419 0.858145
vt 0.951421 0.747502
vt 1.001974 0.747916
vt 1.001937 0.720339
vt 1.001937 0.791314
vt 0.951472 0.791317
vt 0.951471 0.687376
vt 0.342383 0.999429
vt 0.254233 0.999433
vt 0.254234 0.641943
vt 0.342383 0.641951
vt 0.566841 0.892550
vt 0.544405 0.895677
vt 1.001974 0.861736
vt 1.001974 0.853155
vt 1.001974 0.752566
vt 0.951421 0.747502
vt 1.001974 0.743986
vt 0.254234 0.642023
vt 0.271952 0.642025
vt 0.271952 0.999434
vt 0.254234 0.999432
vt 0.544199 0.850056
vt 0.544212 0.838283
vt 0.566800 0.849172
vt 0.544135 0.858726
vt 0.544124 0.846952
vt 0.566798 0.841800
vt 0.566647 0.853874
vt 0.544123 0.853573
vt 0.544135 0.841800
vt 0.566649 0.846652
vt 0.566798 0.858725
vt 0.544211 0.855209
vt 0.544201 0.843436
vt 0.566800 0.844320
vt 0.360733 0.999250
vt 0.343014 0.999249
vt 0.343014 0.641840
vt 0.360733 0.641841
vt 1.001947 0.651696
vt 0.668476 0.624969
vt 0.670540 0.999073
vt 0.578415 0.999109
vt 0.580479 0.624973
vt 0.349661 0.642023
vt 0.360716 0.642025
vt 0.360716 0.999434
vt 0.349662 0.999432
vt 0.342793 0.312640
vt 0.342793 0.398940
vt 0.291431 0.399025
vt 0.291039 0.312527
vt 0.201245 0.398717
vt 0.201245 0.312416
vt 0.252998 0.312295
vt 0.252607 0.398793
vt 0.252998 0.311997
vt 0.252998 0.395472
vt 0.201245 0.395469
vt 0.201245 0.311972
vt 0.146733 0.395462
vt 0.146734 0.311976
vt 0.198095 0.311972
vt 0.198096 0.395468
vt 0.320427 0.120350
vt 0.320427 0.005727
vt 0.431073 0.005765
vt 0.431072 0.120388
vt 0.083072 0.998498
vt 0.081201 0.498075
vt 0.152279 0.497809
vt 0.154149 0.998233
vt 0.145651 0.983851
vt 0.145650 0.521049
vt 0.170709 0.521049
vt 0.170709 0.983851
vt 0.298161 0.997631
vt 0.273102 0.997631
vt 0.273102 0.501004
vt 0.298160 0.501004
vt 0.212900 0.497940
vt 0.212900 0.998368
vt 0.141822 0.998368
vt 0.141822 0.497940
vt 0.114102 0.499052
vt 0.114102 0.998473
vt 0.089044 0.998473
vt 0.089043 0.499052
vt 0.224337 0.310111
vt 0.224317 0.398038
vt 0.006148 0.398005
vt 0.006168 0.310079
vt 0.006158 0.312716
vt 0.224328 0.312716
vt 0.224328 0.439483
vt 0.006158 0.439483
vt 0.949570 0.279125
vt 0.949564 0.362424
vt 0.934512 0.377474
vt 0.814423 0.377474
vt 0.799372 0.362424
vt 0.799368 0.279125
vt 0.814418 0.264074
vt 0.934520 0.264074
vt 0.291358 0.998724
vt 0.268266 0.998724
vt 0.268267 0.498296
vt 0.291359 0.498297
vt 0.115042 0.498296
vt 0.138134 0.498296
vt 0.138133 0.998724
vt 0.115041 0.998724
vt 0.224327 0.331700
vt 0.224327 0.359458
vt 0.006158 0.359458
vt 0.006158 0.331700
vt 0.503984 0.557845
vt 0.503985 0.680131
vt 0.499872 0.679134
vt 0.499871 0.558843
vt 0.499872 0.624925
vt 0.499872 0.613052
vt 0.503984 0.614049
vt 0.503984 0.623928
vt 0.499873 0.680131
vt 0.499870 0.557845
vt 0.503983 0.558843
vt 0.503986 0.679134
vt 0.503984 0.613052
vt 0.503984 0.624925
vt 0.499872 0.623928
vt 0.499872 0.614049
vt 0.668389 0.483986
vt 0.675140 0.490737
vt 0.675140 0.501176
vt 0.675140 0.521266
vt 0.675140 0.531708
vt 0.668389 0.538460
vt 0.639000 0.538460
vt 0.632248 0.531709
vt 0.632248 0.521271
vt 0.632248 0.501185
vt 0.632248 0.490738
vt 0.639000 0.483987
vt 0.327510 0.552088
vt 0.341513 0.552088
vt 0.341513 0.607474
vt 0.327510 0.607474
vt 0.327510 0.552088
vt 0.341514 0.552088
vt 0.341514 0.607474
vt 0.327510 0.607474
vt 0.824226 -0.482383
vt 0.824226 -0.259197
vt 0.777488 -0.259197
vt 0.777488 -0.482383
vt 0.957156 -0.211749
vt 0.957156 -0.302452
vt 0.997343 -0.302452
vt 0.997343 -0.211749
vt 0.957156 -0.322884
vt 0.997343 -0.322884
vt 0.997343 -0.188824
vt 0.997343 -0.003402
vt 0.957156 -0.003402
vt 0.957156 -0.188824
vt 0.997343 -0.297393
vt 0.997343 -0.211649
vt 0.957156 -0.211649
vt 0.957156 -0.297393
vt 0.997343 -0.322959
vt 0.957156 -0.322959
vt 0.824475 -0.482358
vt 0.824475 -0.259172
vt 0.777737 -0.259172
vt 0.777737 -0.482358
vt 0.824445 -0.482257
vt 0.824445 -0.259058
vt 0.777728 -0.259058
vt 0.777728 -0.482257
vt 0.824249 -0.482476
vt 0.824249 -0.259277
vt 0.777507 -0.259277
vt 0.777507 -0.482476
vt 0.189197 0.057890
vt 0.214186 0.057454
vt 0.212465 0.065133
vt 0.191185 0.065504
vt 0.147620 0.057673
vt 0.234466 0.057673
vt 0.232611 0.065321
vt 0.149475 0.065321
vt 0.214320 0.065100
vt 0.189331 0.065536
vt 0.191052 0.057858
vt 0.212332 0.057487
vt 0.234466 0.065317
vt 0.147620 0.065317
vt 0.149475 0.057670
vt 0.232611 0.057670
vt 0.171113 0.057541
vt 0.207300 0.057804
vt 0.211272 0.062056
vt 0.172912 0.065201
vt 0.165684 0.059313
vt 0.216388 0.059314
vt 0.220266 0.063619
vt 0.164273 0.065056
vt 0.173400 0.063555
vt 0.174769 0.057803
vt 0.210963 0.057540
vt 0.209164 0.065201
vt 0.210963 0.065450
vt 0.174769 0.065187
vt 0.170797 0.060936
vt 0.209164 0.057790
vt 0.191065 0.064188
vt 0.145234 0.064188
vt 0.144444 0.057864
vt 0.191853 0.057865
vt 0.208669 0.059434
vt 0.207300 0.065187
vt 0.171113 0.065450
vt 0.172912 0.057789
vt 0.824687 -0.259128
vt 0.824687 -0.482416
vt 0.851130 -0.477243
vt 0.851130 -0.264258
vt 0.768900 -0.452629
vt 0.768900 -0.294890
vt 0.734559 -0.296704
vt 0.734559 -0.462587
vt 0.768895 -0.465757
vt 0.768895 -0.430223
vt 0.734575 -0.454675
vt 0.734575 -0.488569
vt 0.734976 -0.492445
vt 0.769319 -0.482632
vt 0.769319 -0.272116
vt 0.734976 -0.262261
vt 0.735419 -0.461741
vt 0.769760 -0.463606
vt 0.769760 -0.304646
vt 0.735419 -0.294576
vt 0.769756 -0.408483
vt 0.769756 -0.372676
vt 0.735436 -0.349699
vt 0.735436 -0.383854
vt 0.824687 -0.259121
vt 0.824687 -0.482422
vt 0.851130 -0.477255
vt 0.851130 -0.264258
vt 0.824687 -0.259122
vt 0.851130 -0.477252
vt 0.851130 -0.264256
vt 0.715298 -0.085473
vt 0.690651 -0.110491
vt 0.690816 -0.134602
vt 0.694283 -0.190846
vt 0.691174 -0.194666
vt 0.691375 -0.218773
vt 0.716393 -0.243420
vt 0.740504 -0.243255
vt 0.693980 -0.138379
vt 0.744281 -0.240091
vt 0.796751 -0.239816
vt 0.800572 -0.242925
vt 0.824679 -0.242724
vt 0.849326 -0.217705
vt 0.849161 -0.193594
vt 0.845997 -0.189818
vt 0.845690 -0.137324
vt 0.848799 -0.133503
vt 0.848598 -0.109396
vt 0.823580 -0.084749
vt 0.799469 -0.084914
vt 0.795692 -0.088078
vt 0.743226 -0.088381
vt 0.739405 -0.085272
vt 0.172040 0.740314
vt 0.088548 0.740314
vt 0.088548 0.548845
vt 0.172041 0.548845
vt 0.255630 0.740314
vt 0.172138 0.740314
vt 0.172138 0.548845
vt 0.255631 0.548845
vt 0.320157 0.420890
vt 0.280973 0.420883
vt 0.280934 0.354016
vt 0.320141 0.353919
vt 0.366891 0.420891
vt 0.327710 0.420890
vt 0.327710 0.353919
vt 0.366888 0.353912
vt 0.039659 0.420890
vt 0.000482 0.420891
vt 0.000482 0.353912
vt 0.039659 0.353919
vt 0.086411 0.420891
vt 0.047229 0.420890
vt 0.047229 0.353919
vt 0.086427 0.353915
vt 0.133143 0.420882
vt 0.093911 0.420886
vt 0.093992 0.353983
vt 0.133170 0.354023
vt 0.179908 0.420882
vt 0.140723 0.420882
vt 0.140730 0.354023
vt 0.179908 0.354019
vt 0.226663 0.420882
vt 0.187451 0.420880
vt 0.187450 0.354053
vt 0.226627 0.354023
vt 0.273406 0.420883
vt 0.234228 0.420882
vt 0.234192 0.354023
vt 0.273369 0.354019
vt 0.374456 0.420891
vt 0.374455 0.353912
vt -0.295431 0.763807
vt -0.165255 0.763811
vt -0.155529 0.768392
vt -0.305034 0.768452
vt -0.150833 0.778011
vt -0.150840 0.908309
vt -0.155402 0.917980
vt -0.165002 0.922616
vt -0.295281 0.922600
vt -0.304959 0.918034
vt -0.309604 0.908429
vt -0.309600 0.778131
vt 0.503491 0.171725
vt 0.745550 0.171732
vt 0.745684 0.182104
vt 0.503606 0.182096
vt -0.043675 0.821134
vt -0.043722 0.799733
vt -0.030554 0.799706
vt -0.030575 0.829049
vt -0.305034 0.768452
vt -0.155402 0.917980
vt -0.165002 0.922616
vt -0.295281 0.922600
vt -0.304959 0.918034
vt 0.745737 0.203466
vt 0.503679 0.203460
vt 0.503682 0.193087
vt 0.745759 0.193095
vt -0.002748 0.778266
vt -0.002701 0.799674
vt -0.016102 0.799705
vt -0.016083 0.770308
vt -0.016122 0.829102
vt -0.043769 0.778332
vt -0.030534 0.770363
vt -0.002654 0.821082
vt 0.167417 0.064346
vt 0.164318 0.058776
vt 0.170515 0.058776
vt 0.167417 0.056934
vt 0.170515 0.062503
vt 0.164318 0.062503
vt 0.769309 -0.458200
vt 0.734959 -0.479025
vt 0.769309 -0.487149
vt 0.168881 0.064345
vt 0.165783 0.058777
vt 0.171979 0.058777
vt 0.168881 0.056934
vt 0.171979 0.062503
vt 0.165783 0.062503
vt 0.769756 -0.489747
vt 0.769756 -0.459641
vt 0.735405 -0.468043
vt 0.957156 -0.188744
vt 0.957156 -0.211569
vt 0.997343 -0.211569
vt 0.997343 -0.188744
vt 0.008870 0.312291
vt 0.008436 0.139130
vt 0.113850 0.139131
vt 0.388829 0.139135
vt 0.493287 0.139142
vt 0.493849 0.312295
vt 0.031690 0.139104
vt 0.157655 0.139106
vt 0.118231 0.312153
vt 0.071187 0.312154
vt 0.458754 -0.004127
vt 0.458754 0.124978
vt 0.458754 -0.004127
vt 0.458754 0.124978
vt 0.140332 -0.000050
vt 0.081833 -0.000045
vt 0.081833 -0.375366
vt 0.173541 -0.375456
vt 0.544384 0.954672
vt 0.544374 0.899352
vt 0.566834 0.898715
vt 0.566837 0.968192
vt 0.544376 0.801120
vt 0.566835 0.787657
vt 0.566835 0.965955
vt 0.544376 0.964470
vt 0.458754 -0.004127
vt 0.458754 0.124978
vt 0.746018 0.506947
vt 0.713228 0.737789
vt 0.713228 0.661851
vt 0.713228 0.536885
vt 0.713281 0.506947
vt 0.566831 0.931872
vt 0.544375 0.920735
vt 0.544362 0.812279
vt 0.566838 0.794803
vt 1.000509 0.249734
vt 0.875173 0.249772
vt 0.875133 0.001152
vt 1.000549 0.001149
vt 0.745965 0.737789
vt 0.713228 0.737789
vt 0.713356 0.707851
vt 0.713356 0.582885
vt 0.713230 0.506947
vt 0.544376 0.837064
vt 0.566835 0.826534
vt 0.566832 0.896816
vt 0.544376 0.891403
vt 0.566835 0.806118
vt 0.566835 0.984427
vt 0.544376 0.970927
vt 0.544376 0.807564
vt -0.139359 0.999444
vt -0.331905 0.999444
vt -0.331905 0.500223
vt -0.139359 0.500223
vt -0.639552 -0.308221
vt -0.639552 -0.085396
vt -0.793174 -0.098080
vt -0.793174 -0.295398
vt -0.674015 0.210517
vt -0.567346 0.191717
vt -0.470349 0.288656
vt -0.883435 0.210383
vt -0.990038 0.191607
vt -0.489251 0.604733
vt -0.470451 0.711402
vt -0.567338 0.808393
vt -0.489117 0.395314
vt -0.883360 0.789483
vt -0.990029 0.808283
vt -1.087019 0.711397
vt -0.673940 0.789617
vt -1.068244 0.604794
vt -1.068110 0.395375
vt -1.086917 0.288652
vt 0.576161 0.980717
vt 0.576161 0.696303
vt 0.676597 0.783403
vt 0.676597 0.893431
vt 0.576156 0.979833
vt 0.576156 0.695403
vt 0.676592 0.782510
vt 0.676592 0.892545
vt 0.575981 0.840141
vt 0.575990 0.803600
vt 0.676565 0.818671
vt 0.676565 0.832807
vt 0.575982 0.849848
vt 0.575981 0.813127
vt 0.676565 0.818247
vt 0.676565 0.832453
vt 0.576168 0.979858
vt 0.576168 0.695275
vt 0.676612 0.782432
vt 0.676612 0.892526
vt 0.575982 0.849894
vt 0.575982 0.813228
vt 0.676565 0.818384
vt 0.676565 0.832568
vt 0.575981 0.840123
vt 0.575990 0.803546
vt 0.676565 0.818579
vt 0.676565 0.832729
vt 0.576155 0.980753
vt 0.576155 0.696170
vt 0.676593 0.783324
vt 0.676593 0.893418
vt -0.017537 0.121475
vt -0.107085 0.121458
vt -0.116905 0.110961
vt -0.116907 0.014382
vt -0.107176 0.003769
vt -0.017628 0.003786
vt -0.007808 0.014283
vt -0.007800 0.110856
vt 0.081833 0.000222
vt 0.081833 -0.375130
vt 0.139880 -0.375121
vt 0.169263 0.000310
vt 0.254981 0.998039
vt 0.180767 0.998039
vt 0.180767 0.496703
vt 0.254981 0.496703
vt 0.166656 0.998070
vt 0.142494 0.998070
vt 0.142494 0.496734
vt 0.166656 0.496734
vt 0.180759 0.998039
vt 0.166755 0.998039
vt 0.166755 0.496703
vt 0.180759 0.496703
vt 0.346737 0.998039
vt 0.259635 0.998039
vt 0.259635 0.496703
vt 0.346737 0.496703
vt 0.450898 0.998039
vt 0.358171 0.998039
vt 0.358171 0.496703
vt 0.450898 0.496703
vt 0.496746 0.998070
vt 0.466609 0.998070
vt 0.466609 0.496734
vt 0.496746 0.496734
vt 0.465609 0.998039
vt 0.451606 0.998039
vt 0.451606 0.496703
vt 0.465609 0.496703
vt -0.461901 -0.185342
vt -0.333880 -0.185753
vt -0.333879 -0.094368
vt -0.461907 -0.092698
vt -0.333880 -0.115186
vt -0.333880 -0.079522
vt -0.461909 -0.042725
vt -0.333879 -0.119219
vt -0.333879 -0.098552
vt -0.461915 -0.038692
vt -0.461913 -0.130664
vt -0.333880 -0.135197
vt -0.333880 -0.025381
vt -0.461913 -0.030049
vt -0.333879 -0.184856
vt -0.333880 -0.093449
vt -0.461901 -0.093132
vt -0.461907 -0.185818
vt -0.333880 -0.078184
vt -0.333880 -0.042803
vt -0.461909 -0.115108
vt -0.333879 -0.059394
vt -0.333879 -0.038724
vt -0.461914 -0.119187
vt -0.639552 -0.308225
vt -0.639552 -0.085396
vt -0.793173 -0.098137
vt -0.793173 -0.295408
vt -0.793173 -0.098079
vt -0.793173 -0.295404
vt 0.358258 0.362300
vt 0.084429 0.362299
vt 0.084136 0.329381
vt 0.358570 0.329382
vt 0.084455 0.329380
vt 0.358225 0.329380
vt 0.358546 0.362299
vt 0.084160 0.362299
vt 0.351182 0.362299
vt 0.013345 0.362299
vt 0.000000 0.329382
vt 0.364483 0.329382
vt 0.013319 0.329382
vt 0.351169 0.329382
vt 0.364502 0.362299
vt 0.000002 0.362299
vt 0.259363 0.329385
vt 0.250685 0.362299
vt 0.098126 0.362299
vt 0.109189 0.329382
vt 0.204487 0.362299
vt 0.170109 0.362299
vt 0.160029 0.329382
vt 0.194404 0.329382
vt 0.170113 0.329382
vt 0.204484 0.329382
vt 0.194405 0.362299
vt 0.160029 0.362299
vt 0.098180 0.329382
vt 0.250764 0.329382
vt 0.259704 0.362299
vt 0.109232 0.362299
vt 0.197634 0.362299
vt 0.138805 0.362299
vt 0.164913 0.329382
vt 0.225207 0.329382
vt 0.266372 0.362299
vt 0.113834 0.362299
vt 0.104836 0.329382
vt 0.255406 0.329382
vt 0.113738 0.329382
vt 0.266350 0.329382
vt 0.255388 0.362299
vt 0.105226 0.362298
vt 0.138834 0.329382
vt 0.197665 0.329382
vt 0.225172 0.362299
vt 0.164899 0.362299
vt 0.566830 0.929273
vt 0.544371 0.930023
vt 0.544373 0.907544
vt 0.298478 0.362298
vt 0.324784 0.329380
vt 0.338076 0.362298
vt 0.544371 0.826920
vt 0.544384 0.852950
vt 0.566842 0.827082
vt 0.307540 0.362298
vt 0.320858 0.329379
vt 0.347128 0.362298
vt 0.337980 0.329383
vt 0.324762 0.362299
vt 0.298540 0.329383
vt -0.333880 -0.175027
vt -0.461911 -0.187156
vt -0.333880 -0.199737
vt 0.307625 0.329383
vt 0.347062 0.329383
vt 0.320909 0.362300
vt -0.333880 -0.174354
vt -0.461911 -0.187491
vt -0.333880 -0.199721
vt 0.451171 0.643721
vt 0.459345 0.641994
vt 0.459369 0.996246
vt 0.451177 0.997649
vt 0.451177 0.642018
vt 0.459369 0.643746
vt 0.459345 0.997625
vt 0.451171 0.996224
vt 0.362727 0.998121
vt 0.347688 0.998121
vt 0.347688 0.501809
vt 0.362727 0.501809
vt 0.999298 0.249665
vt 0.875333 0.249665
vt 0.875139 0.001293
vt 0.999486 0.001293
vt -0.331953 0.500103
vt -0.138500 0.500103
vt -0.138387 0.999532
vt -0.332135 0.999532
vt 0.999245 0.249665
vt 0.875260 0.249665
vt 0.875134 0.001293
vt 0.999491 0.001293
vt 0.999323 0.249665
vt 0.875297 0.249665
vt 0.875129 0.001293
vt 0.999496 0.001293
vt -0.331700 0.500043
vt -0.138243 0.500043
vt -0.138074 0.999508
vt -0.331808 0.999508
vt 0.875534 0.001456
vt 0.999219 0.001456
vt 0.999461 0.250089
vt 0.875409 0.250089
vt -0.331386 0.500103
vt -0.138386 0.500103
vt -0.138496 0.999532
vt -0.331202 0.999532
vt -0.331416 0.500103
vt -0.138574 0.500103
vt -0.138747 0.999532
vt -0.331311 0.999532
vt -0.543208 0.500103
vt -0.503404 0.500362
vt -0.503403 0.999273
vt -0.543352 0.999532
vt -0.543357 0.500103
vt -0.504024 0.500361
vt -0.504025 0.999273
vt -0.543210 0.999532
vt -0.503746 0.999213
vt -0.542458 0.999472
vt -0.542224 0.500043
vt -0.503749 0.500302
vt -0.543288 0.500043
vt -0.503575 0.500302
vt -0.503578 0.999213
vt -0.543151 0.999472
vt -0.543453 0.500103
vt -0.503581 0.500362
vt -0.503578 0.999273
vt -0.543678 0.999532
vt -0.543022 0.500043
vt -0.503443 0.500320
vt -0.503447 0.999231
vt -0.542803 0.999508
vt -0.503584 0.999255
vt -0.542785 0.999532
vt -0.542646 0.500067
vt -0.503588 0.500344
vt -0.543428 0.500043
vt -0.503623 0.500301
vt -0.503627 0.999213
vt -0.543191 0.999472
vt 0.592717 0.767161
vt 0.592717 0.717520
vt 0.645935 0.718810
vt 0.646021 0.765712
vt 0.593550 0.947850
vt 0.593618 0.732372
vt 0.644363 0.718595
vt 0.644369 0.961413
vt 0.592761 0.768126
vt 0.592761 0.718483
vt 0.645961 0.719793
vt 0.645962 0.766718
vt 0.593514 0.948176
vt 0.593514 0.732318
vt 0.644404 0.718592
vt 0.644376 0.961492
vt 0.593329 0.947753
vt 0.593522 0.732173
vt 0.593539 0.947875
vt 0.646045 0.718888
vt 0.634600 0.174817
vt 0.634600 0.199125
vt 0.518850 0.199125
vt 0.518850 0.174817
vt 0.549198 0.199052
vt 0.525228 0.199052
vt 0.525228 0.174627
vt 0.549198 0.174627
vt 0.734001 0.771715
vt 0.734001 0.892958
vt 0.582244 0.950510
vt 0.582244 0.714267
vt 0.733805 0.772582
vt 0.733805 0.893824
vt 0.582048 0.951273
vt 0.582048 0.715030
vt 0.001469 0.172793
vt 0.000681 0.140728
vt 0.494381 0.140728
vt 0.494378 0.172793
vt 0.572459 1.132733
vt 0.629251 1.132733
vt 0.671336 1.372571
vt 0.530503 1.372571
vt 0.875800 0.188736
vt 0.875800 0.057916
vt 0.999854 0.035475
vt 0.999854 0.217250
vt 0.875823 0.188732
vt 0.875823 0.057906
vt 0.999859 0.035505
vt 0.999859 0.217280
vt 0.581436 0.409674
vt 0.920472 0.409674
vt 0.920508 0.442024
vt 0.580968 0.442024
vt 0.581313 0.409550
vt 0.920348 0.409550
vt 0.920387 0.441900
vt 0.580845 0.441900
vt 0.733906 0.771814
vt 0.733906 0.794439
vt 0.582195 0.794439
vt 0.582195 0.771814
vt 0.733906 0.845199
vt 0.733906 0.867824
vt 0.582195 0.867824
vt 0.582195 0.845199
vt 0.441711 0.139711
vt 0.487404 0.139711
vt 0.487379 0.173804
vt 0.441714 0.173804
vt 0.524123 1.132773
vt 0.536410 1.132773
vt 0.547281 1.372616
vt 0.516906 1.372616
vt 0.875449 0.075165
vt 0.875449 0.050985
vt 1.000065 0.052383
vt 1.000065 0.073692
vt 0.875455 0.075162
vt 0.875455 0.050979
vt 1.000062 0.052382
vt 1.000062 0.073688
vt 0.564307 0.723298
vt 0.518698 0.723298
vt 0.518694 0.678645
vt 0.564312 0.678645
vt 0.564360 0.723379
vt 0.518663 0.723379
vt 0.518661 0.678599
vt 0.564362 0.678599
vt 0.564360 0.723379
vt 0.518662 0.723379
vt 0.518661 0.678599
vt 0.564362 0.678599
vt 0.565428 0.646522
vt 0.518460 0.646522
vt 0.518460 0.570885
vt 0.565428 0.570885
vt 0.312219 0.354415
vt 0.041514 0.354415
vt 0.043647 0.344469
vt 0.310090 0.344469
vt 0.016652 0.345230
vt 0.022855 0.336585
vt 0.052773 0.338214
vt 0.322683 0.338143
vt 0.320577 0.348088
vt 0.054918 0.348157
vt 0.029240 0.346631
vt 0.054135 0.337312
vt 0.056328 0.347247
vt 0.035372 0.355091
vt 0.324045 0.336026
vt 0.321988 0.345981
vt 0.320080 0.333159
vt 0.373418 0.332937
vt 0.369180 0.355036
vt 0.324398 0.354814
vt 0.324124 0.345208
vt 0.299194 0.354430
vt 0.297049 0.344486
vt 0.317902 0.336570
vt 0.029284 0.354501
vt 0.031390 0.344555
vt 0.337095 0.345242
vt 0.331029 0.336747
vt 0.503112 0.979780
vt 0.449925 0.986192
vt 0.449925 0.694677
vt 0.503112 0.701100
vt 0.449867 0.716432
vt 0.503104 0.710009
vt 0.503104 0.996445
vt 0.449867 0.996412
vt 0.503123 0.740398
vt 0.449922 0.740473
vt 0.449950 0.678405
vt 0.503113 0.678310
vt 0.449860 0.940113
vt 0.503125 0.940026
vt 0.503118 0.999848
vt 0.449838 0.999742
vt 0.503130 0.740793
vt 0.449848 0.740132
vt 0.449870 0.678312
vt 0.503116 0.677908
vt 0.875823 0.188748
vt 0.875823 0.057941
vt 0.999859 0.035475
vt 0.999859 0.217250
vt 0.875800 0.188743
vt 0.875800 0.057931
vt 0.999868 0.035522
vt 0.999867 0.217297
vt 0.875449 0.075167
vt 0.875449 0.050990
vt 1.000065 0.052382
vt 1.000065 0.073688
vt 0.875446 0.075164
vt 0.875446 0.050983
vt 1.000067 0.052381
vt 1.000067 0.073685
vt 0.503114 0.963047
vt 0.449815 0.969459
vt 0.449815 0.677943
vt 0.503113 0.677854
vt 0.450186 0.678167
vt 0.503106 0.677851
vt 0.503106 0.999837
vt 0.450186 0.999800
vt 0.449939 0.940113
vt 0.449918 0.999742
vt 0.629243 1.132790
vt 0.671317 1.372617
vt 0.530488 1.372617
vt 0.572453 1.132790
vt 0.572462 1.132721
vt 0.629255 1.132721
vt 0.671325 1.372577
vt 0.530495 1.372577
vt 0.875856 0.188732
vt 0.875856 0.057906
vt 0.999850 0.035512
vt 0.999850 0.217287
vt 0.875880 0.188737
vt 0.875880 0.057917
vt 0.999881 0.035540
vt 0.999881 0.217315
vt 0.524114 1.132767
vt 0.536408 1.132767
vt 0.547274 1.372620
vt 0.516875 1.372620
vt 0.524128 1.132764
vt 0.536411 1.132764
vt 0.547278 1.372622
vt 0.516894 1.372622
vt 0.875460 0.075165
vt 0.875460 0.050985
vt 1.000058 0.052383
vt 1.000058 0.073692
vt 0.875463 0.075164
vt 0.875462 0.050983
vt 1.000057 0.052381
vt 1.000057 0.073685
vt 0.453879 0.716432
vt 0.503106 0.710009
vt 0.503106 0.996445
vt 0.453879 0.996412
vt 0.453865 0.740473
vt 0.453891 0.678405
vt 0.503114 0.678310
vt 0.450012 0.940113
vt 0.503118 0.999848
vt 0.449991 0.999742
vt 0.875879 0.188743
vt 0.875879 0.057931
vt 0.999855 0.035538
vt 0.999856 0.217312
vt 0.875856 0.188748
vt 0.875856 0.057941
vt 0.999852 0.035488
vt 0.999851 0.217262
vt 0.875460 0.075167
vt 0.875460 0.050990
vt 1.000058 0.052382
vt 1.000058 0.073688
vt 0.875455 0.075165
vt 0.875455 0.050986
vt 1.000062 0.052380
vt 1.000062 0.073682
vt 0.453879 0.716381
vt 0.503106 0.709873
vt 0.503106 1.000108
vt 0.453879 1.000075
vt 0.449976 0.940113
vt 0.449954 0.999742
vt -0.087388 0.681531
vt 0.043759 0.726657
vt 0.043759 0.874980
vt -0.087308 0.917847
vt -0.087392 0.681582
vt 0.043759 0.726659
vt 0.043759 0.875145
vt -0.087305 0.917880
vt -0.087382 0.681613
vt 0.043759 0.726713
vt 0.043759 0.875148
vt -0.087293 0.917888
vt -0.087350 0.681529
vt 0.043759 0.726656
vt 0.043759 0.874981
vt -0.087274 0.917866
vt -0.087346 0.681480
vt 0.043759 0.726655
vt 0.043759 0.875136
vt -0.087277 0.917837
vt -0.087288 0.917821
vt -0.087355 0.681454
vt 0.043759 0.726710
vt 0.043759 0.875133
vt 0.043759 0.875028
vt -0.087301 0.917903
vt -0.087369 0.681595
vt 0.043759 0.726610
vt 0.043759 0.726612
vt 0.043759 0.875033
vt -0.087280 0.917958
vt -0.087359 0.681714
vt 0.044274 0.784330
vt 0.044307 0.816337
vt -0.087877 0.816342
vt -0.087877 0.784331
vt -0.088429 0.816385
vt -0.088429 0.784339
vt 0.043911 0.784340
vt 0.043995 0.816390
vt 0.044306 0.784347
vt 0.044274 0.816411
vt -0.087877 0.816358
vt -0.087877 0.784341
vt 0.043995 0.784336
vt 0.043911 0.816378
vt -0.088429 0.816387
vt -0.088429 0.784339
vt 0.044307 0.784346
vt 0.044274 0.816375
vt -0.088618 0.816397
vt -0.088618 0.784349
vt -0.088429 0.816349
vt -0.088429 0.784324
vt 0.044307 0.784330
vt 0.044223 0.816359
vt 0.044274 0.784349
vt 0.044307 0.816384
vt -0.088618 0.816383
vt -0.088618 0.784345
vt 0.044223 0.784338
vt 0.044307 0.816382
vt -0.088429 0.816410
vt -0.088429 0.784347
vt 0.823675 0.287796
vt 0.822643 0.287796
vt 0.823157 0.283513
vt 0.824364 0.292068
vt 0.826378 0.358665
vt 0.824635 0.358702
vt 0.821686 0.358702
vt 0.821954 0.292068
vt 0.819942 0.358665
vt 0.918407 0.963305
vt 0.918407 0.804541
vt 0.998033 0.804541
vt 0.998033 0.963305
vt 0.918407 0.995955
vt 0.918407 0.953752
vt 0.998033 0.953752
vt 0.998033 0.995955
vt 0.160141 0.140717
vt 0.329869 0.140717
vt 0.317269 0.202109
vt 0.172714 0.202109
vt 0.160132 0.140776
vt 0.329861 0.140776
vt 0.317287 0.202138
vt 0.172733 0.202138
vt 0.181043 0.140748
vt 0.213833 0.140748
vt 0.211402 0.202127
vt 0.183475 0.202127
vt 0.182767 0.140747
vt 0.215548 0.140747
vt 0.213117 0.202128
vt 0.185198 0.202128
vt 0.379237 0.002927
vt 0.415052 0.017776
vt 0.420348 0.023072
vt 0.435197 0.058887
vt 0.435197 0.066375
vt 0.420348 0.102190
vt 0.415052 0.107486
vt 0.379237 0.122335
vt 0.371749 0.122335
vt 0.335934 0.107487
vt 0.330638 0.102190
vt 0.315789 0.066375
vt 0.315789 0.058887
vt 0.330637 0.023072
vt 0.335934 0.017776
vt 0.371749 0.002927
vt 0.582542 0.608448
vt 0.675388 0.608414
vt 0.675425 0.998053
vt 0.582580 0.998066
vt 0.578115 0.608448
vt 0.670961 0.608414
vt 0.670998 0.998053
vt 0.578153 0.998066
vt -0.002501 0.843402
vt 0.165871 0.576270
vt 0.269457 0.623528
vt 0.268457 1.019357
vt 0.476744 0.841806
vt 0.206220 1.018427
vt 0.204247 0.622601
vt 0.307716 0.575089
vt 0.443691 0.003655
vt 0.443691 0.122584
vt 0.306647 0.122584
vt 0.306647 0.003655
vt 0.807475 0.099203
vt 0.807475 0.027077
vt 0.870979 0.027077
vt 0.870979 0.099203
vt 0.807475 0.116884
vt 0.807475 0.008958
vt 0.870979 0.020606
vt 0.870979 0.105057
vt 0.116202 0.244982
vt 0.118467 0.244982
vt 0.119586 0.247021
vt 0.082515 0.258503
vt 0.079821 0.258504
vt 0.078920 0.256865
vt 0.021710 0.244973
vt 0.023979 0.245043
vt 0.023925 0.245245
vt 0.020602 0.246993
vt 0.024291 0.257645
vt 0.022026 0.257645
vt 0.021125 0.256004
vt 0.082437 0.258503
vt 0.098846 0.258497
vt 0.096229 0.258498
vt 0.096151 0.258498
vt 0.019576 0.257748
vt 0.022271 0.257747
vt 0.022193 0.257747
vt 0.038601 0.257740
vt 0.035985 0.257741
vt 0.035907 0.257741
vt 0.125440 0.257687
vt 0.072844 0.245802
vt 0.105815 0.245790
vt 0.099964 0.256458
vt 0.096832 0.257514
vt 0.023964 0.244974
vt 0.116213 0.244982
vt 0.015050 0.244943
vt 0.125754 0.244929
vt 0.119683 0.255993
vt 0.116588 0.257364
vt 0.116519 0.257633
vt 0.116530 0.257633
vt 0.024280 0.257645
vt 0.014739 0.257676
vt 0.036447 0.256688
vt 0.018467 0.255729
vt 0.012599 0.245049
vt 0.045570 0.245034
vt 0.039502 0.256098
s 0
f 1/1/1 2/2/2 3/3/3
f 3/3/4 4/4/5 1/1/6
f 5/5/7 3/6/8 2/7/9
f 2/7/10 6/8/11 5/5/12
f 7/9/13 8/10/13 9/11/13
f 10/12/14 11/13/14 12/14/14
f 9/11/15 10/12/15 12/14/15
f 7/9/16 9/11/16 12/14/16
f 13/15/17 14/16/17 15/17/17
f 15/17/18 16/18/18 13/15/18
f 17/19/19 18/20/19 4/21/19
f 4/21/19 19/22/19 17/19/19
f 20/23/20 8/24/20 7/25/20
f 7/25/21 21/26/21 20/23/21
f 11/27/22 15/28/22 14/29/22
f 14/29/23 12/30/23 11/27/23
f 22/31/19 23/32/19 19/22/19
f 5/33/19 22/31/19 19/22/19
f 19/22/19 4/21/19 3/34/19
f 5/33/19 19/22/19 3/34/19
f 24/35/19 18/36/19 17/19/19
f 17/19/19 25/37/19 24/35/19
f 21/1/24 26/2/25 19/3/26
f 19/3/27 23/4/28 21/1/29
f 27/1/30 13/2/31 28/3/32
f 28/3/33 29/4/34 27/1/30
f 30/19/35 31/20/35 29/21/35
f 29/21/35 32/22/35 30/19/35
f 33/35/35 31/36/35 30/19/35
f 30/19/35 34/37/35 33/35/35
f 19/38/36 26/39/37 35/40/38
f 35/40/38 36/41/39 37/42/40
f 19/38/41 35/40/42 37/42/43
f 19/38/44 37/42/45 17/43/45
f 38/44/46 39/45/46 40/46/46
f 40/46/46 41/47/46 38/44/46
f 37/1/47 42/2/48 25/3/49
f 25/3/49 17/4/50 37/1/51
f 43/48/52 44/49/52 39/50/52
f 39/50/53 38/51/53 43/48/53
f 36/52/54 35/53/54 41/47/54
f 41/47/46 40/46/46 36/52/46
f 45/1/55 46/2/55 31/3/55
f 31/3/56 33/4/56 45/1/56
f 31/38/57 46/39/57 44/40/58
f 44/40/59 43/41/60 27/42/61
f 31/38/62 44/40/63 27/42/64
f 29/43/65 31/38/66 27/42/61
f 25/38/67 42/39/68 47/40/69
f 47/40/69 48/41/70 49/42/71
f 25/38/72 47/40/73 49/42/74
f 25/38/72 49/42/75 24/43/76
f 50/44/77 51/45/77 52/46/77
f 52/46/77 53/47/77 50/44/77
f 49/1/78 54/2/79 18/3/80
f 18/3/81 24/4/82 49/1/83
f 55/48/84 56/49/84 51/50/84
f 51/50/85 50/51/85 55/48/85
f 48/52/86 47/53/86 53/47/86
f 53/47/77 52/46/77 48/52/77
f 57/1/87 58/2/88 59/3/89
f 59/3/89 60/4/90 57/1/87
f 56/40/91 55/41/92 45/42/93
f 56/40/94 45/42/95 33/43/96
f 56/40/97 33/43/98 59/38/99
f 58/39/100 56/40/101 59/38/102
f 4/43/103 18/38/104 54/39/105
f 4/43/106 54/39/107 61/40/108
f 4/43/109 61/40/108 62/41/110
f 4/43/111 62/41/112 1/42/111
f 63/54/113 64/55/113 65/56/113
f 65/56/113 66/57/113 63/54/113
f 67/58/114 68/59/114 69/60/114
f 70/61/114 67/58/114 69/60/114
f 71/62/114 70/61/114 69/60/114
f 72/63/115 71/62/115 69/60/115
f 65/23/116 71/24/116 72/25/116
f 72/25/117 66/26/117 65/23/117
f 68/64/118 6/65/118 2/66/118
f 2/66/119 69/67/119 68/64/119
f 73/44/120 74/45/120 75/46/120
f 75/46/120 76/47/120 73/44/120
f 77/48/121 78/49/121 74/50/121
f 74/50/122 73/51/122 77/48/122
f 62/52/123 61/53/123 76/47/123
f 76/47/120 75/46/120 62/52/120
f 63/1/124 79/2/125 32/3/126
f 32/3/127 80/4/128 63/1/129
f 60/43/130 32/38/131 79/39/132
f 79/39/133 78/40/134 77/41/135
f 60/43/136 79/39/132 77/41/137
f 57/42/138 60/43/139 77/41/140
f 81/68/141 22/69/142 5/70/7
f 5/70/7 82/71/143 81/68/143
f 20/72/144 21/73/144 23/74/144
f 23/74/145 22/75/146 20/72/145
f 65/76/147 64/77/147 83/78/147
f 16/79/148 15/80/148 84/81/148
f 81/82/149 82/83/149 6/84/149
f 6/84/149 20/85/149 81/82/149
f 15/86/150 65/87/150 83/88/150
f 83/88/151 84/89/151 15/86/151
f 6/90/152 82/91/152 5/92/152
f 22/93/153 81/94/153 20/95/153
f 71/96/154 11/97/154 10/98/154
f 10/98/155 70/99/155 71/96/155
f 68/100/156 8/101/156 20/102/156
f 20/102/157 6/103/157 68/100/157
f 85/104/158 86/105/158 87/106/158
f 87/106/159 88/107/159 85/104/159
f 89/108/160 90/109/160 85/104/160
f 85/104/160 88/107/160 89/108/160
f 90/109/161 91/110/161 86/105/161
f 86/105/161 85/104/161 90/109/161
f 91/110/162 92/111/162 87/106/162
f 87/106/162 86/105/162 91/110/162
f 92/111/163 89/108/163 88/107/163
f 88/107/163 87/106/163 92/111/163
f 93/5/164 28/6/165 13/7/166
f 13/7/167 16/8/168 93/5/164
f 94/31/35 80/32/35 32/22/35
f 93/33/35 94/31/35 32/22/35
f 32/22/35 29/21/35 28/34/35
f 93/33/35 32/22/35 28/34/35
f 83/68/169 94/69/170 93/70/171
f 93/70/172 84/71/173 83/68/174
f 64/72/175 63/73/176 80/74/177
f 80/74/178 94/75/179 64/72/180
f 16/112/181 84/91/181 93/92/181
f 94/93/182 83/94/182 64/113/182
f 67/114/183 9/115/183 8/101/183
f 8/101/184 68/100/184 67/114/184
f 65/116/185 15/117/185 11/97/185
f 11/97/186 71/96/186 65/116/186
f 95/118/187 96/119/187 97/120/187
f 97/120/188 98/121/188 95/118/188
f 99/122/189 100/123/189 101/124/189
f 101/124/190 102/125/190 99/122/190
f 103/126/191 104/127/191 105/128/191
f 105/128/191 106/129/191 103/126/191
f 107/130/192 108/131/192 109/132/192
f 109/132/192 110/133/192 107/130/192
f 111/134/193 112/135/193 113/136/193
f 113/136/194 114/137/194 111/134/194
f 115/138/195 116/139/195 117/140/195
f 117/140/195 118/141/195 115/138/195
f 119/142/196 120/143/196 121/144/196
f 121/144/197 122/145/197 119/142/197
f 123/146/198 124/147/198 125/148/198
f 125/148/198 126/149/198 123/146/198
f 100/123/199 95/118/199 98/121/199
f 98/121/199 101/124/199 100/123/199
f 96/119/200 123/146/200 126/149/200
f 126/149/201 97/120/201 96/119/201
f 104/150/202 99/122/202 102/125/202
f 102/125/202 105/151/202 104/150/202
f 108/131/203 103/126/203 106/129/203
f 106/129/203 109/132/203 108/131/203
f 112/135/204 107/130/204 110/133/204
f 110/133/205 113/136/205 112/135/205
f 116/139/206 111/134/206 114/137/206
f 114/137/206 117/140/206 116/139/206
f 120/143/207 115/138/207 118/141/207
f 118/141/208 121/144/208 120/143/208
f 124/147/209 119/142/209 122/145/209
f 122/145/209 125/148/209 124/147/209
f 127/118/187 128/119/187 129/120/187
f 129/120/188 130/121/188 127/118/188
f 131/122/189 132/123/189 133/124/189
f 133/124/190 134/125/190 131/122/190
f 135/126/191 136/127/191 137/128/191
f 137/128/191 138/129/191 135/126/191
f 139/130/192 140/131/192 141/132/192
f 141/132/192 142/133/192 139/130/192
f 143/134/193 144/135/193 145/136/193
f 145/136/194 146/137/194 143/134/194
f 147/138/195 148/139/195 149/140/195
f 149/140/195 150/141/195 147/138/195
f 151/142/196 152/143/196 153/144/196
f 153/144/197 154/145/197 151/142/197
f 155/146/198 156/147/198 157/148/198
f 157/148/198 158/149/198 155/146/198
f 132/123/199 127/118/199 130/121/199
f 130/121/199 133/124/199 132/123/199
f 128/119/200 155/146/200 158/149/200
f 158/149/201 129/120/201 128/119/201
f 136/150/202 131/122/202 134/125/202
f 134/125/202 137/151/202 136/150/202
f 140/131/203 135/126/203 138/129/203
f 138/129/203 141/132/203 140/131/203
f 144/135/204 139/130/204 142/133/204
f 142/133/205 145/136/205 144/135/205
f 148/139/206 143/134/206 146/137/206
f 146/137/206 149/140/206 148/139/206
f 152/143/207 147/138/207 150/141/207
f 150/141/208 153/144/208 152/143/208
f 156/147/209 151/142/209 154/145/209
f 154/145/209 157/148/209 156/147/209
f 159/152/210 160/153/210 161/154/210
f 161/154/211 162/155/211 159/152/211
f 58/156/212 163/157/212 164/158/212
f 164/158/213 56/159/213 58/156/213
f 56/160/214 164/161/214 48/162/214
f 48/23/215 160/24/215 159/163/215
f 159/163/216 49/164/216 48/23/216
f 161/27/217 164/28/217 163/165/217
f 163/165/218 162/166/218 161/27/218
f 165/167/219 166/168/219 167/169/219
f 167/169/220 168/170/220 165/167/220
f 160/171/221 48/172/221 164/173/221
f 164/173/222 161/174/222 160/171/222
f 169/169/223 170/175/223 54/176/223
f 54/176/224 49/168/224 169/169/224
f 169/177/225 168/178/225 167/179/225
f 167/179/226 170/180/226 169/177/226
f 165/181/227 58/182/227 57/183/227
f 57/183/228 166/184/228 165/181/228
f 57/185/229 77/186/229 171/187/229
f 171/187/230 172/188/230 57/185/230
f 173/189/231 174/190/231 175/191/231
f 175/191/232 176/192/232 173/189/232
f 171/23/233 174/24/233 173/163/233
f 173/163/234 172/164/234 171/23/234
f 175/64/235 61/65/235 54/193/235
f 54/193/236 176/194/236 175/64/236
f 174/171/237 171/172/237 61/173/237
f 61/173/238 175/174/238 174/171/238
f 163/195/239 58/182/239 165/196/239
f 166/197/240 57/198/240 172/199/240
f 169/200/241 159/201/241 162/202/241
f 162/202/242 168/203/242 169/200/242
f 159/204/243 169/205/243 49/206/243
f 168/207/244 162/208/244 163/209/244
f 163/209/245 165/210/245 168/207/245
f 173/211/246 167/212/246 166/213/246
f 166/213/247 172/214/247 173/211/247
f 170/215/248 176/216/248 54/217/248
f 167/218/249 173/219/249 176/220/249
f 176/220/250 170/221/250 167/218/250
f 61/161/251 171/162/251 77/222/251
f 177/152/252 178/153/252 179/154/252
f 179/154/253 180/155/253 177/152/253
f 79/156/254 181/157/254 182/158/254
f 182/158/255 78/159/255 79/156/255
f 78/160/256 182/161/256 62/162/256
f 62/23/257 178/24/257 177/163/257
f 177/163/258 1/164/258 62/23/258
f 179/27/259 182/28/259 181/165/259
f 181/165/260 180/166/260 179/27/260
f 183/167/261 184/168/261 185/169/261
f 185/169/262 186/170/262 183/167/262
f 178/171/263 62/172/263 182/173/263
f 182/173/264 179/174/264 178/171/264
f 187/169/265 188/175/265 2/176/265
f 2/176/266 1/168/266 187/169/266
f 187/177/267 186/178/267 185/179/267
f 185/179/268 188/180/268 187/177/268
f 183/181/269 79/182/269 63/183/269
f 63/183/270 184/184/270 183/181/270
f 181/195/271 79/182/271 183/196/271
f 184/197/272 63/198/272 66/199/272
f 187/200/273 177/201/273 180/202/273
f 180/202/274 186/203/274 187/200/274
f 177/204/275 187/205/275 1/206/275
f 186/207/276 180/208/276 181/209/276
f 181/209/277 183/210/277 186/207/277
f 72/211/278 185/212/278 184/213/278
f 184/213/279 66/214/279 72/211/279
f 188/215/280 69/216/280 2/217/280
f 185/218/281 72/219/281 69/220/281
f 69/220/282 188/221/282 185/218/282
f 189/167/283 190/168/283 191/169/283
f 191/169/284 192/170/284 189/167/284
f 193/169/285 194/175/285 26/176/285
f 26/176/286 21/168/286 193/169/286
f 193/223/287 192/224/287 191/225/287
f 191/225/288 194/226/288 193/223/288
f 189/181/289 13/182/289 27/183/289
f 27/183/290 190/184/290 189/181/290
f 27/185/291 43/186/291 195/187/291
f 195/187/292 196/188/292 27/185/292
f 197/189/293 198/190/293 199/191/293
f 199/191/294 200/192/294 197/189/294
f 195/23/295 198/24/295 197/163/295
f 197/163/296 196/164/296 195/23/296
f 199/64/297 35/65/297 26/193/297
f 26/193/298 200/194/298 199/64/298
f 198/171/299 195/172/299 35/173/299
f 35/173/300 199/174/300 198/171/300
f 14/195/301 13/182/301 189/196/301
f 190/197/302 27/198/302 196/199/302
f 193/227/303 7/228/303 12/229/303
f 12/229/304 192/230/304 193/227/304
f 7/204/305 193/205/305 21/206/305
f 192/207/306 12/208/306 14/209/306
f 14/209/307 189/210/307 192/207/307
f 197/211/308 191/212/308 190/213/308
f 190/213/309 196/214/309 197/211/309
f 194/215/310 200/216/310 26/217/310
f 191/218/311 197/219/311 200/220/311
f 200/220/312 194/221/312 191/218/312
f 35/161/313 195/162/313 43/222/313
f 201/152/314 202/153/314 203/154/314
f 203/154/315 204/155/315 201/152/315
f 46/156/316 205/157/316 206/158/316
f 206/158/317 44/159/317 46/156/317
f 44/160/318 206/161/318 36/162/318
f 36/23/319 202/24/319 201/163/319
f 201/163/320 37/164/320 36/23/320
f 203/27/321 206/28/321 205/165/321
f 205/165/322 204/166/322 203/27/322
f 207/167/323 208/168/323 209/169/323
f 209/169/324 210/170/324 207/167/324
f 202/171/325 36/172/325 206/173/325
f 206/173/326 203/174/326 202/171/326
f 211/169/327 212/175/327 42/176/327
f 42/176/328 37/168/328 211/169/328
f 211/177/329 210/178/329 209/179/329
f 209/179/330 212/180/330 211/177/330
f 207/181/331 46/182/331 45/183/331
f 45/183/332 208/184/332 207/181/332
f 45/185/333 55/186/333 213/187/333
f 213/187/334 214/188/334 45/185/334
f 215/189/335 216/190/335 217/191/335
f 217/191/336 218/192/336 215/189/336
f 213/23/337 216/24/337 215/163/337
f 215/163/338 214/164/338 213/23/338
f 217/64/339 47/65/339 42/193/339
f 42/193/340 218/194/340 217/64/340
f 216/171/341 213/172/341 47/173/341
f 47/173/342 217/174/342 216/171/342
f 205/195/343 46/182/343 207/196/343
f 208/197/344 45/198/344 214/199/344
f 211/200/345 201/201/345 204/202/345
f 204/202/346 210/203/346 211/200/346
f 201/204/347 211/205/347 37/206/347
f 210/207/348 204/208/348 205/209/348
f 205/209/349 207/210/349 210/207/349
f 215/211/350 209/212/350 208/213/350
f 208/213/351 214/214/351 215/211/351
f 212/215/352 218/216/352 42/217/352
f 209/218/353 215/219/353 218/220/353
f 218/220/354 212/221/354 209/218/354
f 47/161/355 213/162/355 55/222/355
f 219/231/356 220/232/356 221/233/356
f 221/233/357 222/234/357 219/231/357
f 223/235/358 224/236/358 225/237/358
f 225/237/359 226/238/359 223/235/359
f 224/239/360 219/240/360 222/241/360
f 222/241/361 225/242/361 224/239/361
f 220/243/362 223/244/362 226/245/362
f 226/245/363 221/246/363 220/243/363
f 226/247/364 225/248/364 222/249/364
f 222/249/364 221/250/364 226/247/364
f 227/251/35 228/252/35 229/253/35
f 229/253/35 230/254/35 227/251/35
f 231/255/365 232/256/365 233/257/365
f 233/257/365 234/258/365 231/255/365
f 235/259/77 236/260/77 237/261/77
f 237/261/77 238/262/77 235/259/77
f 239/263/19 240/264/19 241/265/19
f 241/265/19 242/266/19 239/263/19
f 243/267/77 244/268/77 245/269/77
f 245/269/77 246/270/77 243/267/77
f 247/261/365 248/262/365 249/259/365
f 249/259/365 250/260/365 247/261/365
f 251/271/19 252/272/19 253/273/19
f 253/273/19 254/274/19 251/271/19
f 255/275/77 256/276/77 257/277/77
f 257/277/77 258/278/77 255/275/77
f 259/276/365 260/277/365 261/278/365
f 261/278/365 262/275/365 259/276/365
f 263/272/366 264/273/366 265/274/366
f 265/274/366 266/271/366 263/272/366
f 263/279/120 266/280/120 260/281/120
f 260/281/120 259/282/120 252/283/120
f 263/279/120 260/281/120 252/283/120
f 252/283/120 251/284/120 255/285/120
f 263/279/120 252/283/120 255/285/120
f 258/286/120 263/279/120 255/285/120
f 227/287/367 235/288/367 238/289/367
f 238/289/367 228/290/367 227/287/367
f 229/291/368 232/292/368 231/293/368
f 231/293/368 230/294/368 229/291/368
f 239/289/369 247/290/369 250/287/369
f 250/287/369 240/288/369 239/289/369
f 241/293/370 244/294/370 243/291/370
f 243/291/370 242/292/370 241/293/370
f 252/295/369 259/296/369 262/297/369
f 262/297/369 253/298/369 252/295/369
f 255/297/370 251/298/370 254/295/370
f 254/295/370 256/296/370 255/297/370
f 263/297/367 258/298/367 257/295/367
f 257/295/367 264/296/367 263/297/367
f 265/297/368 261/298/368 260/295/368
f 260/295/368 266/296/368 265/297/368
f 234/299/371 233/300/371 267/301/371
f 267/301/371 268/302/371 234/299/371
f 233/303/372 249/304/372 269/305/372
f 269/305/372 267/306/372 233/303/372
f 249/307/373 248/308/373 270/309/373
f 270/309/373 269/310/373 249/307/373
f 248/311/374 234/312/374 268/313/374
f 268/313/374 270/314/374 248/311/374
f 237/299/375 236/300/375 271/301/375
f 271/301/375 272/302/375 237/299/375
f 236/303/376 246/304/376 273/305/376
f 273/305/376 271/306/376 236/303/376
f 246/307/377 245/308/377 274/309/377
f 274/309/377 273/310/377 246/307/377
f 245/311/378 237/312/378 272/313/378
f 272/313/378 274/314/378 245/311/378
f 275/251/19 276/252/19 277/253/19
f 277/253/19 278/254/19 275/251/19
f 279/255/365 280/256/365 281/257/365
f 281/257/365 282/258/365 279/255/365
f 283/259/77 284/260/77 285/261/77
f 285/261/77 286/262/77 283/259/77
f 287/263/35 288/264/35 289/265/35
f 289/265/35 290/266/35 287/263/35
f 291/267/77 292/268/77 293/269/77
f 293/269/77 294/270/77 291/267/77
f 295/261/365 296/262/365 297/259/365
f 297/259/365 298/260/365 295/261/365
f 275/287/370 283/288/370 286/289/370
f 286/289/370 276/290/370 275/287/370
f 277/291/369 280/292/369 279/293/369
f 279/293/369 278/294/369 277/291/369
f 287/289/368 295/290/368 298/287/368
f 298/287/368 288/288/368 287/289/368
f 289/293/367 292/294/367 291/291/367
f 291/291/367 290/292/367 289/293/367
f 282/299/373 281/300/373 299/301/373
f 299/301/373 300/302/373 282/299/373
f 281/303/374 297/304/374 301/305/374
f 301/305/374 299/306/374 281/303/374
f 297/307/371 296/308/371 302/309/371
f 302/309/371 301/310/371 297/307/371
f 296/311/372 282/312/372 300/313/372
f 300/313/372 302/314/372 296/311/372
f 285/299/377 284/300/377 303/301/377
f 303/301/377 304/302/377 285/299/377
f 284/303/378 294/304/378 305/305/378
f 305/305/378 303/306/378 284/303/378
f 294/307/375 293/308/375 306/309/375
f 306/309/375 305/310/375 294/307/375
f 293/311/376 285/312/376 304/313/376
f 304/313/376 306/314/376 293/311/376
f 307/251/35 308/252/35 309/253/35
f 309/253/35 310/254/35 307/251/35
f 311/255/365 312/256/365 313/257/365
f 313/257/365 314/258/365 311/255/365
f 315/259/77 316/260/77 317/261/77
f 317/261/77 318/262/77 315/259/77
f 319/263/19 320/264/19 321/265/19
f 321/265/19 322/266/19 319/263/19
f 323/267/77 324/268/77 325/269/77
f 325/269/77 326/270/77 323/267/77
f 327/261/365 328/262/365 329/259/365
f 329/259/365 330/260/365 327/261/365
f 307/287/367 315/288/367 318/289/367
f 318/289/367 308/290/367 307/287/367
f 309/291/368 312/292/368 311/293/368
f 311/293/368 310/294/368 309/291/368
f 319/289/369 327/290/369 330/287/369
f 330/287/369 320/288/369 319/289/369
f 321/293/370 324/294/370 323/291/370
f 323/291/370 322/292/370 321/293/370
f 314/299/371 313/300/371 331/301/371
f 331/301/371 332/302/371 314/299/371
f 313/303/372 329/304/372 333/305/372
f 333/305/372 331/306/372 313/303/372
f 329/307/373 328/308/373 334/309/373
f 334/309/373 333/310/373 329/307/373
f 328/311/374 314/312/374 332/313/374
f 332/313/374 334/314/374 328/311/374
f 317/299/375 316/300/375 335/301/375
f 335/301/375 336/302/375 317/299/375
f 316/303/376 326/304/376 337/305/376
f 337/305/376 335/306/376 316/303/376
f 326/307/377 325/308/377 338/309/377
f 338/309/377 337/310/377 326/307/377
f 325/311/378 317/312/378 336/313/378
f 336/313/378 338/314/378 325/311/378
f 310/315/120 311/316/120 314/317/120
f 314/317/120 328/318/120 327/319/120
f 310/315/120 314/317/120 327/319/120
f 327/319/120 319/320/120 322/321/120
f 322/321/120 323/322/120 326/323/120
f 327/319/120 322/321/120 326/323/120
f 310/315/120 327/319/120 326/323/120
f 310/315/120 326/323/120 316/324/120
f 310/315/120 316/324/120 315/325/120
f 310/315/120 315/325/120 307/326/120
f 339/327/379 340/328/379 341/329/379
f 341/329/380 342/330/380 339/327/380
f 343/331/381 344/332/381 345/333/381
f 345/333/382 346/334/382 343/331/382
f 347/335/383 348/336/383 349/337/383
f 349/337/383 342/338/383 347/335/383
f 350/339/384 351/340/384 341/341/384
f 341/341/384 352/342/384 350/339/384
f 351/340/385 347/343/385 342/344/385
f 342/344/385 341/341/385 351/340/385
f 353/345/386 354/346/386 355/347/386
f 355/347/386 356/348/386 353/345/386
f 357/349/387 358/350/387 359/351/387
f 359/351/387 346/352/387 357/349/387
f 360/353/388 357/349/388 346/352/388
f 346/352/388 345/354/388 360/353/388
f 361/355/389 360/356/389 345/357/389
f 345/357/389 362/358/389 361/355/389
f 363/359/390 364/360/390 365/361/390
f 365/361/390 366/362/390 363/359/390
f 367/363/391 368/364/391 369/365/391
f 369/365/391 370/366/391 367/363/391
f 349/367/392 371/368/392 372/369/392
f 372/369/392 373/370/392 349/367/392
f 371/371/393 339/372/393 374/373/393
f 374/373/393 372/374/393 371/371/393
f 339/375/394 342/376/394 375/377/394
f 375/377/395 374/378/395 339/375/395
f 342/379/396 349/380/396 373/381/396
f 373/381/396 375/382/396 342/379/396
f 341/367/397 340/368/397 376/369/397
f 376/369/398 377/370/398 341/367/398
f 340/383/399 378/384/399 379/385/399
f 379/385/400 376/386/400 340/383/400
f 380/387/401 381/388/401 382/389/401
f 382/389/402 379/390/402 380/387/402
f 382/391/403 383/392/403 343/393/403
f 343/393/404 384/394/404 382/391/404
f 343/375/405 346/376/405 385/377/405
f 385/377/406 384/378/406 343/375/406
f 346/395/407 359/396/407 386/397/407
f 386/397/408 385/398/408 346/395/408
f 356/399/409 355/400/409 387/401/409
f 387/401/409 386/402/409 356/399/409
f 387/403/410 352/404/410 341/405/410
f 341/405/411 377/406/411 387/403/411
f 345/367/412 344/368/412 388/369/412
f 388/369/413 389/370/413 345/367/413
f 344/371/414 390/372/414 391/373/414
f 391/373/415 388/374/415 344/371/415
f 390/375/416 362/376/416 392/377/416
f 392/377/417 391/378/417 390/375/417
f 362/379/418 345/380/418 389/381/418
f 389/381/418 392/382/418 362/379/418
f 365/367/419 393/368/419 394/369/419
f 394/369/420 395/370/420 365/367/420
f 393/371/421 396/372/421 397/373/421
f 397/373/422 394/374/422 393/371/422
f 396/375/423 366/376/423 398/377/423
f 398/377/424 397/378/424 396/375/424
f 366/379/425 365/380/425 395/381/425
f 395/381/425 398/382/425 366/379/425
f 399/375/426 370/376/426 400/377/426
f 400/377/426 401/378/426 399/375/426
f 370/379/427 369/380/427 402/381/427
f 402/381/427 400/382/427 370/379/427
f 369/367/428 403/368/428 404/369/428
f 404/369/429 402/370/429 369/367/429
f 403/371/430 399/372/430 401/373/430
f 401/373/430 404/374/430 403/371/430
f 348/407/431 347/408/431 405/409/431
f 405/409/431 406/410/431 348/407/431
f 351/411/432 350/412/432 407/413/432
f 407/413/432 408/414/432 351/411/432
f 347/415/433 351/416/433 408/417/433
f 408/417/433 405/418/433 347/415/433
f 407/419/434 354/420/434 353/421/434
f 353/421/434 409/422/434 407/419/434
f 409/423/435 358/424/435 357/425/435
f 357/425/435 410/426/435 409/423/435
f 357/427/436 360/428/436 411/429/436
f 411/429/437 410/430/437 357/427/437
f 360/407/438 361/408/438 412/409/438
f 412/409/439 411/410/439 360/407/439
f 364/431/440 363/432/440 413/433/440
f 413/433/440 414/434/440 364/431/440
f 368/435/441 367/432/441 415/436/441
f 415/436/441 416/437/441 368/435/441
f 417/438/19 418/439/19 419/440/19
f 405/441/19 408/442/19 407/443/19
f 407/443/19 409/444/19 410/445/19
f 405/441/19 407/443/19 410/445/19
f 406/446/19 405/441/19 410/445/19
f 406/446/19 410/445/19 411/447/19
f 412/448/19 420/449/19 421/450/19
f 421/450/19 422/451/19 423/452/19
f 412/448/19 421/450/19 423/452/19
f 411/447/19 412/448/19 423/452/19
f 411/447/19 423/452/19 414/453/19
f 413/454/19 424/455/19 425/456/19
f 425/456/19 426/457/19 427/458/19
f 413/454/19 425/456/19 427/458/19
f 414/453/19 413/454/19 427/458/19
f 414/453/19 427/458/19 416/459/19
f 411/447/19 414/453/19 416/459/19
f 406/446/19 411/447/19 416/459/19
f 419/440/19 406/446/19 416/459/19
f 419/440/19 416/459/19 415/460/19
f 417/438/19 419/440/19 415/460/19
f 417/438/19 415/460/19 428/461/19
f 429/438/35 430/439/35 431/440/35
f 432/441/35 433/442/35 434/443/35
f 434/443/35 435/444/35 436/445/35
f 432/441/35 434/443/35 436/445/35
f 437/446/35 432/441/35 436/445/35
f 437/446/35 436/445/35 438/447/35
f 439/448/35 440/449/35 441/450/35
f 441/450/35 442/451/35 443/452/35
f 439/448/35 441/450/35 443/452/35
f 438/447/35 439/448/35 443/452/35
f 438/447/35 443/452/35 444/453/35
f 445/454/35 446/455/35 447/456/35
f 447/456/35 448/457/35 449/458/35
f 445/454/35 447/456/35 449/458/35
f 444/453/35 445/454/35 449/458/35
f 444/453/35 449/458/35 450/459/35
f 438/447/35 444/453/35 450/459/35
f 437/446/35 438/447/35 450/459/35
f 431/440/35 437/446/35 450/459/35
f 431/440/35 450/459/35 451/460/35
f 429/438/35 431/440/35 451/460/35
f 429/438/35 451/460/35 452/461/35
f 453/462/442 454/463/442 455/464/442
f 455/464/442 456/465/442 453/462/442
f 457/466/443 453/467/443 456/468/443
f 456/468/443 458/469/443 457/466/443
f 459/462/444 460/463/444 461/464/444
f 461/464/444 462/465/444 459/462/444
f 454/466/445 459/467/445 462/468/445
f 462/468/445 455/469/445 454/466/445
f 463/462/446 464/463/446 465/464/446
f 465/464/446 466/465/446 463/462/446
f 460/466/447 463/467/447 466/468/447
f 466/468/447 461/469/447 460/466/447
f 467/462/448 457/463/448 458/464/448
f 458/464/448 468/465/448 467/462/448
f 464/466/449 467/467/449 468/468/449
f 468/468/449 465/469/449 464/466/449
f 469/470/450 470/471/450 471/472/450
f 471/472/451 472/473/451 469/470/451
f 473/474/452 474/475/452 475/476/452
f 475/476/452 476/477/452 473/474/452
f 477/478/442 478/479/442 479/480/442
f 479/480/442 480/481/442 477/478/442
f 481/482/453 482/483/453 483/484/453
f 483/484/454 484/485/454 481/482/454
f 485/486/455 486/487/455 487/488/455
f 487/488/456 488/489/456 485/486/456
f 489/490/457 490/491/457 491/492/457
f 491/492/457 492/493/457 489/490/457
f 493/494/458 494/495/458 495/496/458
f 495/496/459 496/497/459 493/494/459
f 497/498/460 498/499/460 499/500/460
f 499/500/460 500/501/460 497/498/460
f 474/475/461 469/470/461 472/473/461
f 472/473/461 475/476/461 474/475/461
f 470/471/462 497/498/462 500/501/462
f 500/501/463 471/472/463 470/471/463
f 478/502/464 473/474/464 476/477/464
f 476/477/464 479/503/464 478/502/464
f 482/483/465 477/478/465 480/481/465
f 480/481/465 483/484/465 482/483/465
f 486/487/466 481/482/466 484/485/466
f 484/485/467 487/488/467 486/487/467
f 490/491/468 485/486/468 488/489/468
f 488/489/468 491/492/468 490/491/468
f 494/495/469 489/490/469 492/493/469
f 492/493/470 495/496/470 494/495/470
f 498/499/471 493/494/471 496/497/471
f 496/497/471 499/500/471 498/499/471
f 501/504/35 502/505/35 503/506/35
f 504/507/35 501/504/35 503/506/35
f 505/508/35 506/509/35 507/510/35
f 503/506/35 505/508/35 507/510/35
f 508/511/35 509/512/35 510/513/35
f 507/510/35 508/511/35 510/513/35
f 503/506/35 507/510/35 510/513/35
f 504/507/35 503/506/35 510/513/35
f 504/507/35 510/513/35 511/514/35
f 504/507/35 511/514/35 512/515/35
f 506/516/472 505/517/473 513/518/474
f 513/518/474 514/519/475 506/516/476
f 508/520/477 507/521/478 515/522/479
f 515/522/479 516/523/480 508/520/477
f 517/504/19 518/505/19 519/506/19
f 520/524/19 517/504/19 519/506/19
f 521/508/19 522/509/19 523/525/19
f 519/506/19 521/508/19 523/525/19
f 524/526/19 525/527/19 526/528/19
f 523/525/19 524/526/19 526/528/19
f 519/506/19 523/525/19 526/528/19
f 520/524/19 519/506/19 526/528/19
f 520/524/19 526/528/19 527/514/19
f 520/524/19 527/514/19 528/515/19
f 522/529/481 521/530/482 529/531/483
f 529/531/483 530/532/484 522/529/485
f 521/533/486 519/534/487 531/535/488
f 531/535/488 529/536/489 521/533/490
f 529/531/491 514/519/492 513/518/493
f 513/518/493 530/532/494 529/531/483
f 516/523/495 515/522/496 531/535/497
f 531/535/498 532/537/499 516/523/495
f 502/516/500 501/517/501 533/518/502
f 533/518/502 534/519/503 502/516/504
f 505/520/505 503/521/506 535/522/507
f 535/522/507 513/523/508 505/520/509
f 525/529/510 524/530/511 536/531/512
f 536/531/512 537/532/513 525/529/514
f 524/533/515 523/534/516 538/535/517
f 538/535/518 536/536/519 524/533/515
f 536/531/520 534/519/521 533/518/522
f 533/518/523 537/532/524 536/531/512
f 513/523/525 535/522/526 538/535/518
f 538/535/518 530/537/527 513/523/508
f 512/516/528 511/517/529 539/518/530
f 539/518/530 540/519/531 512/516/532
f 501/520/533 504/521/534 541/522/535
f 541/522/535 533/523/536 501/520/537
f 528/529/538 527/530/539 542/531/540
f 542/531/540 543/532/541 528/529/538
f 527/533/542 526/534/543 544/535/544
f 544/535/544 542/536/545 527/533/542
f 542/531/540 540/519/531 539/518/530
f 539/518/530 543/532/541 542/531/546
f 533/523/547 541/522/548 544/535/549
f 544/535/549 537/537/550 533/523/551
f 509/516/552 508/517/553 516/518/554
f 516/518/554 545/519/555 509/516/556
f 511/520/557 510/521/558 546/522/559
f 546/522/560 539/523/561 511/520/557
f 518/529/562 517/530/563 547/531/564
f 547/531/565 532/532/566 518/529/567
f 517/533/568 520/534/569 548/535/570
f 548/535/570 547/536/571 517/533/572
f 547/531/564 545/519/555 516/518/554
f 516/518/554 532/532/573 547/531/574
f 539/523/575 546/522/560 548/535/570
f 548/535/570 543/537/576 539/523/577
f 506/538/578 514/539/579 515/522/496
f 515/522/479 507/521/580 506/538/578
f 518/540/581 532/537/582 531/535/497
f 531/535/583 519/534/584 518/540/581
f 514/539/585 529/536/586 531/535/498
f 531/535/498 515/522/496 514/539/585
f 502/538/587 534/539/588 535/522/507
f 535/522/507 503/521/589 502/538/587
f 522/540/590 530/537/591 538/535/517
f 538/535/592 523/534/593 522/540/594
f 534/539/595 536/536/596 538/535/518
f 538/535/518 535/522/597 534/539/595
f 512/538/598 540/539/599 541/522/535
f 541/522/535 504/521/600 512/538/598
f 525/540/601 537/537/602 544/535/544
f 544/535/544 526/534/603 525/540/604
f 540/539/599 542/536/605 544/535/606
f 544/535/606 541/522/535 540/539/607
f 509/538/608 545/539/609 546/522/560
f 546/522/560 510/521/610 509/538/611
f 528/540/612 543/537/613 548/535/570
f 548/535/570 520/534/614 528/540/612
f 545/539/615 547/536/616 548/535/570
f 548/535/617 546/522/618 545/539/615
f 549/504/35 550/505/35 551/506/35
f 552/507/35 549/504/35 551/506/35
f 553/508/35 554/509/35 555/510/35
f 551/506/35 553/508/35 555/510/35
f 556/511/35 557/512/35 558/513/35
f 555/510/35 556/511/35 558/513/35
f 551/506/35 555/510/35 558/513/35
f 552/507/35 551/506/35 558/513/35
f 552/507/35 558/513/35 559/514/35
f 552/507/35 559/514/35 560/515/35
f 554/516/619 553/517/473 561/518/474
f 561/518/474 562/519/475 554/516/476
f 556/520/477 555/521/620 563/522/479
f 563/522/479 564/523/480 556/520/477
f 565/504/19 566/505/19 567/506/19
f 568/524/19 565/504/19 567/506/19
f 569/508/19 570/509/19 571/525/19
f 567/506/19 569/508/19 571/525/19
f 572/526/19 573/527/19 574/528/19
f 571/525/19 572/526/19 574/528/19
f 567/506/19 571/525/19 574/528/19
f 568/524/19 567/506/19 574/528/19
f 568/524/19 574/528/19 575/514/19
f 568/524/19 575/514/19 576/515/19
f 570/529/481 569/530/482 577/531/483
f 577/531/483 578/532/484 570/529/621
f 569/533/622 567/534/487 579/535/488
f 579/535/488 577/536/489 569/533/490
f 577/531/491 562/519/492 561/518/493
f 561/518/493 578/532/494 577/531/483
f 564/523/495 563/522/496 579/535/497
f 579/535/498 580/537/582 564/523/495
f 550/516/500 549/517/501 581/518/502
f 581/518/502 582/519/503 550/516/504
f 553/520/505 551/521/506 583/522/507
f 583/522/507 561/523/508 553/520/509
f 573/529/510 572/530/511 584/531/512
f 584/531/512 585/532/513 573/529/514
f 572/533/515 571/534/516 586/535/517
f 586/535/518 584/536/519 572/533/515
f 584/531/623 582/519/624 581/518/502
f 581/518/523 585/532/524 584/531/512
f 561/523/525 583/522/526 586/535/518
f 586/535/625 578/537/527 561/523/525
f 560/516/626 559/517/529 587/518/530
f 587/518/530 588/519/531 560/516/532
f 549/520/533 552/521/534 589/522/535
f 589/522/535 581/523/536 549/520/537
f 576/529/627 575/530/539 590/531/540
f 590/531/540 591/532/541 576/529/538
f 575/533/542 574/534/603 592/535/544
f 592/535/544 590/536/545 575/533/542
f 590/531/540 588/519/531 587/518/530
f 587/518/530 591/532/541 590/531/546
f 581/523/547 589/522/548 592/535/549
f 592/535/549 585/537/550 581/523/551
f 557/516/628 556/517/553 564/518/554
f 564/518/554 593/519/555 557/516/556
f 559/520/629 558/521/558 594/522/560
f 594/522/560 587/523/630 559/520/557
f 566/529/631 565/530/563 595/531/564
f 595/531/565 580/532/566 566/529/567
f 565/533/572 568/534/569 596/535/570
f 596/535/570 595/536/632 565/533/572
f 595/531/564 593/519/555 564/518/554
f 564/518/554 580/532/573 595/531/574
f 587/523/575 594/522/560 596/535/570
f 596/535/570 591/537/576 587/523/577
f 554/538/578 562/539/579 563/522/496
f 563/522/479 555/521/580 554/538/578
f 566/540/581 580/537/582 579/535/497
f 579/535/583 567/534/584 566/540/581
f 562/539/585 577/536/586 579/535/498
f 579/535/498 563/522/496 562/539/585
f 550/538/587 582/539/588 583/522/507
f 583/522/507 551/521/633 550/538/587
f 570/540/590 578/537/591 586/535/517
f 586/535/592 571/534/593 570/540/594
f 582/539/595 584/536/596 586/535/518
f 586/535/518 583/522/597 582/539/595
f 560/538/598 588/539/599 589/522/535
f 589/522/535 552/521/600 560/538/598
f 573/540/634 585/537/602 592/535/544
f 592/535/544 574/534/603 573/540/604
f 588/539/599 590/536/605 592/535/606
f 592/535/606 589/522/535 588/539/607
f 557/538/608 593/539/609 594/522/560
f 594/522/560 558/521/610 557/538/611
f 576/540/612 591/537/613 596/535/570
f 596/535/570 568/534/614 576/540/612
f 593/539/615 595/536/616 596/535/570
f 596/535/617 594/522/618 593/539/615
f 379/541/635 378/542/635 380/543/635
f 387/544/636 355/545/636 352/546/636
f 354/547/637 407/548/637 350/549/637
f 382/550/638 381/551/638 383/552/638
f 386/553/639 359/554/639 356/555/639
f 353/556/640 358/557/640 409/558/640
f 354/559/641 350/560/641 352/561/641
f 352/561/641 355/562/641 354/559/641
f 358/350/642 353/345/642 356/348/642
f 356/348/642 359/351/642 358/350/642
f 390/327/643 597/328/643 598/329/643
f 598/329/644 362/330/644 390/327/644
f 599/331/645 393/332/645 365/333/645
f 365/333/646 600/334/646 599/331/646
f 601/339/647 602/340/647 598/341/647
f 598/341/647 603/342/647 601/339/647
f 602/340/648 361/343/648 362/344/648
f 362/344/648 598/341/648 602/340/648
f 604/345/649 605/346/649 606/347/649
f 606/347/649 607/348/649 604/345/649
f 608/349/52 609/350/52 610/351/52
f 610/351/52 600/352/52 608/349/52
f 364/353/646 608/349/646 600/352/646
f 600/352/646 365/354/646 364/353/646
f 598/367/650 597/368/650 611/369/650
f 611/369/650 612/370/650 598/367/650
f 597/383/651 613/384/651 614/385/651
f 614/385/652 611/386/652 597/383/652
f 615/387/653 616/388/653 617/389/653
f 617/389/654 614/390/654 615/387/654
f 617/391/655 618/392/655 599/393/655
f 599/393/656 619/394/656 617/391/656
f 599/375/657 600/376/657 620/377/657
f 620/377/657 619/378/657 599/375/657
f 600/395/658 610/396/658 621/397/658
f 621/397/659 620/398/659 600/395/659
f 607/399/660 606/400/660 622/401/660
f 622/401/660 621/402/660 607/399/660
f 622/403/661 603/404/661 598/405/661
f 598/405/662 612/406/662 622/403/662
f 602/411/663 601/412/663 421/413/663
f 421/413/663 420/414/663 602/411/663
f 361/415/664 602/416/664 420/417/664
f 420/417/664 412/418/664 361/415/664
f 421/419/665 605/420/665 604/421/665
f 604/421/665 422/422/665 421/419/665
f 422/423/666 609/424/666 608/425/666
f 608/425/666 423/426/666 422/423/666
f 608/427/667 364/428/667 414/429/667
f 414/429/667 423/430/667 608/427/667
f 614/541/668 613/542/668 615/543/668
f 622/544/669 606/545/669 603/546/669
f 605/547/670 421/548/670 601/549/670
f 617/550/671 616/551/671 618/552/671
f 621/553/672 610/554/672 607/555/672
f 604/556/673 609/557/673 422/558/673
f 605/559/674 601/560/674 603/561/674
f 603/561/674 606/562/674 605/559/674
f 609/350/675 604/345/675 607/348/675
f 607/348/675 610/351/675 609/350/675
f 396/327/676 623/328/676 624/329/676
f 624/329/677 366/330/677 396/327/677
f 625/331/678 403/332/678 369/333/678
f 369/333/679 626/334/679 625/331/679
f 627/339/680 628/340/680 624/341/680
f 624/341/680 629/342/680 627/339/680
f 628/340/681 363/343/681 366/344/681
f 366/344/681 624/341/681 628/340/681
f 630/345/682 631/346/682 632/347/682
f 632/347/682 633/348/682 630/345/682
f 634/349/84 635/350/84 636/351/84
f 636/351/84 626/352/84 634/349/84
f 368/353/683 634/349/683 626/352/683
f 626/352/684 369/354/684 368/353/684
f 624/367/685 623/368/685 637/369/685
f 637/369/686 638/370/686 624/367/686
f 623/383/687 639/384/687 640/385/687
f 640/385/688 637/386/688 623/383/688
f 641/387/689 642/388/689 643/389/689
f 643/389/690 640/390/690 641/387/690
f 643/391/691 644/392/691 625/393/691
f 625/393/692 645/394/692 643/391/692
f 625/375/693 626/376/693 646/377/693
f 646/377/694 645/378/694 625/375/694
f 626/395/695 636/396/695 647/397/695
f 647/397/696 646/398/696 626/395/696
f 633/399/697 632/400/697 648/401/697
f 648/401/697 647/402/697 633/399/697
f 648/403/698 629/404/698 624/405/698
f 624/405/699 638/406/699 648/403/699
f 628/411/700 627/412/700 425/413/700
f 425/413/700 424/414/700 628/411/700
f 363/415/701 628/416/701 424/417/701
f 424/417/701 413/418/701 363/415/701
f 425/419/702 631/420/702 630/421/702
f 630/421/702 426/422/702 425/419/702
f 426/423/703 635/424/703 634/425/703
f 634/425/703 427/426/703 426/423/703
f 634/427/704 368/428/704 416/429/704
f 416/429/705 427/430/705 634/427/705
f 640/541/706 639/542/706 641/543/706
f 648/544/707 632/545/707 629/546/707
f 631/547/708 425/548/708 627/549/708
f 643/550/709 642/551/709 644/552/709
f 647/553/710 636/554/710 633/555/710
f 630/556/711 635/557/711 426/558/711
f 631/559/712 627/560/712 629/561/712
f 629/561/712 632/562/712 631/559/712
f 635/350/713 630/345/713 633/348/713
f 633/348/713 636/351/713 635/350/713
f 399/327/714 649/328/714 650/329/714
f 650/329/714 370/330/714 399/327/714
f 651/331/715 371/332/715 349/333/715
f 349/333/715 652/334/715 651/331/715
f 653/339/716 654/340/716 650/341/716
f 650/341/716 655/342/716 653/339/716
f 654/340/714 367/343/714 370/344/714
f 370/344/714 650/341/714 654/340/714
f 656/345/717 657/346/717 658/347/717
f 658/347/717 659/348/717 656/345/717
f 660/349/121 661/350/121 662/351/121
f 662/351/121 652/352/121 660/349/121
f 348/353/715 660/349/715 652/352/715
f 652/352/715 349/354/715 348/353/715
f 650/367/718 649/368/718 663/369/718
f 663/369/718 664/370/718 650/367/718
f 649/383/719 665/384/719 666/385/719
f 666/385/720 663/386/720 649/383/720
f 667/387/721 668/388/721 669/389/721
f 669/389/721 666/390/721 667/387/721
f 669/391/722 670/392/722 651/393/722
f 651/393/723 671/394/723 669/391/723
f 651/375/724 652/376/724 672/377/724
f 672/377/724 671/378/724 651/375/724
f 652/395/725 662/396/725 673/397/725
f 673/397/726 672/398/726 652/395/726
f 659/399/727 658/400/727 674/401/727
f 674/401/727 673/402/727 659/399/727
f 674/403/728 655/404/728 650/405/728
f 650/405/729 664/406/729 674/403/729
f 654/411/730 653/412/730 417/413/730
f 417/413/730 428/414/730 654/411/730
f 367/415/731 654/416/731 428/417/731
f 428/417/731 415/418/731 367/415/731
f 417/419/732 657/420/732 656/421/732
f 656/421/732 418/422/732 417/419/732
f 418/423/733 661/424/733 660/425/733
f 660/425/733 419/426/733 418/423/733
f 660/427/734 348/428/734 406/429/734
f 406/429/735 419/430/735 660/427/735
f 666/541/736 665/542/736 667/543/736
f 674/544/737 658/545/737 655/546/737
f 657/547/738 417/548/738 653/549/738
f 669/550/739 668/551/739 670/552/739
f 673/553/740 662/554/740 659/555/740
f 656/556/741 661/557/741 418/558/741
f 657/559/742 653/560/742 655/561/742
f 655/561/742 658/562/742 657/559/742
f 661/350/743 656/345/743 659/348/743
f 659/348/743 662/351/743 661/350/743
f 675/335/744 676/336/744 339/337/744
f 339/337/744 677/338/744 675/335/744
f 678/339/121 679/340/121 680/341/121
f 680/341/745 681/342/745 678/339/745
f 679/340/746 675/343/746 677/344/746
f 677/344/746 680/341/746 679/340/746
f 682/345/747 683/346/747 684/347/747
f 684/347/747 685/348/747 682/345/747
f 686/349/748 687/350/748 688/351/748
f 688/351/748 689/352/748 686/349/748
f 690/353/749 686/349/749 689/352/749
f 689/352/749 691/354/749 690/353/749
f 692/355/750 690/356/750 691/357/750
f 691/357/751 403/358/751 692/355/751
f 693/359/752 694/360/752 396/361/752
f 396/361/753 393/362/753 693/359/753
f 695/363/754 696/364/754 390/365/754
f 390/365/755 344/366/755 695/363/755
f 676/407/756 675/408/756 432/409/756
f 432/409/756 437/410/756 676/407/756
f 679/411/757 678/412/757 434/413/757
f 434/413/757 433/414/757 679/411/757
f 675/415/758 679/416/758 433/417/758
f 433/417/758 432/418/758 675/415/758
f 434/419/759 683/420/759 682/421/759
f 682/421/759 435/422/759 434/419/759
f 435/423/760 687/424/760 686/425/760
f 686/425/760 436/426/760 435/423/760
f 686/427/761 690/428/761 438/429/761
f 438/429/761 436/430/761 686/427/761
f 690/407/762 692/408/762 439/409/762
f 439/409/763 438/410/763 690/407/763
f 694/431/764 693/432/764 445/433/764
f 445/433/764 444/434/764 694/431/764
f 696/435/765 695/432/765 451/436/765
f 451/436/765 450/437/765 696/435/765
f 683/547/766 434/548/766 678/549/766
f 682/556/767 687/557/767 435/558/767
f 683/559/768 678/560/768 681/561/768
f 681/561/768 684/562/768 683/559/768
f 687/350/769 682/345/769 685/348/769
f 685/348/769 688/351/769 687/350/769
f 697/339/84 698/340/84 625/341/84
f 625/341/770 644/342/770 697/339/770
f 698/340/771 692/343/771 403/344/771
f 403/344/772 625/341/772 698/340/772
f 699/345/773 700/346/773 642/347/773
f 642/347/774 641/348/774 699/345/774
f 701/349/775 702/350/775 639/351/775
f 639/351/775 623/352/775 701/349/775
f 694/353/776 701/349/776 623/352/776
f 623/352/777 396/354/777 694/353/777
f 698/411/778 697/412/778 441/413/778
f 441/413/778 440/414/778 698/411/778
f 692/415/779 698/416/779 440/417/779
f 440/417/779 439/418/779 692/415/779
f 441/419/780 700/420/780 699/421/780
f 699/421/780 442/422/780 441/419/780
f 442/423/781 702/424/781 701/425/781
f 701/425/781 443/426/781 442/423/781
f 701/427/782 694/428/782 444/429/782
f 444/429/783 443/430/783 701/427/783
f 700/547/784 441/548/784 697/549/784
f 699/556/785 702/557/785 442/558/785
f 700/559/786 697/560/786 644/561/786
f 644/561/787 642/562/787 700/559/787
f 702/350/788 699/345/788 641/348/788
f 641/348/788 639/351/788 702/350/788
f 703/339/789 704/340/789 599/341/789
f 599/341/52 618/342/52 703/339/52
f 704/340/790 693/343/790 393/344/790
f 393/344/791 599/341/791 704/340/791
f 705/345/792 706/346/792 616/347/792
f 616/347/793 615/348/793 705/345/793
f 707/349/794 708/350/794 613/351/794
f 613/351/795 597/352/795 707/349/795
f 696/353/796 707/349/796 597/352/796
f 597/352/797 390/354/797 696/353/797
f 704/411/798 703/412/798 447/413/798
f 447/413/798 446/414/798 704/411/798
f 693/415/799 704/416/799 446/417/799
f 446/417/799 445/418/799 693/415/799
f 447/419/800 706/420/800 705/421/800
f 705/421/800 448/422/800 447/419/800
f 448/423/801 708/424/801 707/425/801
f 707/425/801 449/426/801 448/423/801
f 707/427/802 696/428/802 450/429/802
f 450/429/803 449/430/803 707/427/803
f 706/547/804 447/548/804 703/549/804
f 705/556/805 708/557/805 448/558/805
f 706/559/806 703/560/806 618/561/806
f 618/561/807 616/562/807 706/559/807
f 708/350/808 705/345/808 615/348/808
f 615/348/809 613/351/809 708/350/809
f 709/339/810 710/340/810 343/341/810
f 343/341/811 383/342/811 709/339/811
f 710/340/812 695/343/812 344/344/812
f 344/344/813 343/341/813 710/340/813
f 711/345/814 712/346/814 381/347/814
f 381/347/815 713/348/815 711/345/815
f 714/349/816 715/350/816 716/351/816
f 716/351/817 340/352/817 714/349/817
f 676/353/818 714/349/818 340/352/818
f 340/352/819 339/354/819 676/353/819
f 710/411/820 709/412/820 429/413/820
f 429/413/820 452/414/820 710/411/820
f 695/415/821 710/416/821 452/417/821
f 452/417/821 451/418/821 695/415/821
f 429/419/822 712/420/822 711/421/822
f 711/421/822 430/422/822 429/419/822
f 430/423/823 715/424/823 714/425/823
f 714/425/823 431/426/823 430/423/823
f 714/427/824 676/428/824 437/429/824
f 437/429/824 431/430/824 714/427/824
f 712/547/825 429/548/825 709/549/825
f 711/556/826 715/557/826 430/558/826
f 712/559/827 709/560/827 383/561/827
f 383/561/828 381/562/828 712/559/828
f 715/350/829 711/345/829 713/348/829
f 713/348/829 716/351/829 715/350/829
f 717/563/830 718/564/831 719/565/832
f 719/565/832 720/566/833 721/567/834
f 717/563/835 719/565/836 721/567/837
f 717/563/838 721/567/839 722/568/839
f 723/44/448 724/45/448 725/46/448
f 725/46/448 726/47/448 723/44/448
f 721/569/840 727/570/841 728/571/842
f 728/571/842 722/572/843 721/569/840
f 729/573/844 730/574/844 724/50/844
f 724/50/845 723/51/845 729/573/845
f 720/52/846 719/53/846 726/47/846
f 726/47/448 725/46/448 720/52/448
f 728/563/847 727/564/848 731/565/849
f 731/565/850 732/566/851 733/567/852
f 728/563/853 731/565/849 733/567/852
f 728/563/854 733/567/855 734/568/855
f 735/44/446 736/45/446 737/46/446
f 737/46/446 738/47/446 735/44/446
f 733/569/856 739/570/857 740/571/858
f 740/571/858 734/572/859 733/569/856
f 741/575/860 742/576/860 736/50/860
f 736/50/861 735/51/861 741/575/861
f 732/52/862 731/53/862 738/47/862
f 738/47/446 737/46/446 732/52/446
f 743/568/863 740/563/864 739/564/865
f 743/568/866 739/564/867 744/565/868
f 743/568/863 744/565/869 745/566/870
f 743/568/866 745/566/871 746/567/872
f 747/577/873 748/578/874 749/579/875
f 749/579/875 750/580/876 747/577/877
f 748/581/878 747/582/879 746/583/880
f 746/583/881 745/584/882 748/581/883
f 748/585/884 745/586/885 751/587/886
f 751/587/887 749/588/888 748/585/883
f 752/44/444 753/45/444 754/46/444
f 754/46/444 755/47/444 752/44/444
f 756/589/889 757/590/889 753/50/889
f 753/50/193 752/51/193 756/589/193
f 745/52/890 744/53/890 755/47/890
f 755/47/444 754/46/444 745/52/444
f 751/591/891 745/592/892 754/593/893
f 751/591/894 754/593/893 753/594/895
f 751/591/891 753/594/895 757/595/896
f 746/596/881 758/597/897 759/598/898
f 759/598/898 760/599/899 746/596/881
f 761/600/900 762/601/901 759/602/902
f 759/602/898 758/603/903 761/600/900
f 763/604/904 764/605/905 765/606/906
f 763/604/904 765/606/906 766/607/907
f 767/608/908 763/604/909 766/607/910
f 768/609/911 767/610/912 760/611/899
f 760/611/899 769/612/913 768/609/914
f 746/569/881 760/570/899 770/571/915
f 770/571/916 743/572/917 746/569/918
f 770/563/919 760/564/920 767/565/921
f 767/565/922 771/566/923 772/567/924
f 770/563/925 767/565/922 772/567/926
f 770/563/919 772/567/927 773/568/927
f 765/44/365 774/45/365 775/46/365
f 775/46/365 766/47/365 765/44/365
f 772/569/928 718/570/929 717/571/930
f 717/571/930 773/572/931 772/569/928
f 764/575/932 776/576/932 774/50/932
f 774/50/933 765/51/933 764/575/933
f 771/52/934 767/53/934 766/47/934
f 766/47/365 775/46/365 771/52/365
f 763/613/935 767/614/912 768/615/914
f 768/615/936 777/616/937 763/613/935
f 778/617/938 779/618/938 780/619/938
f 780/619/939 781/620/939 778/617/939
f 781/621/940 780/622/940 782/623/940
f 782/623/941 783/624/941 781/621/941
f 784/625/35 785/626/35 786/627/35
f 787/628/35 784/625/35 786/627/35
f 788/629/942 787/628/942 786/627/942
f 782/630/35 789/631/35 790/632/35
f 783/633/35 782/630/35 790/632/35
f 786/627/943 783/633/943 790/632/943
f 791/634/35 792/635/35 793/636/35
f 794/637/35 791/634/35 793/636/35
f 790/632/35 794/637/35 793/636/35
f 786/627/35 790/632/35 793/636/35
f 788/629/35 786/627/35 793/636/35
f 788/629/35 793/636/35 795/638/35
f 788/629/35 795/638/35 796/639/35
f 797/640/35 788/629/35 796/639/35
f 717/641/944 722/642/944 798/643/944
f 798/643/944 799/644/944 717/641/944
f 740/645/945 743/646/945 800/647/945
f 800/647/945 801/648/945 740/645/945
f 734/649/946 740/650/946 801/651/946
f 801/651/946 802/652/946 734/649/946
f 722/653/947 728/654/947 803/655/947
f 803/655/947 798/656/947 722/653/947
f 728/657/948 734/658/948 802/659/948
f 802/659/948 803/660/948 728/657/948
f 773/661/949 717/662/949 799/663/949
f 799/663/949 804/664/949 773/661/949
f 743/665/950 770/666/950 805/667/950
f 805/667/950 800/668/950 743/665/950
f 770/669/951 773/670/951 804/671/951
f 804/671/951 805/672/951 770/669/951
f 803/673/19 802/674/19 801/675/19
f 801/675/19 800/676/19 805/677/19
f 805/677/19 804/678/19 799/679/19
f 801/675/19 805/677/19 799/679/19
f 803/673/19 801/675/19 799/679/19
f 798/680/19 803/673/19 799/679/19
f 777/681/937 768/682/952 769/683/953
f 769/683/953 806/684/954 777/681/937
f 807/685/955 808/686/956 809/687/957
f 809/687/958 810/688/959 807/685/955
f 811/689/960 778/690/961 781/691/962
f 781/691/962 812/692/963 811/689/964
f 808/693/956 811/694/965 812/695/966
f 812/695/966 809/696/967 808/693/956
f 813/697/968 814/698/969 815/699/970
f 815/699/970 816/700/971 813/697/968
f 817/701/972 818/702/973 819/703/974
f 819/703/974 820/704/975 817/701/972
f 821/705/976 822/706/977 823/707/978
f 823/707/979 824/708/980 821/705/976
f 822/709/977 817/710/981 820/711/982
f 820/711/983 823/712/984 822/709/977
f 825/617/985 821/618/985 824/619/985
f 824/619/986 826/620/986 825/617/986
f 786/713/987 810/714/988 809/715/957
f 809/715/957 783/716/989 786/713/990
f 812/717/963 781/718/962 783/719/991
f 809/720/992 812/721/993 783/722/991
f 785/723/994 816/724/995 815/725/996
f 815/725/996 786/726/997 785/723/994
f 820/727/983 819/728/998 785/729/994
f 785/729/999 784/730/1000 820/727/983
f 824/731/980 823/732/979 784/733/1001
f 823/734/984 820/735/983 784/736/1002
f 826/621/1003 824/622/1003 784/623/1003
f 784/623/1004 787/624/1004 826/621/1004
f 827/617/1005 828/618/1005 829/619/1005
f 829/619/1006 830/620/1006 827/617/1006
f 830/737/1007 829/738/1007 796/739/1007
f 796/739/1008 795/740/1008 830/737/1008
f 831/617/84 832/618/84 833/619/84
f 833/619/1009 834/620/1009 831/617/1009
f 834/737/1010 833/738/1010 791/741/1010
f 791/741/1011 794/742/1011 834/737/1011
f 762/743/1012 761/744/1013 835/745/1014
f 835/745/1014 836/746/1015 762/743/1012
f 814/747/1016 813/748/1017 837/749/1018
f 837/749/1018 838/750/1019 814/747/1016
f 776/751/1020 764/752/1021 839/753/1022
f 839/753/1023 840/754/1024 776/751/1025
f 821/755/1026 825/756/1027 841/757/1028
f 841/757/1028 842/758/1029 821/755/1030
f 835/759/1031 750/760/1032 749/761/1033
f 749/761/1033 843/762/1034 835/759/1014
f 749/763/1033 751/764/1035 844/765/1036
f 844/765/1036 843/766/1034 749/763/1033
f 811/767/1037 808/768/1038 845/769/1039
f 845/769/1039 846/770/1040 811/767/1037
f 808/771/1041 807/772/1042 838/773/1019
f 838/773/1019 845/774/1039 808/771/1041
f 764/775/1043 763/776/1044 847/777/1045
f 847/777/1046 839/778/1023 764/775/1043
f 763/769/1044 777/770/1047 848/767/1048
f 848/767/1049 847/768/1050 763/769/1051
f 777/779/1052 806/780/1053 836/781/1015
f 836/781/1015 848/782/1048 777/779/1052
f 818/783/1054 817/784/1055 849/785/1056
f 849/785/1057 837/786/1018 818/783/1058
f 817/765/1059 822/766/1060 850/763/1061
f 850/763/1062 849/764/1057 817/765/1059
f 822/787/1063 821/788/1064 842/789/1065
f 842/789/1066 850/790/1062 822/787/1067
f 778/775/1068 811/776/1069 846/777/1040
f 846/777/1070 851/778/1071 778/775/1072
f 751/787/1073 757/788/1074 852/789/1075
f 852/789/1076 844/790/1036 751/787/1073
f 746/791/881 747/792/1077 758/793/1078
f 750/794/1032 835/795/1014 761/796/1013
f 759/797/1079 769/798/1080 760/799/899
f 762/800/1012 836/801/1015 806/802/1053
f 814/803/1081 838/804/1019 807/805/1042
f 810/806/1082 786/807/997 815/808/1083
f 813/809/1084 818/810/1058 837/811/1018
f 816/812/995 785/813/994 819/814/998
f 750/815/1085 761/816/1086 758/817/1078
f 758/817/1078 747/818/1087 750/815/1085
f 762/819/1088 806/820/1089 769/821/1090
f 769/821/1090 759/822/1091 762/819/901
f 814/823/1092 807/824/955 810/825/1093
f 810/825/1094 815/826/1095 814/823/1092
f 818/823/1096 813/824/968 816/825/1097
f 816/825/1097 819/826/1098 818/823/1096
f 853/577/1099 854/578/1100 855/579/1101
f 855/579/1101 856/580/1102 853/577/1099
f 854/581/1100 853/582/1103 772/583/1104
f 772/583/1104 771/584/1105 854/581/1106
f 854/585/1107 771/586/1108 857/587/1109
f 857/587/1109 855/588/1110 854/585/1100
f 857/591/1109 771/592/1108 775/593/1111
f 857/591/1109 775/593/1111 774/594/1112
f 857/591/1109 774/594/1112 776/595/1113
f 772/596/928 858/597/1114 859/598/1115
f 859/598/1116 718/599/929 772/596/1117
f 860/600/1118 861/601/1119 859/602/1120
f 859/602/1121 858/603/1122 860/600/1118
f 862/604/1123 729/605/1124 723/606/1125
f 862/604/1123 723/606/1126 726/607/1127
f 719/608/1128 862/604/1123 726/607/1127
f 863/609/1129 719/610/1130 718/611/929
f 718/611/929 864/612/1131 863/609/1129
f 862/613/1132 719/614/1128 863/615/1133
f 863/615/1129 865/616/1134 862/613/1132
f 865/681/1134 863/682/1129 864/683/1131
f 864/683/1131 866/684/1135 865/681/1134
f 867/685/1136 868/686/1137 869/687/1138
f 869/687/1138 870/688/1139 867/685/1136
f 871/689/1140 825/690/1141 826/691/1142
f 826/691/1142 872/692/1143 871/689/1144
f 868/693/1145 871/694/1146 872/695/1147
f 872/695/1148 869/696/1149 868/693/1137
f 873/697/1150 874/698/1151 875/699/1152
f 875/699/1152 876/700/1153 873/697/1150
f 877/701/1154 878/702/1155 879/703/1156
f 879/703/1156 880/704/1157 877/701/1154
f 828/705/1158 881/706/1159 882/707/1160
f 882/707/1160 829/708/1161 828/705/1162
f 881/709/1159 877/710/1163 880/711/1157
f 880/711/1157 882/712/1164 881/709/1165
f 788/713/1166 870/714/1167 869/715/1138
f 869/715/1138 787/716/1168 788/713/1166
f 872/717/1143 826/718/1142 787/719/1169
f 869/720/1149 872/721/1147 787/722/1170
f 797/723/1171 876/724/1172 875/725/1152
f 875/725/1173 788/726/1174 797/723/1175
f 880/727/1157 879/728/1176 797/729/1175
f 797/729/1171 796/730/1177 880/727/1157
f 829/731/1161 882/732/1160 796/733/1177
f 882/734/1160 880/735/1178 796/736/1177
f 861/743/1179 860/744/1180 883/745/1181
f 883/745/1181 884/746/1182 861/743/1183
f 874/747/1184 873/748/1185 885/749/1186
f 885/749/1186 886/750/1187 874/747/1184
f 730/751/1188 729/752/1189 887/753/1190
f 887/753/1190 888/754/1191 730/751/1192
f 828/755/1193 827/756/1194 889/757/1195
f 889/757/1196 890/758/1197 828/755/1193
f 883/759/1198 856/760/1199 855/761/1200
f 855/761/1200 891/762/1201 883/759/1181
f 855/763/1200 857/764/1202 892/765/1203
f 892/765/1203 891/766/1201 855/763/1200
f 871/767/1204 868/768/1205 893/769/1206
f 893/769/1206 894/770/1207 871/767/1204
f 868/771/1208 867/772/1209 886/773/1187
f 886/773/1187 893/774/1206 868/771/1208
f 729/775/1210 862/776/1211 895/777/1212
f 895/777/1212 887/778/1190 729/775/1210
f 862/769/1213 865/770/1214 896/767/1215
f 896/767/1215 895/768/1216 862/769/1213
f 865/779/1217 866/780/1218 884/781/1219
f 884/781/1219 896/782/1220 865/779/1217
f 878/783/1221 877/784/1222 897/785/1223
f 897/785/1224 885/786/1186 878/783/1225
f 877/765/1222 881/766/1226 898/763/1227
f 898/763/1227 897/764/1224 877/765/1222
f 881/787/1228 828/788/1229 890/789/1230
f 890/789/1197 898/790/1231 881/787/1228
f 825/775/1232 871/776/1233 894/777/1234
f 894/777/1234 841/778/1028 825/775/1235
f 857/787/1236 776/788/1025 840/789/1237
f 840/789/1024 892/790/1238 857/787/1239
f 772/791/1104 853/792/1240 858/793/1241
f 856/794/1199 883/795/1181 860/796/1180
f 859/797/1242 864/798/1131 718/799/929
f 861/800/1179 884/801/1219 866/802/1218
f 874/803/1184 886/804/1187 867/805/1209
f 870/806/1243 788/807/1244 875/808/1245
f 873/809/1185 878/810/1225 885/811/1186
f 876/812/1172 797/813/1171 879/814/1246
f 856/815/1247 860/816/1248 858/817/1241
f 858/817/1241 853/818/1240 856/815/1247
f 861/819/1249 866/820/1250 864/821/1131
f 864/821/1251 859/822/1252 861/819/1119
f 874/823/1253 867/824/1136 870/825/1254
f 870/825/1255 875/826/1256 874/823/1253
f 878/823/1257 873/824/1150 876/825/1153
f 876/825/1153 879/826/1258 878/823/1257
f 899/577/1259 900/578/1260 901/579/1261
f 901/579/1261 902/580/1262 899/577/1259
f 900/581/1260 899/582/1259 721/583/1263
f 721/583/1263 720/584/1264 900/581/1265
f 900/585/1260 720/586/1266 903/587/1267
f 903/587/1267 901/588/1268 900/585/1260
f 903/591/1269 720/592/1266 725/593/1270
f 903/591/1269 725/593/1270 724/594/1271
f 903/591/1272 724/594/1271 730/595/1273
f 721/596/840 904/597/1274 905/598/1275
f 905/598/1275 727/599/841 721/596/840
f 906/600/1276 907/601/1277 905/602/1278
f 905/602/1278 904/603/1279 906/600/1276
f 908/604/1280 741/605/1281 735/606/1282
f 908/604/1280 735/606/1283 738/607/1284
f 731/608/1285 908/604/1280 738/607/1284
f 909/609/1286 731/610/1285 727/611/1287
f 727/611/841 910/612/1288 909/609/1286
f 908/613/1280 731/614/1289 909/615/1290
f 909/615/1291 911/616/1292 908/613/1293
f 911/681/1292 909/682/1291 910/683/1294
f 910/683/1294 912/684/1295 911/681/1292
f 913/685/1296 914/686/1297 915/687/1298
f 915/687/1298 916/688/1299 913/685/1296
f 917/689/1300 827/690/1301 830/691/1302
f 830/691/1303 918/692/1304 917/689/1305
f 914/693/1306 917/694/1307 918/695/1308
f 918/695/1308 915/696/1309 914/693/1306
f 919/697/1310 920/698/1311 921/699/1312
f 921/699/1313 922/700/1314 919/697/1310
f 923/701/1315 924/702/1316 925/703/1317
f 925/703/1317 926/704/1318 923/701/1315
f 832/705/1319 927/706/1320 928/707/1321
f 928/707/1321 833/708/1322 832/705/1319
f 927/709/1320 923/710/1323 926/711/1318
f 926/711/1318 928/712/1324 927/709/1320
f 793/713/1325 916/714/1326 915/715/1327
f 915/715/1328 795/716/1329 793/713/1330
f 918/717/1331 830/718/1302 795/719/1329
f 915/720/1328 918/721/1332 795/722/1333
f 792/723/1334 922/724/1335 921/725/1313
f 921/725/1312 793/726/1336 792/723/1337
f 926/727/1318 925/728/1338 792/729/1339
f 792/729/1334 791/730/1340 926/727/1341
f 833/731/1342 928/732/1321 791/733/1343
f 928/734/1344 926/735/1341 791/736/1343
f 907/743/1345 906/744/1346 929/745/1347
f 929/745/1347 930/746/1348 907/743/1349
f 920/747/1350 919/748/1351 931/749/1352
f 931/749/1353 932/750/1354 920/747/1350
f 742/751/1355 741/752/1356 933/753/1357
f 933/753/1358 934/754/1359 742/751/1355
f 832/755/1360 831/756/1361 935/757/1362
f 935/757/1362 936/758/1363 832/755/1360
f 929/759/1364 902/760/1365 901/761/1366
f 901/761/1366 937/762/1367 929/759/1347
f 901/763/1366 903/764/1368 938/765/1369
f 938/765/1369 937/766/1370 901/763/1371
f 917/767/1372 914/768/1373 939/769/1374
f 939/769/1374 940/770/1375 917/767/1372
f 914/771/1376 913/772/1377 932/773/1354
f 932/773/1354 939/774/1374 914/771/1376
f 741/775/1378 908/776/1379 941/777/1380
f 941/777/1381 933/778/1358 741/775/1378
f 908/769/1379 911/770/1382 942/767/1383
f 942/767/1384 941/768/1381 908/769/1379
f 911/779/1385 912/780/1386 930/781/1387
f 930/781/1387 942/782/1383 911/779/1385
f 924/783/1388 923/784/1389 943/785/1390
f 943/785/1390 931/786/1352 924/783/1388
f 923/765/1391 927/766/1392 944/763/1393
f 944/763/1394 943/764/1395 923/765/1391
f 927/787/1392 832/788/1396 936/789/1363
f 936/789/1397 944/790/1394 927/787/1398
f 827/775/1194 917/776/1399 940/777/1400
f 940/777/1400 889/778/1195 827/775/1194
f 903/787/1368 730/788/1401 888/789/1191
f 888/789/1191 938/790/1369 903/787/1402
f 721/791/1263 899/792/1403 904/793/1404
f 902/794/1365 929/795/1347 906/796/1346
f 905/797/1275 910/798/1405 727/799/1287
f 907/800/1349 930/801/1387 912/802/1386
f 920/803/1406 932/804/1354 913/805/1377
f 916/806/1407 793/807/1336 921/808/1313
f 919/809/1351 924/810/1408 931/811/1352
f 922/812/1335 792/813/1334 925/814/1409
f 902/815/1410 906/816/1411 904/817/1404
f 904/817/1404 899/818/1403 902/815/1410
f 907/819/1412 912/820/1413 910/821/1414
f 910/821/1414 905/822/1415 907/819/1277
f 920/823/1416 913/824/1296 916/825/1417
f 916/825/1407 921/826/1418 920/823/1416
f 924/823/1419 919/824/1310 922/825/1420
f 922/825/1420 925/826/1421 924/823/1419
f 945/577/1422 946/578/1423 947/579/1424
f 947/579/1424 948/580/1425 945/577/1422
f 946/581/1423 945/582/1422 733/583/1426
f 733/583/1426 732/584/1427 946/581/1428
f 946/585/1429 732/586/1430 949/587/1431
f 949/587/1432 947/588/1433 946/585/1423
f 949/591/1431 732/592/1434 737/593/1435
f 949/591/1431 737/593/1435 736/594/1436
f 949/591/1431 736/594/1436 742/595/1437
f 733/596/856 950/597/1438 951/598/1439
f 951/598/1439 739/599/857 733/596/1426
f 952/600/1440 953/601/1441 951/602/1442
f 951/602/1442 950/603/1443 952/600/1440
f 954/604/1444 756/605/1445 752/606/1446
f 954/604/1444 752/606/1447 755/607/1448
f 744/608/1449 954/604/1444 755/607/1448
f 955/609/1450 744/610/1449 739/611/857
f 739/611/857 956/612/1451 955/609/1450
f 954/613/1444 744/614/1452 955/615/1453
f 955/615/1454 957/616/1455 954/613/1456
f 957/681/1455 955/682/1457 956/683/1451
f 956/683/1451 958/684/1458 957/681/1455
f 959/685/1459 960/686/1460 961/687/1461
f 961/687/1462 962/688/1463 959/685/1459
f 963/689/1464 831/690/1465 834/691/1466
f 834/691/1466 964/692/1467 963/689/1468
f 960/693/1469 963/694/1470 964/695/1471
f 964/695/1467 961/696/1472 960/693/1469
f 965/697/1473 966/698/1474 967/699/1475
f 967/699/1475 968/700/1476 965/697/1473
f 969/701/1477 970/702/1478 971/703/1479
f 971/703/1479 972/704/1480 969/701/1477
f 779/705/1481 973/706/1482 974/707/1483
f 974/707/1483 780/708/1484 779/705/1481
f 973/709/1482 969/710/1485 972/711/1480
f 972/711/1480 974/712/1486 973/709/1482
f 790/713/1487 962/714/1488 961/715/1461
f 961/715/1461 794/716/1489 790/713/1487
f 964/717/1467 834/718/1466 794/719/1490
f 961/720/1491 964/721/1467 794/722/1490
f 789/723/1492 968/724/1493 967/725/1494
f 967/725/1494 790/726/1495 789/723/1496
f 972/727/1480 971/728/1497 789/729/1498
f 789/729/1492 782/730/1499 972/727/1500
f 780/731/1484 974/732/1483 782/733/1501
f 974/734/1486 972/735/1480 782/736/1501
f 953/743/1502 952/744/1503 975/745/1504
f 975/745/1504 976/746/1505 953/743/1506
f 966/747/1507 965/748/1508 977/749/1509
f 977/749/1509 978/750/1510 966/747/1507
f 757/751/1511 756/752/1512 979/753/1513
f 979/753/1513 852/754/1076 757/751/1511
f 779/755/1514 778/756/1072 851/757/1515
f 851/757/1515 980/758/1516 779/755/1517
f 975/759/1518 948/760/1519 947/761/1520
f 947/761/1520 981/762/1521 975/759/1504
f 947/763/1520 949/764/1522 982/765/1523
f 982/765/1523 981/766/1524 947/763/1525
f 963/767/1526 960/768/1527 983/769/1528
f 983/769/1528 984/770/1529 963/767/1526
f 960/771/1530 959/772/1531 978/773/1510
f 978/773/1510 983/774/1528 960/771/1530
f 756/775/1532 954/776/1533 985/777/1534
f 985/777/1534 979/778/1535 756/775/1532
f 954/769/1536 957/770/1537 986/767/1538
f 986/767/1539 985/768/1534 954/769/1536
f 957/779/1540 958/780/1541 976/781/1542
f 976/781/1542 986/782/1538 957/779/1540
f 970/783/1543 969/784/1544 987/785/1545
f 987/785/1546 977/786/1509 970/783/1543
f 969/765/1547 973/766/1548 988/763/1549
f 988/763/1550 987/764/1546 969/765/1547
f 973/787/1548 779/788/1514 980/789/1516
f 980/789/1551 988/790/1552 973/787/1553
f 831/775/1554 963/776/1555 984/777/1556
f 984/777/1556 935/778/1362 831/775/1554
f 949/787/1522 742/788/1557 934/789/1558
f 934/789/1359 982/790/1559 949/787/1560
f 733/791/1426 945/792/1561 950/793/1562
f 948/794/1519 975/795/1504 952/796/1503
f 951/797/1442 956/798/1563 739/799/857
f 953/800/1506 976/801/1542 958/802/1541
f 966/803/1507 978/804/1510 959/805/1531
f 962/806/1564 790/807/1487 967/808/1494
f 965/809/1565 970/810/1543 977/811/1509
f 968/812/1493 789/813/1492 971/814/1566
f 948/815/1567 952/816/1568 950/817/1562
f 950/817/1562 945/818/1561 948/815/1567
f 953/819/1569 958/820/1570 956/821/1571
f 956/821/1571 951/822/1572 953/819/1441
f 966/823/1573 959/824/1574 962/825/1575
f 962/825/1576 967/826/1577 966/823/1573
f 970/823/1578 965/824/1473 968/825/1579
f 968/825/1579 971/826/1580 970/823/1578
f 989/827/1581 990/828/1581 991/829/1582
f 991/829/1583 992/830/1583 989/827/1584
f 993/831/1585 994/832/1585 995/833/1585
f 995/833/1586 996/834/1586 993/831/1586
f 997/835/1587 998/836/1587 999/837/1587
f 999/837/1587 1000/838/1587 997/835/1587
f 1001/839/1588 1002/840/1588 1003/841/1588
f 1003/841/1589 1004/842/1589 1001/839/1589
f 1005/843/1590 1006/844/1590 1007/845/1590
f 1007/845/1590 1008/846/1590 1005/843/1590
f 1009/847/77 1010/848/77 1011/849/77
f 1011/849/77 1012/850/77 1009/847/77
f 1013/851/1591 1014/852/1591 1015/853/1592
f 1015/853/1593 1016/854/1593 1013/851/190
f 1017/855/1594 1018/856/1594 1019/857/1594
f 1019/857/1594 1020/858/1594 1017/855/1594
f 1014/859/1595 991/860/1595 990/861/1595
f 990/861/1596 1015/862/1596 1014/859/1596
f 994/863/1597 989/864/1597 992/865/1597
f 992/865/1598 995/866/1598 994/863/1598
f 998/867/1599 993/868/1599 996/869/1599
f 996/869/1600 999/870/1600 998/867/1600
f 1020/871/1601 997/872/1601 1000/873/1601
f 1000/873/464 1017/874/464 1020/871/464
f 1018/875/1602 1003/876/1602 1002/877/1602
f 1002/877/1603 1019/878/1603 1018/875/1603
f 1006/879/1604 1001/880/1604 1004/881/1604
f 1004/881/1605 1007/882/1605 1006/879/1605
f 1010/883/1606 1005/884/1606 1008/885/1606
f 1008/885/1607 1011/886/1607 1010/883/1607
f 1016/887/1608 1009/888/1608 1012/889/1608
f 1012/889/1609 1013/890/1609 1016/887/1609
f 1017/891/1610 1000/892/1611 1021/893/1612
f 1021/893/1612 1022/894/1613 1017/891/1614
f 1000/895/1615 999/896/1616 1023/897/1617
f 1023/897/1618 1021/898/1619 1000/895/1615
f 999/899/1620 996/900/1621 1024/901/1622
f 1024/901/1622 1023/902/1617 999/899/1616
f 996/903/1623 995/904/1624 1025/905/1625
f 1025/905/1625 1024/906/1626 996/903/1621
f 995/891/1627 992/892/1628 1026/893/1629
f 1026/893/1629 1025/894/1625 995/891/1630
f 992/907/1631 991/908/1632 1027/897/1633
f 1027/897/1633 1026/898/1629 992/907/1631
f 991/899/1634 1014/900/1635 1028/901/1636
f 1028/901/1637 1027/902/1633 991/899/1634
f 1014/909/1635 1013/904/1638 1029/905/1639
f 1029/905/1639 1028/906/1640 1014/909/1635
f 1013/891/1641 1012/892/1642 1030/910/1643
f 1030/910/1643 1029/894/1639 1013/891/1641
f 1012/895/1642 1011/908/1644 1031/897/1645
f 1031/897/1645 1030/898/1646 1012/895/1642
f 1011/899/1647 1008/900/1648 1032/901/1649
f 1032/901/1649 1031/902/1645 1011/899/1647
f 1008/909/1650 1007/904/1651 1033/905/1652
f 1033/905/1653 1032/906/1654 1008/909/1650
f 1007/891/1655 1004/892/1656 1034/893/1657
f 1034/893/1657 1033/894/1653 1007/891/1655
f 1004/895/1656 1003/908/1658 1035/897/1659
f 1035/897/1659 1034/898/1660 1004/895/1656
f 1003/899/1661 1018/900/1662 1036/901/1663
f 1036/901/1663 1035/902/1659 1003/899/1658
f 1018/909/1664 1017/904/1610 1022/905/1665
f 1022/905/1665 1036/906/1666 1018/909/1664
f 1022/911/1667 1037/912/1667 1038/913/1668
f 1038/913/1669 1036/914/1669 1022/911/1670
f 1034/914/1657 1035/911/1659 1039/912/1671
f 1039/912/1672 1040/913/1673 1034/914/1657
f 1038/915/1674 1039/916/1674 1035/917/1674
f 1035/917/1674 1036/918/1674 1038/915/1674
f 1041/915/1675 1037/916/1675 1022/917/1675
f 1022/917/1676 1021/918/1676 1041/915/1676
f 1033/911/1677 1042/912/1677 1043/913/1678
f 1043/913/1679 1032/914/1679 1033/911/1680
f 1030/914/1681 1031/911/1645 1044/912/1682
f 1044/912/1683 1045/913/1684 1030/914/1685
f 1043/915/1686 1044/916/1686 1031/917/1686
f 1031/917/1686 1032/918/1686 1043/915/1686
f 1040/915/1687 1042/916/1687 1033/917/1687
f 1033/917/1688 1034/918/1688 1040/915/1688
f 1029/911/1689 1046/912/1689 1047/913/1690
f 1047/913/1691 1028/914/1691 1029/911/1692
f 1026/914/1629 1027/911/1633 1048/912/1693
f 1048/912/1694 1049/913/1695 1026/914/1696
f 1047/915/1697 1048/916/1697 1027/917/1697
f 1027/917/1697 1028/918/1697 1047/915/1697
f 1045/915/1698 1046/916/1698 1029/917/1698
f 1029/917/1698 1030/918/1698 1045/915/1698
f 1025/911/1699 1050/912/1585 1051/913/1700
f 1051/913/1701 1024/914/1700 1025/911/1702
f 1021/914/1612 1023/911/1617 1052/912/169
f 1052/912/1703 1041/913/1704 1021/914/1612
f 1051/915/1705 1052/916/1705 1023/917/1705
f 1023/917/1705 1024/918/1705 1051/915/1705
f 1049/915/466 1050/916/466 1025/917/466
f 1025/917/1706 1026/918/1706 1049/915/1706
f 1053/919/1707 1054/920/1708 1055/921/1709
f 1055/921/1709 1056/922/1710 1053/919/1711
f 1057/923/1712 1058/924/1713 1059/925/1714
f 1059/925/1714 1060/926/1715 1057/923/1716
f 1055/927/442 1061/928/442 1062/929/442
f 1062/929/442 1056/930/442 1055/927/442
f 1059/927/454 1063/928/454 1064/929/454
f 1064/929/454 1060/930/454 1059/927/454
f 1065/931/1717 1066/932/1717 1067/933/1717
f 1067/933/1717 1068/934/1717 1065/931/1717
f 1069/935/1718 1070/936/1719 1071/937/1720
f 1071/937/1720 1072/938/1721 1069/935/1718
f 1068/939/1722 1067/940/1723 1073/941/1724
f 1073/941/1724 1074/942/1725 1068/939/1722
f 1075/943/442 1076/944/442 1077/945/442
f 1077/945/442 1078/946/442 1075/943/442
f 1079/947/454 1080/948/454 1081/949/454
f 1081/949/454 1082/950/454 1079/947/454
f 1058/951/1713 1053/952/1726 1056/953/1727
f 1056/953/1727 1059/954/1728 1058/951/1713
f 1083/955/1729 1057/956/1716 1060/957/1715
f 1060/957/1715 1084/958/1730 1083/955/1729
f 1059/959/1731 1056/960/1731 1062/961/1731
f 1062/961/1731 1063/962/1731 1059/959/1731
f 1084/959/1732 1060/960/1732 1064/961/1732
f 1064/961/1732 1085/962/1732 1084/959/1732
f 1066/963/1733 1086/964/1733 1087/965/1733
f 1087/965/1734 1067/966/1734 1066/963/1734
f 1070/967/1719 1068/968/1735 1074/969/1725
f 1074/969/1725 1071/970/1720 1070/967/1719
f 1067/971/1723 1087/972/1736 1088/973/1737
f 1088/973/1737 1073/974/1724 1067/971/1723
f 1078/975/1738 1089/976/1738 1090/977/1738
f 1090/977/1738 1075/978/1738 1078/975/1738
f 1082/979/1739 1077/980/1739 1076/981/1739
f 1076/981/1739 1079/982/1739 1082/979/1739
f 1091/983/1740 1081/984/1740 1080/985/1740
f 1080/985/1740 1092/986/1740 1091/983/1740
f 1093/987/1741 1094/988/1741 1095/989/1741
f 1095/989/1741 1096/990/1741 1093/987/1741
f 1097/987/1742 1098/988/1742 1099/989/1742
f 1099/989/1742 1100/990/1742 1097/987/1742
f 1062/991/1743 1061/992/1743 1101/993/1743
f 1101/993/1744 1094/994/1744 1062/991/1744
f 1061/992/1745 1102/995/1745 1103/996/1745
f 1103/996/1745 1101/993/1745 1061/992/1745
f 1078/997/1746 1077/998/1746 1095/999/1746
f 1095/999/1747 1104/1000/1747 1078/997/1747
f 1077/1001/1748 1082/1002/1748 1096/1003/1748
f 1096/1003/1748 1095/1004/1748 1077/1001/1748
f 1082/1002/1749 1081/1005/1749 1099/1006/1749
f 1099/1006/1749 1096/1003/1749 1082/1002/1749
f 1081/1007/1750 1091/1008/1750 1100/1009/1750
f 1100/1009/1751 1099/1010/1751 1081/1007/1751
f 1085/1011/1752 1064/1012/1752 1098/1013/1752
f 1098/1013/1753 1097/1014/1753 1085/1011/1753
f 1064/1012/1754 1063/1015/1754 1093/1016/1754
f 1093/1016/1754 1098/1013/1754 1064/1012/1754
f 1063/1017/1755 1062/991/1755 1094/994/1755
f 1094/994/1755 1093/1018/1755 1063/1017/1755
f 1071/1019/1756 1076/1020/1756 1075/1021/1756
f 1075/1021/1757 1072/1022/1757 1071/1019/1757
f 1073/1023/1758 1080/1024/1758 1079/1025/1758
f 1079/1025/1759 1074/1026/1759 1073/1023/1759
f 1080/1027/1760 1073/1028/1760 1088/1029/1760
f 1088/1029/1761 1092/1030/1761 1080/1027/1761
f 1076/1031/1762 1071/1032/1762 1074/1033/1762
f 1074/1033/1762 1079/1034/1762 1076/1031/1762
f 1072/1035/1763 1075/1036/1763 1090/1037/1763
f 1090/1037/1764 1105/1038/1764 1072/1035/1764
f 1106/919/1765 1107/920/1766 1108/921/1767
f 1108/921/1767 1109/922/1768 1106/919/1769
f 1110/923/1770 1111/924/1771 1112/925/1772
f 1112/925/1772 1113/926/1773 1110/923/1770
f 1108/927/444 1114/928/444 1115/929/444
f 1115/929/444 1109/930/444 1108/927/444
f 1112/927/452 1116/928/452 1102/929/452
f 1102/929/452 1113/930/452 1112/927/452
f 1117/1039/1774 1118/1040/1775 1119/1041/1776
f 1119/1041/1776 1120/1042/1777 1117/1039/1778
f 1121/1043/1779 1122/1044/1780 1105/1045/1781
f 1105/1045/1781 1123/1046/1782 1121/1043/1783
f 1124/943/444 1125/944/444 1126/945/444
f 1126/945/444 1127/946/444 1124/943/444
f 1128/947/452 1090/948/452 1089/949/452
f 1089/949/452 1129/950/452 1128/947/452
f 1111/951/1784 1106/952/1785 1109/953/1786
f 1109/953/1786 1112/954/1787 1111/951/1784
f 1054/955/1788 1110/956/1789 1113/957/1773
f 1113/957/1773 1055/958/1790 1054/955/1788
f 1112/959/1791 1109/960/1791 1115/961/1791
f 1115/961/1791 1116/962/1791 1112/959/1791
f 1055/959/1792 1113/960/1792 1102/961/1792
f 1102/961/1792 1061/962/1792 1055/959/1792
f 1118/1047/1775 1121/1048/1783 1123/1049/1782
f 1123/1049/1782 1119/1050/1793 1118/1047/1775
f 1122/1051/1780 1069/1052/1718 1072/1053/1721
f 1072/1053/1721 1105/1054/1781 1122/1051/1780
f 1129/979/1794 1126/980/1794 1125/981/1794
f 1125/981/1794 1128/982/1794 1129/979/1794
f 1130/987/461 1131/988/461 1132/989/461
f 1132/989/461 1133/990/461 1130/987/461
f 1101/987/1795 1103/988/1795 1134/989/1795
f 1134/989/1796 1104/990/1796 1101/987/1796
f 1115/991/1797 1114/992/1797 1135/993/1797
f 1135/993/1798 1131/994/1798 1115/991/1798
f 1127/997/1799 1126/998/1799 1132/999/1799
f 1132/999/1800 1136/1000/1800 1127/997/1800
f 1126/1001/1801 1129/1002/1801 1133/1003/1801
f 1133/1003/1802 1132/1004/1802 1126/1001/1802
f 1129/1002/1803 1089/1005/1803 1134/1006/1803
f 1134/1006/1803 1133/1003/1803 1129/1002/1803
f 1089/1007/1804 1078/1008/1804 1104/1009/1804
f 1104/1009/1805 1134/1010/1805 1089/1007/1805
f 1102/1012/1806 1116/1015/1806 1130/1016/1806
f 1130/1016/1807 1103/1013/1807 1102/1012/1807
f 1116/1017/1808 1115/991/1808 1131/994/1808
f 1131/994/1808 1130/1018/1808 1116/1017/1808
f 1119/1055/1809 1125/1056/1809 1124/1057/1809
f 1124/1057/1810 1120/1058/1810 1119/1055/1810
f 1105/1059/1811 1090/1060/1811 1128/1061/1811
f 1128/1061/1812 1123/1062/1812 1105/1059/1812
f 1125/1063/1813 1119/1032/1813 1123/1033/1813
f 1123/1033/1813 1128/1064/1813 1125/1063/1813
f 1137/919/1814 1083/920/1729 1084/921/1815
f 1084/921/1815 1138/922/1816 1137/919/1817
f 1139/923/1818 1140/924/1819 1141/925/1820
f 1141/925/1820 1142/926/1821 1139/923/1822
f 1084/927/448 1085/928/448 1143/929/448
f 1143/929/448 1138/930/448 1084/927/448
f 1141/927/189 1144/928/189 1145/929/189
f 1145/929/189 1142/930/189 1141/927/189
f 1146/1065/1823 1147/1066/1823 1087/1067/1823
f 1087/1067/1823 1086/1068/1823 1146/1065/1823
f 1148/1069/1824 1149/1070/1824 1150/1071/1824
f 1150/1071/1824 1151/1072/1824 1148/1069/1824
f 1087/1073/1736 1147/1074/1825 1152/1075/1826
f 1152/1075/1826 1088/1076/1737 1087/1073/1736
f 1151/1077/1827 1150/1078/1828 1153/1079/1829
f 1153/1079/1829 1154/1080/1830 1151/1077/1827
f 1092/943/448 1155/944/448 1156/945/448
f 1156/945/448 1091/946/448 1092/943/448
f 1157/947/189 1158/948/189 1159/949/189
f 1159/949/189 1160/950/189 1157/947/189
f 1140/951/1819 1137/952/1814 1138/953/1831
f 1138/953/1816 1141/954/1820 1140/951/1819
f 1161/955/1832 1139/956/1818 1142/957/1821
f 1142/957/1821 1162/958/1833 1161/955/1832
f 1141/959/1834 1138/960/1834 1143/961/1834
f 1143/961/1834 1144/962/1834 1141/959/1834
f 1162/959/1835 1142/960/1835 1145/961/1835
f 1145/961/1835 1163/962/1835 1162/959/1835
f 1146/1081/1836 1148/1082/1836 1151/1083/1836
f 1151/1083/1836 1147/1084/1836 1146/1081/1836
f 1149/1085/1837 1164/1086/1837 1165/1087/1837
f 1165/1087/1837 1150/1088/1837 1149/1085/1837
f 1147/1089/1825 1151/1090/1827 1154/1091/1838
f 1154/1091/1838 1152/1092/1839 1147/1089/1825
f 1150/1093/1828 1165/1094/1840 1166/1095/1841
f 1166/1095/1841 1153/1096/1829 1150/1093/1828
f 1160/979/1842 1156/980/1842 1155/981/1842
f 1155/981/1842 1157/982/1842 1160/979/1842
f 1167/983/1843 1159/984/1843 1158/985/1843
f 1158/985/1843 1168/986/1843 1167/983/1843
f 1169/987/199 1170/988/199 1171/989/199
f 1171/989/199 1172/990/199 1169/987/199
f 1173/987/1844 1174/988/1844 1175/989/1844
f 1175/989/1844 1176/990/1844 1173/987/1844
f 1143/991/1845 1085/992/1845 1097/993/1845
f 1097/993/1846 1170/994/1846 1143/991/1846
f 1091/997/1847 1156/998/1847 1171/999/1847
f 1171/999/1848 1100/1000/1848 1091/997/1848
f 1156/1001/1849 1160/1002/1849 1172/1003/1849
f 1172/1003/1850 1171/1004/1850 1156/1001/1850
f 1160/1002/1851 1159/1005/1851 1175/1006/1851
f 1175/1006/1851 1172/1003/1851 1160/1002/1851
f 1159/1007/1852 1167/1008/1852 1176/1009/1852
f 1176/1009/1853 1175/1010/1853 1159/1007/1853
f 1163/1011/1854 1145/1012/1854 1174/1013/1854
f 1174/1013/1855 1173/1014/1855 1163/1011/1855
f 1145/1012/1856 1144/1015/1856 1169/1016/1856
f 1169/1016/1856 1174/1013/1856 1145/1012/1856
f 1144/1017/1857 1143/991/1857 1170/994/1857
f 1170/994/1857 1169/1018/1857 1144/1017/1857
f 1152/1055/1858 1155/1056/1858 1092/1057/1858
f 1092/1057/1859 1088/1058/1859 1152/1055/1859
f 1153/1097/1860 1158/1098/1860 1157/1099/1860
f 1157/1099/1861 1154/1100/1861 1153/1097/1861
f 1158/1027/1862 1153/1101/1862 1166/1102/1862
f 1166/1102/1863 1168/1103/1863 1158/1027/1863
f 1155/1104/1864 1152/1032/1864 1154/1105/1864
f 1154/1105/1864 1157/1106/1864 1155/1104/1864
f 1177/919/1865 1161/920/1866 1162/921/1867
f 1162/921/1867 1178/922/1868 1177/919/1865
f 1179/923/1869 1180/924/1870 1181/925/1871
f 1181/925/1871 1182/926/1872 1179/923/1869
f 1162/927/446 1163/928/446 1183/929/446
f 1183/929/446 1178/930/446 1162/927/446
f 1181/927/460 1184/928/460 1185/929/460
f 1185/929/460 1182/930/460 1181/927/460
f 1165/1107/1840 1186/1108/1873 1187/1109/1874
f 1187/1109/1874 1166/1110/1841 1165/1107/1875
f 1188/1111/1876 1189/1112/1877 1190/1113/1878
f 1190/1113/1878 1191/1114/1879 1188/1111/1876
f 1168/943/446 1192/944/446 1193/945/446
f 1193/945/446 1167/946/446 1168/943/446
f 1194/947/460 1195/948/460 1196/949/460
f 1196/949/460 1197/950/460 1194/947/460
f 1180/951/1880 1177/952/1881 1178/953/1868
f 1178/953/1868 1181/954/1871 1180/951/1870
f 1107/955/1882 1179/956/1869 1182/957/1872
f 1182/957/1872 1108/958/1883 1107/955/1884
f 1181/959/1885 1178/960/1885 1183/961/1885
f 1183/961/1886 1184/962/1886 1181/959/1886
f 1108/959/1887 1182/960/1887 1185/961/1887
f 1185/961/1887 1114/962/1887 1108/959/1887
f 1186/1115/1873 1188/1116/1876 1191/1117/1888
f 1191/1117/1879 1187/1118/1874 1186/1115/1873
f 1189/1119/1889 1117/1120/1774 1120/1121/1890
f 1120/1121/1890 1190/1122/1878 1189/1119/1889
f 1197/979/1891 1193/980/1891 1192/981/1891
f 1192/981/1891 1194/982/1891 1197/979/1891
f 1127/983/1892 1196/984/1892 1195/985/1892
f 1195/985/1892 1124/986/1892 1127/983/1892
f 1198/987/1893 1199/988/1893 1200/989/1893
f 1200/989/1893 1201/990/1893 1198/987/1893
f 1135/987/1894 1202/988/1894 1203/989/1894
f 1203/989/1894 1136/990/1894 1135/987/1894
f 1183/991/1895 1163/992/1895 1173/993/1895
f 1173/993/1896 1199/994/1896 1183/991/1896
f 1167/997/1897 1193/998/1897 1200/999/1897
f 1200/999/1898 1176/1000/1898 1167/997/1898
f 1193/1001/1899 1197/1002/1899 1201/1003/1899
f 1201/1003/1899 1200/1004/1899 1193/1001/1899
f 1197/1002/1900 1196/1005/1900 1203/1006/1900
f 1203/1006/1900 1201/1003/1900 1197/1002/1900
f 1196/1007/1901 1127/1008/1901 1136/1009/1901
f 1136/1009/1902 1203/1010/1902 1196/1007/1902
f 1114/1011/1903 1185/1012/1903 1202/1013/1903
f 1202/1013/1904 1135/1014/1904 1114/1011/1904
f 1185/1012/1905 1184/1015/1905 1198/1016/1905
f 1198/1016/1905 1202/1013/1905 1185/1012/1905
f 1184/1017/1906 1183/991/1906 1199/994/1906
f 1199/994/1906 1198/1018/1906 1184/1017/1906
f 1187/1055/1907 1192/1056/1907 1168/1057/1907
f 1168/1057/1908 1166/1058/1908 1187/1055/1908
f 1190/1123/1909 1195/1124/1909 1194/1125/1909
f 1194/1125/1910 1191/1126/1910 1190/1123/1910
f 1195/1027/1911 1190/1101/1911 1120/1102/1911
f 1120/1102/1912 1124/1103/1912 1195/1027/1912
f 1192/1127/1913 1187/1032/1913 1191/1105/1913
f 1191/1105/1914 1194/1128/1914 1192/1127/1914
f 989/1129/1915 1083/1130/1915 1137/1131/1915
f 1137/1131/1916 990/1132/1916 989/1129/1916
f 993/1133/1917 1058/1134/1917 1057/1135/1918
f 1057/1135/1919 994/1136/1919 993/1133/1920
f 997/1137/1921 1054/1138/1921 1053/1139/1921
f 1053/1139/1922 998/1140/1922 997/1137/1922
f 1001/1141/1923 1107/1142/1923 1106/1143/1924
f 1106/1143/1925 1002/1144/1925 1001/1141/1926
f 1005/1145/1927 1180/1146/1927 1179/1147/1928
f 1179/1147/1929 1006/1148/1930 1005/1145/1931
f 1010/1149/1932 1009/1150/1933 1161/1151/1933
f 1161/1151/1934 1177/1152/1934 1010/1149/1934
f 1139/1153/1818 1016/1154/1935 1015/1155/1936
f 1015/1155/1937 1140/1156/1819 1139/1153/1938
f 1111/1157/1771 1110/1158/1770 1020/1159/1939
f 1020/1159/1940 1019/1160/1941 1111/1157/1771
f 1057/1161/1942 1083/1162/1942 989/1163/1942
f 989/1163/1943 994/1164/1943 1057/1161/1943
f 1015/1165/1944 990/1166/1944 1137/1167/1944
f 1137/1167/1945 1140/1168/1945 1015/1165/1945
f 1053/1169/1946 1058/1170/1946 993/1171/1946
f 993/1171/1947 998/1172/1947 1053/1169/1947
f 1110/1173/1948 1054/1174/1948 997/1175/1948
f 997/1175/1949 1020/1176/1949 1110/1173/1949
f 1179/1177/1950 1107/1178/1950 1001/1179/1950
f 1001/1179/1951 1006/1180/1951 1179/1177/1951
f 1019/1181/1952 1002/1182/1952 1106/1183/1952
f 1106/1183/1953 1111/1184/1953 1019/1181/1953
f 1177/1185/1954 1180/1186/1954 1005/1187/1954
f 1005/1187/1955 1010/1188/1955 1177/1185/1955
f 1139/1189/1956 1161/1190/1956 1009/1191/1956
f 1009/1191/1957 1016/1192/1957 1139/1189/1957
f 1204/1193/1958 1205/1194/1958 1206/1195/1958
f 1204/1193/1959 1206/1196/1959 1207/1197/1959
f 1207/1197/1960 1208/1198/1960 1204/1193/1960
f 1205/1194/1961 1204/1193/1961 1208/1198/1961
f 1208/1198/1962 1209/1199/1962 1205/1194/1962
f 1206/1200/1963 1205/1194/1963 1209/1199/1963
f 1209/1199/1964 1207/1201/1964 1206/1200/1964
f 1210/1193/1965 1211/1194/1965 1212/1195/1965
f 1210/1193/1966 1212/1196/1966 1213/1197/1966
f 1213/1197/1967 1214/1198/1967 1210/1193/1967
f 1211/1194/1968 1210/1193/1968 1214/1198/1968
f 1214/1198/1968 1215/1199/1968 1211/1194/1968
f 1212/1200/1969 1211/1194/1969 1215/1199/1969
f 1215/1199/1970 1213/1201/1970 1212/1200/1970
f 1216/1193/1971 1217/1194/1971 1218/1195/1971
f 1216/1193/1972 1218/1196/1972 1219/1197/1972
f 1219/1197/1973 1220/1198/1973 1216/1193/1973
f 1217/1194/1974 1216/1193/1974 1220/1198/1974
f 1220/1198/1974 1221/1199/1974 1217/1194/1974
f 1218/1200/1975 1217/1194/1975 1221/1199/1975
f 1221/1199/1976 1219/1201/1976 1218/1200/1976
f 1222/931/1977 1223/932/1977 1189/933/1977
f 1189/933/1977 1188/934/1977 1222/931/1977
f 1223/963/1978 1224/964/1978 1117/965/1978
f 1117/965/1978 1189/966/1978 1223/963/1978
f 1225/1065/1979 1118/1066/1979 1117/1067/1979
f 1117/1067/1979 1224/1068/1979 1225/1065/1979
f 1226/1069/1980 1227/1070/1980 1122/1071/1980
f 1122/1071/1980 1121/1072/1980 1226/1069/1980
f 1225/1081/1981 1226/1082/1981 1121/1083/1981
f 1121/1083/1981 1118/1084/1981 1225/1081/1981
f 1227/1085/1982 1228/1086/1982 1069/1087/1982
f 1069/1087/1982 1122/1088/1982 1227/1085/1982
f 1229/1202/442 1228/1203/442 1230/1204/442
f 1230/1204/442 1231/1205/442 1229/1202/442
f 1066/1202/454 1065/1203/454 1232/1204/454
f 1232/1204/454 1233/1205/454 1066/1202/454
f 1146/1202/448 1086/1203/448 1234/1204/448
f 1234/1204/448 1235/1205/448 1146/1202/448
f 1149/1202/189 1148/1203/189 1236/1204/189
f 1236/1204/189 1237/1205/189 1149/1202/189
f 1238/1202/446 1164/1203/446 1239/1204/446
f 1239/1204/446 1240/1205/446 1238/1202/446
f 1223/1202/460 1222/1203/460 1241/1204/460
f 1241/1204/460 1242/1205/460 1223/1202/460
f 1225/1202/444 1224/1203/444 1243/1204/444
f 1243/1204/444 1244/1205/444 1225/1202/444
f 1227/1202/452 1226/1203/452 1245/1204/452
f 1245/1204/452 1246/1205/452 1227/1202/452
f 1065/1206/1741 1229/1207/1741 1231/1208/1741
f 1231/1208/1741 1232/1209/1741 1065/1206/1741
f 1228/1206/464 1227/1207/464 1246/1208/464
f 1246/1208/464 1230/1209/464 1228/1206/464
f 1086/1206/466 1066/1207/466 1233/1208/466
f 1233/1208/466 1234/1209/466 1086/1206/466
f 1148/1206/199 1146/1207/199 1235/1208/199
f 1235/1208/199 1236/1209/199 1148/1206/199
f 1164/1206/202 1149/1207/202 1237/1208/202
f 1237/1208/202 1239/1209/202 1164/1206/202
f 1222/1206/1893 1238/1207/1893 1240/1208/1893
f 1240/1208/1893 1241/1209/1893 1222/1206/1893
f 1224/1206/1983 1223/1207/1983 1242/1208/1983
f 1242/1208/1983 1243/1209/1983 1224/1206/1983
f 1226/1206/461 1225/1207/461 1244/1208/461
f 1244/1208/461 1245/1209/461 1226/1206/461
f 1231/1210/1984 1230/1211/1984 1247/1212/1984
f 1247/1212/1984 1248/1213/1984 1231/1210/1984
f 1233/1214/1985 1232/1215/1985 1249/1216/1985
f 1249/1216/1985 1250/1217/1985 1233/1214/1985
f 1235/1210/1986 1234/1211/1986 1251/1212/1986
f 1251/1212/1986 1252/1213/1986 1235/1210/1986
f 1237/1214/1987 1236/1215/1987 1253/1216/1987
f 1253/1216/1987 1254/1217/1987 1237/1214/1987
f 1240/1210/1988 1239/1211/1988 1255/1212/1988
f 1255/1212/1988 1256/1213/1988 1240/1210/1988
f 1242/1214/1989 1241/1215/1989 1257/1216/1989
f 1257/1216/1989 1258/1217/1989 1242/1214/1989
f 1244/1210/1990 1243/1211/1990 1259/1212/1990
f 1259/1212/1990 1260/1213/1990 1244/1210/1990
f 1246/1214/1991 1245/1215/1991 1261/1216/1991
f 1261/1216/1991 1262/1217/1991 1246/1214/1991
f 1232/1218/1992 1231/1219/1992 1248/1220/1992
f 1248/1220/1992 1249/1221/1992 1232/1218/1992
f 1230/1222/1993 1246/1223/1993 1262/1224/1993
f 1262/1224/1993 1247/1225/1993 1230/1222/1993
f 1234/1222/1994 1233/1223/1994 1250/1224/1994
f 1250/1224/1994 1251/1225/1994 1234/1222/1994
f 1236/1218/1995 1235/1219/1995 1252/1220/1995
f 1252/1220/1995 1253/1221/1995 1236/1218/1995
f 1239/1222/1996 1237/1223/1996 1254/1224/1996
f 1254/1224/1996 1255/1225/1996 1239/1222/1996
f 1241/1218/1997 1240/1219/1997 1256/1220/1997
f 1256/1220/1997 1257/1221/1997 1241/1218/1997
f 1243/1222/1998 1242/1223/1998 1258/1224/1998
f 1258/1224/1998 1259/1225/1998 1243/1222/1998
f 1245/1218/1999 1244/1219/1999 1260/1220/1999
f 1260/1220/1999 1261/1221/1999 1245/1218/1999
f 1262/1226/35 1261/1227/35 1260/1228/35
f 1260/1228/35 1259/1229/35 1258/1230/35
f 1258/1230/35 1257/1231/35 1256/1232/35
f 1260/1228/35 1258/1230/35 1256/1232/35
f 1256/1232/35 1255/1233/35 1254/1234/35
f 1254/1234/35 1253/1235/35 1252/1236/35
f 1256/1232/35 1254/1234/35 1252/1236/35
f 1252/1236/35 1251/1237/35 1250/1238/35
f 1250/1238/35 1249/1239/35 1248/1240/35
f 1252/1236/35 1250/1238/35 1248/1240/35
f 1256/1232/35 1252/1236/35 1248/1240/35
f 1260/1228/35 1256/1232/35 1248/1240/35
f 1262/1226/35 1260/1228/35 1248/1240/35
f 1247/1241/35 1262/1226/35 1248/1240/35
f 1229/1065/2000 1070/1066/2000 1069/1067/2000
f 1069/1067/2000 1228/1068/2000 1229/1065/2000
f 1229/1081/2001 1065/1082/2001 1068/1083/2001
f 1068/1083/2002 1070/1084/2002 1229/1081/2002
f 1238/1065/2003 1186/1066/2003 1165/1067/2003
f 1165/1067/2003 1164/1068/2003 1238/1065/2003
f 1238/1081/2004 1222/1082/2004 1188/1083/2004
f 1188/1083/2004 1186/1084/2004 1238/1081/2004
f 1263/1242/2005 1264/1243/2005 1265/1244/2005
f 1265/1244/2006 1266/1245/2006 1263/1242/2006
f 1267/1246/2007 1268/1247/2007 1269/1248/2007
f 1269/1248/2007 1270/1249/2007 1267/1246/2007
f 1267/1250/2008 1270/1251/2009 1265/1252/2010
f 1265/1252/2010 1264/1253/2011 1267/1250/2012
f 1268/1254/2013 1263/1255/2014 1266/1256/2015
f 1266/1256/2015 1269/1257/2016 1268/1254/2017
f 1271/1242/2018 1272/1243/2018 1273/1244/2018
f 1273/1244/2019 1274/1245/2019 1271/1242/2019
f 1275/1246/2020 1276/1247/2020 1277/1248/2020
f 1277/1248/2020 1278/1249/2020 1275/1246/2020
f 1275/1250/2021 1278/1251/2022 1273/1252/2023
f 1273/1252/2023 1272/1253/2024 1275/1250/2025
f 1276/1254/2026 1271/1255/2027 1274/1256/2028
f 1274/1256/2028 1277/1257/2029 1276/1254/2026
f 1279/1242/2030 1280/1243/2030 1281/1244/2030
f 1281/1244/2031 1282/1245/2031 1279/1242/2031
f 1283/1246/2032 1284/1247/2032 1285/1248/2032
f 1285/1248/2032 1286/1249/2032 1283/1246/2032
f 1283/1250/2033 1286/1251/2034 1281/1252/2035
f 1281/1252/2035 1280/1253/2036 1283/1250/2037
f 1284/1254/2038 1279/1255/2039 1282/1256/2040
f 1282/1256/2040 1285/1257/2041 1284/1254/2042
f 1287/1242/2043 1288/1243/2043 1289/1244/2043
f 1289/1244/2044 1290/1245/2044 1287/1242/2044
f 1291/1246/2045 1292/1247/2045 1293/1248/2045
f 1293/1248/2045 1294/1249/2045 1291/1246/2045
f 1291/1250/2046 1294/1251/2047 1289/1252/2048
f 1289/1252/2048 1288/1253/2049 1291/1250/2050
f 1292/1254/2051 1287/1255/2052 1290/1256/2053
f 1290/1256/2053 1293/1257/2054 1292/1254/2055
f 1295/1258/2056 1296/1259/2056 1297/1260/2056
f 1297/1260/2056 1298/1261/2056 1295/1258/2056
f 1270/1262/2057 1269/1263/2057 1295/1264/2057
f 1295/1264/2057 1298/1265/2057 1270/1262/2057
f 1269/1266/2058 1266/1267/2058 1296/1268/2058
f 1296/1268/2059 1295/1269/2059 1269/1266/2059
f 1297/1269/2060 1265/1266/2060 1270/1267/2060
f 1270/1267/2061 1298/1268/2061 1297/1269/2061
f 1266/1262/2062 1265/1263/2062 1297/1264/2062
f 1297/1264/2062 1296/1265/2062 1266/1262/2062
f 1299/1258/2063 1300/1259/2063 1301/1260/2063
f 1301/1260/2063 1302/1261/2063 1299/1258/2063
f 1278/1262/2064 1277/1263/2064 1299/1264/2064
f 1299/1264/2064 1302/1265/2064 1278/1262/2064
f 1277/1266/2065 1274/1267/2065 1300/1268/2065
f 1300/1268/2066 1299/1269/2066 1277/1266/2066
f 1301/1269/2067 1273/1266/2067 1278/1267/2067
f 1278/1267/2068 1302/1268/2068 1301/1269/2068
f 1274/1262/2069 1273/1263/2069 1301/1264/2069
f 1301/1264/2069 1300/1265/2069 1274/1262/2069
f 1303/1258/2070 1304/1259/2070 1305/1260/2070
f 1305/1260/2070 1306/1261/2070 1303/1258/2070
f 1286/1262/2071 1285/1263/2071 1303/1264/2071
f 1303/1264/2071 1306/1265/2071 1286/1262/2071
f 1285/1266/2072 1282/1267/2072 1304/1268/2072
f 1304/1268/2073 1303/1269/2073 1285/1266/2073
f 1305/1269/2074 1281/1266/2074 1286/1267/2074
f 1286/1267/2075 1306/1268/2075 1305/1269/2075
f 1282/1262/2076 1281/1263/2076 1305/1264/2076
f 1305/1264/2076 1304/1265/2076 1282/1262/2076
f 1307/1258/2077 1308/1259/2077 1309/1260/2077
f 1309/1260/2077 1310/1261/2077 1307/1258/2077
f 1294/1262/2078 1293/1263/2078 1307/1264/2078
f 1307/1264/2078 1310/1265/2078 1294/1262/2078
f 1293/1266/2079 1290/1267/2079 1308/1268/2079
f 1308/1268/2080 1307/1269/2080 1293/1266/2080
f 1309/1269/2081 1289/1266/2081 1294/1267/2081
f 1294/1267/2082 1310/1268/2082 1309/1269/2082
f 1290/1262/2083 1289/1263/2083 1309/1264/2083
f 1309/1264/2083 1308/1265/2083 1290/1262/2083
f 1/1/1 2/2/2 3/3/3
f 3/3/4 4/4/5 1/1/6
f 5/5/7 3/6/8 2/7/9
f 2/7/10 6/8/11 5/5/12
f 7/9/13 8/10/13 9/11/13
f 10/12/14 11/13/14 12/14/14
f 9/11/15 10/12/15 12/14/15
f 7/9/16 9/11/16 12/14/16
f 13/15/17 14/16/17 15/17/17
f 15/17/18 16/18/18 13/15/18
f 17/19/19 18/20/19 4/21/19
f 4/21/19 19/22/19 17/19/19
f 20/23/20 8/24/20 7/25/20
f 7/25/21 21/26/21 20/23/21
f 11/27/22 15/28/22 14/29/22
f 14/29/23 12/30/23 11/27/23
f 22/31/19 23/32/19 19/22/19
f 5/33/19 22/31/19 19/22/19
f 19/22/19 4/21/19 3/34/19
f 5/33/19 19/22/19 3/34/19
f 24/35/19 18/36/19 17/19/19
f 17/19/19 25/37/19 24/35/19
f 21/1/24 26/2/25 19/3/26
f 19/3/27 23/4/28 21/1/29
f 27/1/30 13/2/31 28/3/32
f 28/3/33 29/4/34 27/1/30
f 30/19/35 31/20/35 29/21/35
f 29/21/35 32/22/35 30/19/35
f 33/35/35 31/36/35 30/19/35
f 30/19/35 34/37/35 33/35/35
f 19/38/36 26/39/37 35/40/38
f 35/40/38 36/41/39 37/42/40
f 19/38/41 35/40/42 37/42/43
f 19/38/44 37/42/45 17/43/45
f 38/44/46 39/45/46 40/46/46
f 40/46/46 41/47/46 38/44/46
f 37/1/47 42/2/48 25/3/49
f 25/3/49 17/4/50 37/1/51
f 43/48/52 44/49/52 39/50/52
f 39/50/53 38/51/53 43/48/53
f 36/52/54 35/53/54 41/47/54
f 41/47/46 40/46/46 36/52/46
f 45/1/55 46/2/55 31/3/55
f 31/3/56 33/4/56 45/1/56
f 31/38/57 46/39/57 44/40/58
f 44/40/59 43/41/60 27/42/61
f 31/38/62 44/40/63 27/42/64
f 29/43/65 31/38/66 27/42/61
f 25/38/67 42/39/68 47/40/69
f 47/40/69 48/41/70 49/42/71
f 25/38/72 47/40/73 49/42/74
f 25/38/72 49/42/75 24/43/76
f 50/44/77 51/45/77 52/46/77
f 52/46/77 53/47/77 50/44/77
f 49/1/78 54/2/79 18/3/80
f 18/3/81 24/4/82 49/1/83
f 55/48/84 56/49/84 51/50/84
f 51/50/85 50/51/85 55/48/85
f 48/52/86 47/53/86 53/47/86
f 53/47/77 52/46/77 48/52/77
f 57/1/87 58/2/88 59/3/89
f 59/3/89 60/4/90 57/1/87
f 56/40/91 55/41/92 45/42/93
f 56/40/94 45/42/95 33/43/96
f 56/40/97 33/43/98 59/38/99
f 58/39/100 56/40/101 59/38/102
f 4/43/103 18/38/104 54/39/105
f 4/43/106 54/39/107 61/40/108
f 4/43/109 61/40/108 62/41/110
f 4/43/111 62/41/112 1/42/111
f 63/54/113 64/55/113 65/56/113
f 65/56/113 66/57/113 63/54/113
f 67/58/114 68/59/114 69/60/114
f 70/61/114 67/58/114 69/60/114
f 71/62/114 70/61/114 69/60/114
f 72/63/115 71/62/115 69/60/115
f 65/23/116 71/24/116 72/25/116
f 72/25/117 66/26/117 65/23/117
f 68/64/118 6/65/118 2/66/118
f 2/66/119 69/67/119 68/64/119
f 73/44/120 74/45/120 75/46/120
f 75/46/120 76/47/120 73/44/120
f 77/48/121 78/49/121 74/50/121
f 74/50/122 73/51/122 77/48/122
f 62/52/123 61/53/123 76/47/123
f 76/47/120 75/46/120 62/52/120
f 63/1/124 79/2/125 32/3/126
f 32/3/127 80/4/128 63/1/129
f 60/43/130 32/38/131 79/39/132
f 79/39/133 78/40/134 77/41/135
f 60/43/136 79/39/132 77/41/137
f 57/42/138 60/43/139 77/41/140
f 81/68/141 22/69/142 5/70/7
f 5/70/7 82/71/143 81/68/143
f 20/72/144 21/73/144 23/74/144
f 23/74/145 22/75/146 20/72/145
f 65/76/147 64/77/147 83/78/147
f 16/79/148 15/80/148 84/81/148
f 81/82/149 82/83/149 6/84/149
f 6/84/149 20/85/149 81/82/149
f 15/86/150 65/87/150 83/88/150
f 83/88/151 84/89/151 15/86/151
f 6/90/152 82/91/152 5/92/152
f 22/93/153 81/94/153 20/95/153
f 71/96/154 11/97/154 10/98/154
f 10/98/155 70/99/155 71/96/155
f 68/100/156 8/101/156 20/102/156
f 20/102/157 6/103/157 68/100/157
f 85/104/158 86/105/158 87/106/158
f 87/106/159 88/107/159 85/104/159
f 89/108/160 90/109/160 85/104/160
f 85/104/160 88/107/160 89/108/160
f 90/109/161 91/110/161 86/105/161
f 86/105/161 85/104/161 90/109/161
f 91/110/162 92/111/162 87/106/162
f 87/106/162 86/105/162 91/110/162
f 92/111/163 89/108/163 88/107/163
f 88/107/163 87/106/163 92/111/163
f 93/5/164 28/6/165 13/7/166
f 13/7/167 16/8/168 93/5/164
f 94/31/35 80/32/35 32/22/35
f 93/33/35 94/31/35 32/22/35
f 32/22/35 29/21/35 28/34/35
f 93/33/35 32/22/35 28/34/35
f 83/68/169 94/69/170 93/70/171
f 93/70/172 84/71/173 83/68/174
f 64/72/175 63/73/176 80/74/177
f 80/74/178 94/75/179 64/72/180
f 16/112/181 84/91/181 93/92/181
f 94/93/182 83/94/182 64/113/182
f 67/114/183 9/115/183 8/101/183
f 8/101/184 68/100/184 67/114/184
f 65/116/185 15/117/185 11/97/185
f 11/97/186 71/96/186 65/116/186
f 95/118/187 96/119/187 97/120/187
f 97/120/188 98/121/188 95/118/188
f 99/122/189 100/123/189 101/124/189
f 101/124/190 102/125/190 99/122/190
f 103/126/191 104/127/191 105/128/191
f 105/128/191 106/129/191 103/126/191
f 107/130/192 108/131/192 109/132/192
f 109/132/192 110/133/192 107/130/192
f 111/134/193 112/135/193 113/136/193
f 113/136/194 114/137/194 111/134/194
f 115/138/195 116/139/195 117/140/195
f 117/140/195 118/141/195 115/138/195
f 119/142/196 120/143/196 121/144/196
f 121/144/197 122/145/197 119/142/197
f 123/146/198 124/147/198 125/148/198
f 125/148/198 126/149/198 123/146/198
f 100/123/199 95/118/199 98/121/199
f 98/121/199 101/124/199 100/123/199
f 96/119/200 123/146/200 126/149/200
f 126/149/201 97/120/201 96/119/201
f 104/150/202 99/122/202 102/125/202
f 102/125/202 105/151/202 104/150/202
f 108/131/203 103/126/203 106/129/203
f 106/129/203 109/132/203 108/131/203
f 112/135/204 107/130/204 110/133/204
f 110/133/205 113/136/205 112/135/205
f 116/139/206 111/134/206 114/137/206
f 114/137/206 117/140/206 116/139/206
f 120/143/207 115/138/207 118/141/207
f 118/141/208 121/144/208 120/143/208
f 124/147/209 119/142/209 122/145/209
f 122/145/209 125/148/209 124/147/209
f 127/118/187 128/119/187 129/120/187
f 129/120/188 130/121/188 127/118/188
f 131/122/189 132/123/189 133/124/189
f 133/124/190 134/125/190 131/122/190
f 135/126/191 136/127/191 137/128/191
f 137/128/191 138/129/191 135/126/191
f 139/130/192 140/131/192 141/132/192
f 141/132/192 142/133/192 139/130/192
f 143/134/193 144/135/193 145/136/193
f 145/136/194 146/137/194 143/134/194
f 147/138/195 148/139/195 149/140/195
f 149/140/195 150/141/195 147/138/195
f 151/142/196 152/143/196 153/144/196
f 153/144/197 154/145/197 151/142/197
f 155/146/198 156/147/198 157/148/198
f 157/148/198 158/149/198 155/146/198
f 132/123/199 127/118/199 130/121/199
f 130/121/199 133/124/199 132/123/199
f 128/119/200 155/146/200 158/149/200
f 158/149/201 129/120/201 128/119/201
f 136/150/202 131/122/202 134/125/202
f 134/125/202 137/151/202 136/150/202
f 140/131/203 135/126/203 138/129/203
f 138/129/203 141/132/203 140/131/203
f 144/135/204 139/130/204 142/133/204
f 142/133/205 145/136/205 144/135/205
f 148/139/206 143/134/206 146/137/206
f 146/137/206 149/140/206 148/139/206
f 152/143/207 147/138/207 150/141/207
f 150/141/208 153/144/208 152/143/208
f 156/147/209 151/142/209 154/145/209
f 154/145/209 157/148/209 156/147/209
f 159/152/210 160/153/210 161/154/210
f 161/154/211 162/155/211 159/152/211
f 58/156/212 163/157/212 164/158/212
f 164/158/213 56/159/213 58/156/213
f 56/160/214 164/161/214 48/162/214
f 48/23/215 160/24/215 159/163/215
f 159/163/216 49/164/216 48/23/216
f 161/27/217 164/28/217 163/165/217
f 163/165/218 162/166/218 161/27/218
f 165/167/219 166/168/219 167/169/219
f 167/169/220 168/170/220 165/167/220
f 160/171/221 48/172/221 164/173/221
f 164/173/222 161/174/222 160/171/222
f 169/169/223 170/175/223 54/176/223
f 54/176/224 49/168/224 169/169/224
f 169/177/225 168/178/225 167/179/225
f 167/179/226 170/180/226 169/177/226
f 165/181/227 58/182/227 57/183/227
f 57/183/228 166/184/228 165/181/228
f 57/185/229 77/186/229 171/187/229
f 171/187/230 172/188/230 57/185/230
f 173/189/231 174/190/231 175/191/231
f 175/191/232 176/192/232 173/189/232
f 171/23/233 174/24/233 173/163/233
f 173/163/234 172/164/234 171/23/234
f 175/64/235 61/65/235 54/193/235
f 54/193/236 176/194/236 175/64/236
f 174/171/237 171/172/237 61/173/237
f 61/173/238 175/174/238 174/171/238
f 163/195/239 58/182/239 165/196/239
f 166/197/240 57/198/240 172/199/240
f 169/200/241 159/201/241 162/202/241
f 162/202/242 168/203/242 169/200/242
f 159/204/243 169/205/243 49/206/243
f 168/207/244 162/208/244 163/209/244
f 163/209/245 165/210/245 168/207/245
f 173/211/246 167/212/246 166/213/246
f 166/213/247 172/214/247 173/211/247
f 170/215/248 176/216/248 54/217/248
f 167/218/249 173/219/249 176/220/249
f 176/220/250 170/221/250 167/218/250
f 61/161/251 171/162/251 77/222/251
f 177/152/252 178/153/252 179/154/252
f 179/154/253 180/155/253 177/152/253
f 79/156/254 181/157/254 182/158/254
f 182/158/255 78/159/255 79/156/255
f 78/160/256 182/161/256 62/162/256
f 62/23/257 178/24/257 177/163/257
f 177/163/258 1/164/258 62/23/258
f 179/27/259 182/28/259 181/165/259
f 181/165/260 180/166/260 179/27/260
f 183/167/261 184/168/261 185/169/261
f 185/169/262 186/170/262 183/167/262
f 178/171/263 62/172/263 182/173/263
f 182/173/264 179/174/264 178/171/264
f 187/169/265 188/175/265 2/176/265
f 2/176/266 1/168/266 187/169/266
f 187/177/267 186/178/267 185/179/267
f 185/179/268 188/180/268 187/177/268
f 183/181/269 79/182/269 63/183/269
f 63/183/270 184/184/270 183/181/270
f 181/195/271 79/182/271 183/196/271
f 184/197/272 63/198/272 66/199/272
f 187/200/273 177/201/273 180/202/273
f 180/202/274 186/203/274 187/200/274
f 177/204/275 187/205/275 1/206/275
f 186/207/276 180/208/276 181/209/276
f 181/209/277 183/210/277 186/207/277
f 72/211/278 185/212/278 184/213/278
f 184/213/279 66/214/279 72/211/279
f 188/215/280 69/216/280 2/217/280
f 185/218/281 72/219/281 69/220/281
f 69/220/282 188/221/282 185/218/282
f 189/167/283 190/168/283 191/169/283
f 191/169/284 192/170/284 189/167/284
f 193/169/285 194/175/285 26/176/285
f 26/176/286 21/168/286 193/169/286
f 193/223/287 192/224/287 191/225/287
f 191/225/288 194/226/288 193/223/288
f 189/181/289 13/182/289 27/183/289
f 27/183/290 190/184/290 189/181/290
f 27/185/291 43/186/291 195/187/291
f 195/187/292 196/188/292 27/185/292
f 197/189/293 198/190/293 199/191/293
f 199/191/294 200/192/294 197/189/294
f 195/23/295 198/24/295 197/163/295
f 197/163/296 196/164/296 195/23/296
f 199/64/297 35/65/297 26/193/297
f 26/193/298 200/194/298 199/64/298
f 198/171/299 195/172/299 35/173/299
f 35/173/300 199/174/300 198/171/300
f 14/195/301 13/182/301 189/196/301
f 190/197/302 27/198/302 196/199/302
f 193/227/303 7/228/303 12/229/303
f 12/229/304 192/230/304 193/227/304
f 7/204/305 193/205/305 21/206/305
f 192/207/306 12/208/306 14/209/306
f 14/209/307 189/210/307 192/207/307
f 197/211/308 191/212/308 190/213/308
f 190/213/309 196/214/309 197/211/309
f 194/215/310 200/216/310 26/217/310
f 191/218/311 197/219/311 200/220/311
f 200/220/312 194/221/312 191/218/312
f 35/161/313 195/162/313 43/222/313
f 201/152/314 202/153/314 203/154/314
f 203/154/315 204/155/315 201/152/315
f 46/156/316 205/157/316 206/158/316
f 206/158/317 44/159/317 46/156/317
f 44/160/318 206/161/318 36/162/318
f 36/23/319 202/24/319 201/163/319
f 201/163/320 37/164/320 36/23/320
f 203/27/321 206/28/321 205/165/321
f 205/165/322 204/166/322 203/27/322
f 207/167/323 208/168/323 209/169/323
f 209/169/324 210/170/324 207/167/324
f 202/171/325 36/172/325 206/173/325
f 206/173/326 203/174/326 202/171/326
f 211/169/327 212/175/327 42/176/327
f 42/176/328 37/168/328 211/169/328
f 211/177/329 210/178/329 209/179/329
f 209/179/330 212/180/330 211/177/330
f 207/181/331 46/182/331 45/183/331
f 45/183/332 208/184/332 207/181/332
f 45/185/333 55/186/333 213/187/333
f 213/187/334 214/188/334 45/185/334
f 215/189/335 216/190/335 217/191/335
f 217/191/336 218/192/336 215/189/336
f 213/23/337 216/24/337 215/163/337
f 215/163/338 214/164/338 213/23/338
f 217/64/339 47/65/339 42/193/339
f 42/193/340 218/194/340 217/64/340
f 216/171/341 213/172/341 47/173/341
f 47/173/342 217/174/342 216/171/342
f 205/195/343 46/182/343 207/196/343
f 208/197/344 45/198/344 214/199/344
f 211/200/345 201/201/345 204/202/345
f 204/202/346 210/203/346 211/200/346
f 201/204/347 211/205/347 37/206/347
f 210/207/348 204/208/348 205/209/348
f 205/209/349 207/210/349 210/207/349
f 215/211/350 209/212/350 208/213/350
f 208/213/351 214/214/351 215/211/351
f 212/215/352 218/216/352 42/217/352
f 209/218/353 215/219/353 218/220/353
f 218/220/354 212/221/354 209/218/354
f 47/161/355 213/162/355 55/222/355
f 219/231/356 220/232/356 221/233/356
f 221/233/357 222/234/357 219/231/357
f 223/235/358 224/236/358 225/237/358
f 225/237/359 226/238/359 223/235/359
f 224/239/360 219/240/360 222/241/360
f 222/241/361 225/242/361 224/239/361
f 220/243/362 223/244/362 226/245/362
f 226/245/363 221/246/363 220/243/363
f 226/247/364 225/248/364 222/249/364
f 222/249/364 221/250/364 226/247/364
f 227/251/35 228/252/35 229/253/35
f 229/253/35 230/254/35 227/251/35
f 231/255/365 232/256/365 233/257/365
f 233/257/365 234/258/365 231/255/365
f 235/259/77 236/260/77 237/261/77
f 237/261/77 238/262/77 235/259/77
f 239/263/19 240/264/19 241/265/19
f 241/265/19 242/266/19 239/263/19
f 243/267/77 244/268/77 245/269/77
f 245/269/77 246/270/77 243/267/77
f 247/261/365 248/262/365 249/259/365
f 249/259/365 250/260/365 247/261/365
f 251/271/19 252/272/19 253/273/19
f 253/273/19 254/274/19 251/271/19
f 255/275/77 256/276/77 257/277/77
f 257/277/77 258/278/77 255/275/77
f 259/276/365 260/277/365 261/278/365
f 261/278/365 262/275/365 259/276/365
f 263/272/366 264/273/366 265/274/366
f 265/274/366 266/271/366 263/272/366
f 263/279/120 266/280/120 260/281/120
f 260/281/120 259/282/120 252/283/120
f 263/279/120 260/281/120 252/283/120
f 252/283/120 251/284/120 255/285/120
f 263/279/120 252/283/120 255/285/120
f 258/286/120 263/279/120 255/285/120
f 227/287/367 235/288/367 238/289/367
f 238/289/367 228/290/367 227/287/367
f 229/291/368 232/292/368 231/293/368
f 231/293/368 230/294/368 229/291/368
f 239/289/369 247/290/369 250/287/369
f 250/287/369 240/288/369 239/289/369
f 241/293/370 244/294/370 243/291/370
f 243/291/370 242/292/370 241/293/370
f 252/295/369 259/296/369 262/297/369
f 262/297/369 253/298/369 252/295/369
f 255/297/370 251/298/370 254/295/370
f 254/295/370 256/296/370 255/297/370
f 263/297/367 258/298/367 257/295/367
f 257/295/367 264/296/367 263/297/367
f 265/297/368 261/298/368 260/295/368
f 260/295/368 266/296/368 265/297/368
f 234/299/371 233/300/371 267/301/371
f 267/301/371 268/302/371 234/299/371
f 233/303/372 249/304/372 269/305/372
f 269/305/372 267/306/372 233/303/372
f 249/307/373 248/308/373 270/309/373
f 270/309/373 269/310/373 249/307/373
f 248/311/374 234/312/374 268/313/374
f 268/313/374 270/314/374 248/311/374
f 237/299/375 236/300/375 271/301/375
f 271/301/375 272/302/375 237/299/375
f 236/303/376 246/304/376 273/305/376
f 273/305/376 271/306/376 236/303/376
f 246/307/377 245/308/377 274/309/377
f 274/309/377 273/310/377 246/307/377
f 245/311/378 237/312/378 272/313/378
f 272/313/378 274/314/378 245/311/378
f 275/251/19 276/252/19 277/253/19
f 277/253/19 278/254/19 275/251/19
f 279/255/365 280/256/365 281/257/365
f 281/257/365 282/258/365 279/255/365
f 283/259/77 284/260/77 285/261/77
f 285/261/77 286/262/77 283/259/77
f 287/263/35 288/264/35 289/265/35
f 289/265/35 290/266/35 287/263/35
f 291/267/77 292/268/77 293/269/77
f 293/269/77 294/270/77 291/267/77
f 295/261/365 296/262/365 297/259/365
f 297/259/365 298/260/365 295/261/365
f 275/287/370 283/288/370 286/289/370
f 286/289/370 276/290/370 275/287/370
f 277/291/369 280/292/369 279/293/369
f 279/293/369 278/294/369 277/291/369
f 287/289/368 295/290/368 298/287/368
f 298/287/368 288/288/368 287/289/368
f 289/293/367 292/294/367 291/291/367
f 291/291/367 290/292/367 289/293/367
f 282/299/373 281/300/373 299/301/373
f 299/301/373 300/302/373 282/299/373
f 281/303/374 297/304/374 301/305/374
f 301/305/374 299/306/374 281/303/374
f 297/307/371 296/308/371 302/309/371
f 302/309/371 301/310/371 297/307/371
f 296/311/372 282/312/372 300/313/372
f 300/313/372 302/314/372 296/311/372
f 285/299/377 284/300/377 303/301/377
f 303/301/377 304/302/377 285/299/377
f 284/303/378 294/304/378 305/305/378
f 305/305/378 303/306/378 284/303/378
f 294/307/375 293/308/375 306/309/375
f 306/309/375 305/310/375 294/307/375
f 293/311/376 285/312/376 304/313/376
f 304/313/376 306/314/376 293/311/376
f 307/251/35 308/252/35 309/253/35
f 309/253/35 310/254/35 307/251/35
f 311/255/365 312/256/365 313/257/365
f 313/257/365 314/258/365 311/255/365
f 315/259/77 316/260/77 317/261/77
f 317/261/77 318/262/77 315/259/77
f 319/263/19 320/264/19 321/265/19
f 321/265/19 322/266/19 319/263/19
f 323/267/77 324/268/77 325/269/77
f 325/269/77 326/270/77 323/267/77
f 327/261/365 328/262/365 329/259/365
f 329/259/365 330/260/365 327/261/365
f 307/287/367 315/288/367 318/289/367
f 318/289/367 308/290/367 307/287/367
f 309/291/368 312/292/368 311/293/368
f 311/293/368 310/294/368 309/291/368
f 319/289/369 327/290/369 330/287/369
f 330/287/369 320/288/369 319/289/369
f 321/293/370 324/294/370 323/291/370
f 323/291/370 322/292/370 321/293/370
f 314/299/371 313/300/371 331/301/371
f 331/301/371 332/302/371 314/299/371
f 313/303/372 329/304/372 333/305/372
f 333/305/372 331/306/372 313/303/372
f 329/307/373 328/308/373 334/309/373
f 334/309/373 333/310/373 329/307/373
f 328/311/374 314/312/374 332/313/374
f 332/313/374 334/314/374 328/311/374
f 317/299/375 316/300/375 335/301/375
f 335/301/375 336/302/375 317/299/375
f 316/303/376 326/304/376 337/305/376
f 337/305/376 335/306/376 316/303/376
f 326/307/377 325/308/377 338/309/377
f 338/309/377 337/310/377 326/307/377
f 325/311/378 317/312/378 336/313/378
f 336/313/378 338/314/378 325/311/378
f 310/315/120 311/316/120 314/317/120
f 314/317/120 328/318/120 327/319/120
f 310/315/120 314/317/120 327/319/120
f 327/319/120 319/320/120 322/321/120
f 322/321/120 323/322/120 326/323/120
f 327/319/120 322/321/120 326/323/120
f 310/315/120 327/319/120 326/323/120
f 310/315/120 326/323/120 316/324/120
f 310/315/120 316/324/120 315/325/120
f 310/315/120 315/325/120 307/326/120
f 339/327/379 340/328/379 341/329/379
f 341/329/380 342/330/380 339/327/380
f 343/331/381 344/332/381 345/333/381
f 345/333/382 346/334/382 343/331/382
f 347/335/383 348/336/383 349/337/383
f 349/337/383 342/338/383 347/335/383
f 350/339/384 351/340/384 341/341/384
f 341/341/384 352/342/384 350/339/384
f 351/340/385 347/343/385 342/344/385
f 342/344/385 341/341/385 351/340/385
f 353/345/386 354/346/386 355/347/386
f 355/347/386 356/348/386 353/345/386
f 357/349/387 358/350/387 359/351/387
f 359/351/387 346/352/387 357/349/387
f 360/353/388 357/349/388 346/352/388
f 346/352/388 345/354/388 360/353/388
f 361/355/389 360/356/389 345/357/389
f 345/357/389 362/358/389 361/355/389
f 363/359/390 364/360/390 365/361/390
f 365/361/390 366/362/390 363/359/390
f 367/363/391 368/364/391 369/365/391
f 369/365/391 370/366/391 367/363/391
f 349/367/392 371/368/392 372/369/392
f 372/369/392 373/370/392 349/367/392
f 371/371/393 339/372/393 374/373/393
f 374/373/393 372/374/393 371/371/393
f 339/375/394 342/376/394 375/377/394
f 375/377/395 374/378/395 339/375/395
f 342/379/396 349/380/396 373/381/396
f 373/381/396 375/382/396 342/379/396
f 341/367/397 340/368/397 376/369/397
f 376/369/398 377/370/398 341/367/398
f 340/383/399 378/384/399 379/385/399
f 379/385/400 376/386/400 340/383/400
f 380/387/401 381/388/401 382/389/401
f 382/389/402 379/390/402 380/387/402
f 382/391/403 383/392/403 343/393/403
f 343/393/404 384/394/404 382/391/404
f 343/375/405 346/376/405 385/377/405
f 385/377/406 384/378/406 343/375/406
f 346/395/407 359/396/407 386/397/407
f 386/397/408 385/398/408 346/395/408
f 356/399/409 355/400/409 387/401/409
f 387/401/409 386/402/409 356/399/409
f 387/403/410 352/404/410 341/405/410
f 341/405/411 377/406/411 387/403/411
f 345/367/412 344/368/412 388/369/412
f 388/369/413 389/370/413 345/367/413
f 344/371/414 390/372/414 391/373/414
f 391/373/415 388/374/415 344/371/415
f 390/375/416 362/376/416 392/377/416
f 392/377/417 391/378/417 390/375/417
f 362/379/418 345/380/418 389/381/418
f 389/381/418 392/382/418 362/379/418
f 365/367/419 393/368/419 394/369/419
f 394/369/420 395/370/420 365/367/420
f 393/371/421 396/372/421 397/373/421
f 397/373/422 394/374/422 393/371/422
f 396/375/423 366/376/423 398/377/423
f 398/377/424 397/378/424 396/375/424
f 366/379/425 365/380/425 395/381/425
f 395/381/425 398/382/425 366/379/425
f 399/375/426 370/376/426 400/377/426
f 400/377/426 401/378/426 399/375/426
f 370/379/427 369/380/427 402/381/427
f 402/381/427 400/382/427 370/379/427
f 369/367/428 403/368/428 404/369/428
f 404/369/429 402/370/429 369/367/429
f 403/371/430 399/372/430 401/373/430
f 401/373/430 404/374/430 403/371/430
f 348/407/431 347/408/431 405/409/431
f 405/409/431 406/410/431 348/407/431
f 351/411/432 350/412/432 407/413/432
f 407/413/432 408/414/432 351/411/432
f 347/415/433 351/416/433 408/417/433
f 408/417/433 405/418/433 347/415/433
f 407/419/434 354/420/434 353/421/434
f 353/421/434 409/422/434 407/419/434
f 409/423/435 358/424/435 357/425/435
f 357/425/435 410/426/435 409/423/435
f 357/427/436 360/428/436 411/429/436
f 411/429/437 410/430/437 357/427/437
f 360/407/438 361/408/438 412/409/438
f 412/409/439 411/410/439 360/407/439
f 364/431/440 363/432/440 413/433/440
f 413/433/440 414/434/440 364/431/440
f 368/435/441 367/432/441 415/436/441
f 415/436/441 416/437/441 368/435/441
f 417/438/19 418/439/19 419/440/19
f 405/441/19 408/442/19 407/443/19
f 407/443/19 409/444/19 410/445/19
f 405/441/19 407/443/19 410/445/19
f 406/446/19 405/441/19 410/445/19
f 406/446/19 410/445/19 411/447/19
f 412/448/19 420/449/19 421/450/19
f 421/450/19 422/451/19 423/452/19
f 412/448/19 421/450/19 423/452/19
f 411/447/19 412/448/19 423/452/19
f 411/447/19 423/452/19 414/453/19
f 413/454/19 424/455/19 425/456/19
f 425/456/19 426/457/19 427/458/19
f 413/454/19 425/456/19 427/458/19
f 414/453/19 413/454/19 427/458/19
f 414/453/19 427/458/19 416/459/19
f 411/447/19 414/453/19 416/459/19
f 406/446/19 411/447/19 416/459/19
f 419/440/19 406/446/19 416/459/19
f 419/440/19 416/459/19 415/460/19
f 417/438/19 419/440/19 415/460/19
f 417/438/19 415/460/19 428/461/19
f 429/438/35 430/439/35 431/440/35
f 432/441/35 433/442/35 434/443/35
f 434/443/35 435/444/35 436/445/35
f 432/441/35 434/443/35 436/445/35
f 437/446/35 432/441/35 436/445/35
f 437/446/35 436/445/35 438/447/35
f 439/448/35 440/449/35 441/450/35
f 441/450/35 442/451/35 443/452/35
f 439/448/35 441/450/35 443/452/35
f 438/447/35 439/448/35 443/452/35
f 438/447/35 443/452/35 444/453/35
f 445/454/35 446/455/35 447/456/35
f 447/456/35 448/457/35 449/458/35
f 445/454/35 447/456/35 449/458/35
f 444/453/35 445/454/35 449/458/35
f 444/453/35 449/458/35 450/459/35
f 438/447/35 444/453/35 450/459/35
f 437/446/35 438/447/35 450/459/35
f 431/440/35 437/446/35 450/459/35
f 431/440/35 450/459/35 451/460/35
f 429/438/35 431/440/35 451/460/35
f 429/438/35 451/460/35 452/461/35
f 453/462/442 454/463/442 455/464/442
f 455/464/442 456/465/442 453/462/442
f 457/466/443 453/467/443 456/468/443
f 456/468/443 458/469/443 457/466/443
f 459/462/444 460/463/444 461/464/444
f 461/464/444 462/465/444 459/462/444
f 454/466/445 459/467/445 462/468/445
f 462/468/445 455/469/445 454/466/445
f 463/462/446 464/463/446 465/464/446
f 465/464/446 466/465/446 463/462/446
f 460/466/447 463/467/447 466/468/447
f 466/468/447 461/469/447 460/466/447
f 467/462/448 457/463/448 458/464/448
f 458/464/448 468/465/448 467/462/448
f 464/466/449 467/467/449 468/468/449
f 468/468/449 465/469/449 464/466/449
f 469/470/450 470/471/450 471/472/450
f 471/472/451 472/473/451 469/470/451
f 473/474/452 474/475/452 475/476/452
f 475/476/452 476/477/452 473/474/452
f 477/478/442 478/479/442 479/480/442
f 479/480/442 480/481/442 477/478/442
f 481/482/453 482/483/453 483/484/453
f 483/484/454 484/485/454 481/482/454
f 485/486/455 486/487/455 487/488/455
f 487/488/456 488/489/456 485/486/456
f 489/490/457 490/491/457 491/492/457
f 491/492/457 492/493/457 489/490/457
f 493/494/458 494/495/458 495/496/458
f 495/496/459 496/497/459 493/494/459
f 497/498/460 498/499/460 499/500/460
f 499/500/460 500/501/460 497/498/460
f 474/475/461 469/470/461 472/473/461
f 472/473/461 475/476/461 474/475/461
f 470/471/462 497/498/462 500/501/462
f 500/501/463 471/472/463 470/471/463
f 478/502/464 473/474/464 476/477/464
f 476/477/464 479/503/464 478/502/464
f 482/483/465 477/478/465 480/481/465
f 480/481/465 483/484/465 482/483/465
f 486/487/466 481/482/466 484/485/466
f 484/485/467 487/488/467 486/487/467
f 490/491/468 485/486/468 488/489/468
f 488/489/468 491/492/468 490/491/468
f 494/495/469 489/490/469 492/493/469
f 492/493/470 495/496/470 494/495/470
f 498/499/471 493/494/471 496/497/471
f 496/497/471 499/500/471 498/499/471
f 501/504/35 502/505/35 503/506/35
f 504/507/35 501/504/35 503/506/35
f 505/508/35 506/509/35 507/510/35
f 503/506/35 505/508/35 507/510/35
f 508/511/35 509/512/35 510/513/35
f 507/510/35 508/511/35 510/513/35
f 503/506/35 507/510/35 510/513/35
f 504/507/35 503/506/35 510/513/35
f 504/507/35 510/513/35 511/514/35
f 504/507/35 511/514/35 512/515/35
f 506/516/472 505/517/473 513/518/474
f 513/518/474 514/519/475 506/516/476
f 508/520/477 507/521/478 515/522/479
f 515/522/479 516/523/480 508/520/477
f 517/504/19 518/505/19 519/506/19
f 520/524/19 517/504/19 519/506/19
f 521/508/19 522/509/19 523/525/19
f 519/506/19 521/508/19 523/525/19
f 524/526/19 525/527/19 526/528/19
f 523/525/19 524/526/19 526/528/19
f 519/506/19 523/525/19 526/528/19
f 520/524/19 519/506/19 526/528/19
f 520/524/19 526/528/19 527/514/19
f 520/524/19 527/514/19 528/515/19
f 522/529/481 521/530/482 529/531/483
f 529/531/483 530/532/484 522/529/485
f 521/533/486 519/534/487 531/535/488
f 531/535/488 529/536/489 521/533/490
f 529/531/491 514/519/492 513/518/493
f 513/518/493 530/532/494 529/531/483
f 516/523/495 515/522/496 531/535/497
f 531/535/498 532/537/499 516/523/495
f 502/516/500 501/517/501 533/518/502
f 533/518/502 534/519/503 502/516/504
f 505/520/505 503/521/506 535/522/507
f 535/522/507 513/523/508 505/520/509
f 525/529/510 524/530/511 536/531/512
f 536/531/512 537/532/513 525/529/514
f 524/533/515 523/534/516 538/535/517
f 538/535/518 536/536/519 524/533/515
f 536/531/520 534/519/521 533/518/522
f 533/518/523 537/532/524 536/531/512
f 513/523/525 535/522/526 538/535/518
f 538/535/518 530/537/527 513/523/508
f 512/516/528 511/517/529 539/518/530
f 539/518/530 540/519/531 512/516/532
f 501/520/533 504/521/534 541/522/535
f 541/522/535 533/523/536 501/520/537
f 528/529/538 527/530/539 542/531/540
f 542/531/540 543/532/541 528/529/538
f 527/533/542 526/534/543 544/535/544
f 544/535/544 542/536/545 527/533/542
f 542/531/540 540/519/531 539/518/530
f 539/518/530 543/532/541 542/531/546
f 533/523/547 541/522/548 544/535/549
f 544/535/549 537/537/550 533/523/551
f 509/516/552 508/517/553 516/518/554
f 516/518/554 545/519/555 509/516/556
f 511/520/557 510/521/558 546/522/559
f 546/522/560 539/523/561 511/520/557
f 518/529/562 517/530/563 547/531/564
f 547/531/565 532/532/566 518/529/567
f 517/533/568 520/534/569 548/535/570
f 548/535/570 547/536/571 517/533/572
f 547/531/564 545/519/555 516/518/554
f 516/518/554 532/532/573 547/531/574
f 539/523/575 546/522/560 548/535/570
f 548/535/570 543/537/576 539/523/577
f 506/538/578 514/539/579 515/522/496
f 515/522/479 507/521/580 506/538/578
f 518/540/581 532/537/582 531/535/497
f 531/535/583 519/534/584 518/540/581
f 514/539/585 529/536/586 531/535/498
f 531/535/498 515/522/496 514/539/585
f 502/538/587 534/539/588 535/522/507
f 535/522/507 503/521/589 502/538/587
f 522/540/590 530/537/591 538/535/517
f 538/535/592 523/534/593 522/540/594
f 534/539/595 536/536/596 538/535/518
f 538/535/518 535/522/597 534/539/595
f 512/538/598 540/539/599 541/522/535
f 541/522/535 504/521/600 512/538/598
f 525/540/601 537/537/602 544/535/544
f 544/535/544 526/534/603 525/540/604
f 540/539/599 542/536/605 544/535/606
f 544/535/606 541/522/535 540/539/607
f 509/538/608 545/539/609 546/522/560
f 546/522/560 510/521/610 509/538/611
f 528/540/612 543/537/613 548/535/570
f 548/535/570 520/534/614 528/540/612
f 545/539/615 547/536/616 548/535/570
f 548/535/617 546/522/618 545/539/615
f 549/504/35 550/505/35 551/506/35
f 552/507/35 549/504/35 551/506/35
f 553/508/35 554/509/35 555/510/35
f 551/506/35 553/508/35 555/510/35
f 556/511/35 557/512/35 558/513/35
f 555/510/35 556/511/35 558/513/35
f 551/506/35 555/510/35 558/513/35
f 552/507/35 551/506/35 558/513/35
f 552/507/35 558/513/35 559/514/35
f 552/507/35 559/514/35 560/515/35
f 554/516/619 553/517/473 561/518/474
f 561/518/474 562/519/475 554/516/476
f 556/520/477 555/521/620 563/522/479
f 563/522/479 564/523/480 556/520/477
f 565/504/19 566/505/19 567/506/19
f 568/524/19 565/504/19 567/506/19
f 569/508/19 570/509/19 571/525/19
f 567/506/19 569/508/19 571/525/19
f 572/526/19 573/527/19 574/528/19
f 571/525/19 572/526/19 574/528/19
f 567/506/19 571/525/19 574/528/19
f 568/524/19 567/506/19 574/528/19
f 568/524/19 574/528/19 575/514/19
f 568/524/19 575/514/19 576/515/19
f 570/529/481 569/530/482 577/531/483
f 577/531/483 578/532/484 570/529/621
f 569/533/622 567/534/487 579/535/488
f 579/535/488 577/536/489 569/533/490
f 577/531/491 562/519/492 561/518/493
f 561/518/493 578/532/494 577/531/483
f 564/523/495 563/522/496 579/535/497
f 579/535/498 580/537/582 564/523/495
f 550/516/500 549/517/501 581/518/502
f 581/518/502 582/519/503 550/516/504
f 553/520/505 551/521/506 583/522/507
f 583/522/507 561/523/508 553/520/509
f 573/529/510 572/530/511 584/531/512
f 584/531/512 585/532/513 573/529/514
f 572/533/515 571/534/516 586/535/517
f 586/535/518 584/536/519 572/533/515
f 584/531/623 582/519/624 581/518/502
f 581/518/523 585/532/524 584/531/512
f 561/523/525 583/522/526 586/535/518
f 586/535/625 578/537/527 561/523/525
f 560/516/626 559/517/529 587/518/530
f 587/518/530 588/519/531 560/516/532
f 549/520/533 552/521/534 589/522/535
f 589/522/535 581/523/536 549/520/537
f 576/529/627 575/530/539 590/531/540
f 590/531/540 591/532/541 576/529/538
f 575/533/542 574/534/603 592/535/544
f 592/535/544 590/536/545 575/533/542
f 590/531/540 588/519/531 587/518/530
f 587/518/530 591/532/541 590/531/546
f 581/523/547 589/522/548 592/535/549
f 592/535/549 585/537/550 581/523/551
f 557/516/628 556/517/553 564/518/554
f 564/518/554 593/519/555 557/516/556
f 559/520/629 558/521/558 594/522/560
f 594/522/560 587/523/630 559/520/557
f 566/529/631 565/530/563 595/531/564
f 595/531/565 580/532/566 566/529/567
f 565/533/572 568/534/569 596/535/570
f 596/535/570 595/536/632 565/533/572
f 595/531/564 593/519/555 564/518/554
f 564/518/554 580/532/573 595/531/574
f 587/523/575 594/522/560 596/535/570
f 596/535/570 591/537/576 587/523/577
f 554/538/578 562/539/579 563/522/496
f 563/522/479 555/521/580 554/538/578
f 566/540/581 580/537/582 579/535/497
f 579/535/583 567/534/584 566/540/581
f 562/539/585 577/536/586 579/535/498
f 579/535/498 563/522/496 562/539/585
f 550/538/587 582/539/588 583/522/507
f 583/522/507 551/521/633 550/538/587
f 570/540/590 578/537/591 586/535/517
f 586/535/592 571/534/593 570/540/594
f 582/539/595 584/536/596 586/535/518
f 586/535/518 583/522/597 582/539/595
f 560/538/598 588/539/599 589/522/535
f 589/522/535 552/521/600 560/538/598
f 573/540/634 585/537/602 592/535/544
f 592/535/544 574/534/603 573/540/604
f 588/539/599 590/536/605 592/535/606
f 592/535/606 589/522/535 588/539/607
f 557/538/608 593/539/609 594/522/560
f 594/522/560 558/521/610 557/538/611
f 576/540/612 591/537/613 596/535/570
f 596/535/570 568/534/614 576/540/612
f 593/539/615 595/536/616 596/535/570
f 596/535/617 594/522/618 593/539/615
f 379/541/635 378/542/635 380/543/635
f 387/544/636 355/545/636 352/546/636
f 354/547/637 407/548/637 350/549/637
f 382/550/638 381/551/638 383/552/638
f 386/553/639 359/554/639 356/555/639
f 353/556/640 358/557/640 409/558/640
f 354/559/641 350/560/641 352/561/641
f 352/561/641 355/562/641 354/559/641
f 358/350/642 353/345/642 356/348/642
f 356/348/642 359/351/642 358/350/642
f 390/327/643 597/328/643 598/329/643
f 598/329/644 362/330/644 390/327/644
f 599/331/645 393/332/645 365/333/645
f 365/333/646 600/334/646 599/331/646
f 601/339/647 602/340/647 598/341/647
f 598/341/647 603/342/647 601/339/647
f 602/340/648 361/343/648 362/344/648
f 362/344/648 598/341/648 602/340/648
f 604/345/649 605/346/649 606/347/649
f 606/347/649 607/348/649 604/345/649
f 608/349/52 609/350/52 610/351/52
f 610/351/52 600/352/52 608/349/52
f 364/353/646 608/349/646 600/352/646
f 600/352/646 365/354/646 364/353/646
f 598/367/650 597/368/650 611/369/650
f 611/369/650 612/370/650 598/367/650
f 597/383/651 613/384/651 614/385/651
f 614/385/652 611/386/652 597/383/652
f 615/387/653 616/388/653 617/389/653
f 617/389/654 614/390/654 615/387/654
f 617/391/655 618/392/655 599/393/655
f 599/393/656 619/394/656 617/391/656
f 599/375/657 600/376/657 620/377/657
f 620/377/657 619/378/657 599/375/657
f 600/395/658 610/396/658 621/397/658
f 621/397/659 620/398/659 600/395/659
f 607/399/660 606/400/660 622/401/660
f 622/401/660 621/402/660 607/399/660
f 622/403/661 603/404/661 598/405/661
f 598/405/662 612/406/662 622/403/662
f 602/411/663 601/412/663 421/413/663
f 421/413/663 420/414/663 602/411/663
f 361/415/664 602/416/664 420/417/664
f 420/417/664 412/418/664 361/415/664
f 421/419/665 605/420/665 604/421/665
f 604/421/665 422/422/665 421/419/665
f 422/423/666 609/424/666 608/425/666
f 608/425/666 423/426/666 422/423/666
f 608/427/667 364/428/667 414/429/667
f 414/429/667 423/430/667 608/427/667
f 614/541/668 613/542/668 615/543/668
f 622/544/669 606/545/669 603/546/669
f 605/547/670 421/548/670 601/549/670
f 617/550/671 616/551/671 618/552/671
f 621/553/672 610/554/672 607/555/672
f 604/556/673 609/557/673 422/558/673
f 605/559/674 601/560/674 603/561/674
f 603/561/674 606/562/674 605/559/674
f 609/350/675 604/345/675 607/348/675
f 607/348/675 610/351/675 609/350/675
f 396/327/676 623/328/676 624/329/676
f 624/329/677 366/330/677 396/327/677
f 625/331/678 403/332/678 369/333/678
f 369/333/679 626/334/679 625/331/679
f 627/339/680 628/340/680 624/341/680
f 624/341/680 629/342/680 627/339/680
f 628/340/681 363/343/681 366/344/681
f 366/344/681 624/341/681 628/340/681
f 630/345/682 631/346/682 632/347/682
f 632/347/682 633/348/682 630/345/682
f 634/349/84 635/350/84 636/351/84
f 636/351/84 626/352/84 634/349/84
f 368/353/683 634/349/683 626/352/683
f 626/352/684 369/354/684 368/353/684
f 624/367/685 623/368/685 637/369/685
f 637/369/686 638/370/686 624/367/686
f 623/383/687 639/384/687 640/385/687
f 640/385/688 637/386/688 623/383/688
f 641/387/689 642/388/689 643/389/689
f 643/389/690 640/390/690 641/387/690
f 643/391/691 644/392/691 625/393/691
f 625/393/692 645/394/692 643/391/692
f 625/375/693 626/376/693 646/377/693
f 646/377/694 645/378/694 625/375/694
f 626/395/695 636/396/695 647/397/695
f 647/397/696 646/398/696 626/395/696
f 633/399/697 632/400/697 648/401/697
f 648/401/697 647/402/697 633/399/697
f 648/403/698 629/404/698 624/405/698
f 624/405/699 638/406/699 648/403/699
f 628/411/700 627/412/700 425/413/700
f 425/413/700 424/414/700 628/411/700
f 363/415/701 628/416/701 424/417/701
f 424/417/701 413/418/701 363/415/701
f 425/419/702 631/420/702 630/421/702
f 630/421/702 426/422/702 425/419/702
f 426/423/703 635/424/703 634/425/703
f 634/425/703 427/426/703 426/423/703
f 634/427/704 368/428/704 416/429/704
f 416/429/705 427/430/705 634/427/705
f 640/541/706 639/542/706 641/543/706
f 648/544/707 632/545/707 629/546/707
f 631/547/708 425/548/708 627/549/708
f 643/550/709 642/551/709 644/552/709
f 647/553/710 636/554/710 633/555/710
f 630/556/711 635/557/711 426/558/711
f 631/559/712 627/560/712 629/561/712
f 629/561/712 632/562/712 631/559/712
f 635/350/713 630/345/713 633/348/713
f 633/348/713 636/351/713 635/350/713
f 399/327/714 649/328/714 650/329/714
f 650/329/714 370/330/714 399/327/714
f 651/331/715 371/332/715 349/333/715
f 349/333/715 652/334/715 651/331/715
f 653/339/716 654/340/716 650/341/716
f 650/341/716 655/342/716 653/339/716
f 654/340/714 367/343/714 370/344/714
f 370/344/714 650/341/714 654/340/714
f 656/345/717 657/346/717 658/347/717
f 658/347/717 659/348/717 656/345/717
f 660/349/121 661/350/121 662/351/121
f 662/351/121 652/352/121 660/349/121
f 348/353/715 660/349/715 652/352/715
f 652/352/715 349/354/715 348/353/715
f 650/367/718 649/368/718 663/369/718
f 663/369/718 664/370/718 650/367/718
f 649/383/719 665/384/719 666/385/719
f 666/385/720 663/386/720 649/383/720
f 667/387/721 668/388/721 669/389/721
f 669/389/721 666/390/721 667/387/721
f 669/391/722 670/392/722 651/393/722
f 651/393/723 671/394/723 669/391/723
f 651/375/724 652/376/724 672/377/724
f 672/377/724 671/378/724 651/375/724
f 652/395/725 662/396/725 673/397/725
f 673/397/726 672/398/726 652/395/726
f 659/399/727 658/400/727 674/401/727
f 674/401/727 673/402/727 659/399/727
f 674/403/728 655/404/728 650/405/728
f 650/405/729 664/406/729 674/403/729
f 654/411/730 653/412/730 417/413/730
f 417/413/730 428/414/730 654/411/730
f 367/415/731 654/416/731 428/417/731
f 428/417/731 415/418/731 367/415/731
f 417/419/732 657/420/732 656/421/732
f 656/421/732 418/422/732 417/419/732
f 418/423/733 661/424/733 660/425/733
f 660/425/733 419/426/733 418/423/733
f 660/427/734 348/428/734 406/429/734
f 406/429/735 419/430/735 660/427/735
f 666/541/736 665/542/736 667/543/736
f 674/544/737 658/545/737 655/546/737
f 657/547/738 417/548/738 653/549/738
f 669/550/739 668/551/739 670/552/739
f 673/553/740 662/554/740 659/555/740
f 656/556/741 661/557/741 418/558/741
f 657/559/742 653/560/742 655/561/742
f 655/561/742 658/562/742 657/559/742
f 661/350/743 656/345/743 659/348/743
f 659/348/743 662/351/743 661/350/743
f 675/335/744 676/336/744 339/337/744
f 339/337/744 677/338/744 675/335/744
f 678/339/121 679/340/121 680/341/121
f 680/341/745 681/342/745 678/339/745
f 679/340/746 675/343/746 677/344/746
f 677/344/746 680/341/746 679/340/746
f 682/345/747 683/346/747 684/347/747
f 684/347/747 685/348/747 682/345/747
f 686/349/748 687/350/748 688/351/748
f 688/351/748 689/352/748 686/349/748
f 690/353/749 686/349/749 689/352/749
f 689/352/749 691/354/749 690/353/749
f 692/355/750 690/356/750 691/357/750
f 691/357/751 403/358/751 692/355/751
f 693/359/752 694/360/752 396/361/752
f 396/361/753 393/362/753 693/359/753
f 695/363/754 696/364/754 390/365/754
f 390/365/755 344/366/755 695/363/755
f 676/407/756 675/408/756 432/409/756
f 432/409/756 437/410/756 676/407/756
f 679/411/757 678/412/757 434/413/757
f 434/413/757 433/414/757 679/411/757
f 675/415/758 679/416/758 433/417/758
f 433/417/758 432/418/758 675/415/758
f 434/419/759 683/420/759 682/421/759
f 682/421/759 435/422/759 434/419/759
f 435/423/760 687/424/760 686/425/760
f 686/425/760 436/426/760 435/423/760
f 686/427/761 690/428/761 438/429/761
f 438/429/761 436/430/761 686/427/761
f 690/407/762 692/408/762 439/409/762
f 439/409/763 438/410/763 690/407/763
f 694/431/764 693/432/764 445/433/764
f 445/433/764 444/434/764 694/431/764
f 696/435/765 695/432/765 451/436/765
f 451/436/765 450/437/765 696/435/765
f 683/547/766 434/548/766 678/549/766
f 682/556/767 687/557/767 435/558/767
f 683/559/768 678/560/768 681/561/768
f 681/561/768 684/562/768 683/559/768
f 687/350/769 682/345/769 685/348/769
f 685/348/769 688/351/769 687/350/769
f 697/339/84 698/340/84 625/341/84
f 625/341/770 644/342/770 697/339/770
f 698/340/771 692/343/771 403/344/771
f 403/344/772 625/341/772 698/340/772
f 699/345/773 700/346/773 642/347/773
f 642/347/774 641/348/774 699/345/774
f 701/349/775 702/350/775 639/351/775
f 639/351/775 623/352/775 701/349/775
f 694/353/776 701/349/776 623/352/776
f 623/352/777 396/354/777 694/353/777
f 698/411/778 697/412/778 441/413/778
f 441/413/778 440/414/778 698/411/778
f 692/415/779 698/416/779 440/417/779
f 440/417/779 439/418/779 692/415/779
f 441/419/780 700/420/780 699/421/780
f 699/421/780 442/422/780 441/419/780
f 442/423/781 702/424/781 701/425/781
f 701/425/781 443/426/781 442/423/781
f 701/427/782 694/428/782 444/429/782
f 444/429/783 443/430/783 701/427/783
f 700/547/784 441/548/784 697/549/784
f 699/556/785 702/557/785 442/558/785
f 700/559/786 697/560/786 644/561/786
f 644/561/787 642/562/787 700/559/787
f 702/350/788 699/345/788 641/348/788
f 641/348/788 639/351/788 702/350/788
f 703/339/789 704/340/789 599/341/789
f 599/341/52 618/342/52 703/339/52
f 704/340/790 693/343/790 393/344/790
f 393/344/791 599/341/791 704/340/791
f 705/345/792 706/346/792 616/347/792
f 616/347/793 615/348/793 705/345/793
f 707/349/794 708/350/794 613/351/794
f 613/351/795 597/352/795 707/349/795
f 696/353/796 707/349/796 597/352/796
f 597/352/797 390/354/797 696/353/797
f 704/411/798 703/412/798 447/413/798
f 447/413/798 446/414/798 704/411/798
f 693/415/799 704/416/799 446/417/799
f 446/417/799 445/418/799 693/415/799
f 447/419/800 706/420/800 705/421/800
f 705/421/800 448/422/800 447/419/800
f 448/423/801 708/424/801 707/425/801
f 707/425/801 449/426/801 448/423/801
f 707/427/802 696/428/802 450/429/802
f 450/429/803 449/430/803 707/427/803
f 706/547/804 447/548/804 703/549/804
f 705/556/805 708/557/805 448/558/805
f 706/559/806 703/560/806 618/561/806
f 618/561/807 616/562/807 706/559/807
f 708/350/808 705/345/808 615/348/808
f 615/348/809 613/351/809 708/350/809
f 709/339/810 710/340/810 343/341/810
f 343/341/811 383/342/811 709/339/811
f 710/340/812 695/343/812 344/344/812
f 344/344/813 343/341/813 710/340/813
f 711/345/814 712/346/814 381/347/814
f 381/347/815 713/348/815 711/345/815
f 714/349/816 715/350/816 716/351/816
f 716/351/817 340/352/817 714/349/817
f 676/353/818 714/349/818 340/352/818
f 340/352/819 339/354/819 676/353/819
f 710/411/820 709/412/820 429/413/820
f 429/413/820 452/414/820 710/411/820
f 695/415/821 710/416/821 452/417/821
f 452/417/821 451/418/821 695/415/821
f 429/419/822 712/420/822 711/421/822
f 711/421/822 430/422/822 429/419/822
f 430/423/823 715/424/823 714/425/823
f 714/425/823 431/426/823 430/423/823
f 714/427/824 676/428/824 437/429/824
f 437/429/824 431/430/824 714/427/824
f 712/547/825 429/548/825 709/549/825
f 711/556/826 715/557/826 430/558/826
f 712/559/827 709/560/827 383/561/827
f 383/561/828 381/562/828 712/559/828
f 715/350/829 711/345/829 713/348/829
f 713/348/829 716/351/829 715/350/829
f 717/563/830 718/564/831 719/565/832
f 719/565/832 720/566/833 721/567/834
f 717/563/835 719/565/836 721/567/837
f 717/563/838 721/567/839 722/568/839
f 723/44/448 724/45/448 725/46/448
f 725/46/448 726/47/448 723/44/448
f 721/569/840 727/570/841 728/571/842
f 728/571/842 722/572/843 721/569/840
f 729/573/844 730/574/844 724/50/844
f 724/50/845 723/51/845 729/573/845
f 720/52/846 719/53/846 726/47/846
f 726/47/448 725/46/448 720/52/448
f 728/563/847 727/564/848 731/565/849
f 731/565/850 732/566/851 733/567/852
f 728/563/853 731/565/849 733/567/852
f 728/563/854 733/567/855 734/568/855
f 735/44/446 736/45/446 737/46/446
f 737/46/446 738/47/446 735/44/446
f 733/569/856 739/570/857 740/571/858
f 740/571/858 734/572/859 733/569/856
f 741/575/860 742/576/860 736/50/860
f 736/50/861 735/51/861 741/575/861
f 732/52/862 731/53/862 738/47/862
f 738/47/446 737/46/446 732/52/446
f 743/568/863 740/563/864 739/564/865
f 743/568/866 739/564/867 744/565/868
f 743/568/863 744/565/869 745/566/870
f 743/568/866 745/566/871 746/567/872
f 747/577/873 748/578/874 749/579/875
f 749/579/875 750/580/876 747/577/877
f 748/581/878 747/582/879 746/583/880
f 746/583/881 745/584/882 748/581/883
f 748/585/884 745/586/885 751/587/886
f 751/587/887 749/588/888 748/585/883
f 752/44/444 753/45/444 754/46/444
f 754/46/444 755/47/444 752/44/444
f 756/589/889 757/590/889 753/50/889
f 753/50/193 752/51/193 756/589/193
f 745/52/890 744/53/890 755/47/890
f 755/47/444 754/46/444 745/52/444
f 751/591/891 745/592/892 754/593/893
f 751/591/894 754/593/893 753/594/895
f 751/591/891 753/594/895 757/595/896
f 746/596/881 758/597/897 759/598/898
f 759/598/898 760/599/899 746/596/881
f 761/600/900 762/601/901 759/602/902
f 759/602/898 758/603/903 761/600/900
f 763/604/904 764/605/905 765/606/906
f 763/604/904 765/606/906 766/607/907
f 767/608/908 763/604/909 766/607/910
f 768/609/911 767/610/912 760/611/899
f 760/611/899 769/612/913 768/609/914
f 746/569/881 760/570/899 770/571/915
f 770/571/916 743/572/917 746/569/918
f 770/563/919 760/564/920 767/565/921
f 767/565/922 771/566/923 772/567/924
f 770/563/925 767/565/922 772/567/926
f 770/563/919 772/567/927 773/568/927
f 765/44/365 774/45/365 775/46/365
f 775/46/365 766/47/365 765/44/365
f 772/569/928 718/570/929 717/571/930
f 717/571/930 773/572/931 772/569/928
f 764/575/932 776/576/932 774/50/932
f 774/50/933 765/51/933 764/575/933
f 771/52/934 767/53/934 766/47/934
f 766/47/365 775/46/365 771/52/365
f 763/613/935 767/614/912 768/615/914
f 768/615/936 777/616/937 763/613/935
f 778/617/938 779/618/938 780/619/938
f 780/619/939 781/620/939 778/617/939
f 781/621/940 780/622/940 782/623/940
f 782/623/941 783/624/941 781/621/941
f 784/625/35 785/626/35 786/627/35
f 787/628/35 784/625/35 786/627/35
f 788/629/942 787/628/942 786/627/942
f 782/630/35 789/631/35 790/632/35
f 783/633/35 782/630/35 790/632/35
f 786/627/943 783/633/943 790/632/943
f 791/634/35 792/635/35 793/636/35
f 794/637/35 791/634/35 793/636/35
f 790/632/35 794/637/35 793/636/35
f 786/627/35 790/632/35 793/636/35
f 788/629/35 786/627/35 793/636/35
f 788/629/35 793/636/35 795/638/35
f 788/629/35 795/638/35 796/639/35
f 797/640/35 788/629/35 796/639/35
f 717/641/944 722/642/944 798/643/944
f 798/643/944 799/644/944 717/641/944
f 740/645/945 743/646/945 800/647/945
f 800/647/945 801/648/945 740/645/945
f 734/649/946 740/650/946 801/651/946
f 801/651/946 802/652/946 734/649/946
f 722/653/947 728/654/947 803/655/947
f 803/655/947 798/656/947 722/653/947
f 728/657/948 734/658/948 802/659/948
f 802/659/948 803/660/948 728/657/948
f 773/661/949 717/662/949 799/663/949
f 799/663/949 804/664/949 773/661/949
f 743/665/950 770/666/950 805/667/950
f 805/667/950 800/668/950 743/665/950
f 770/669/951 773/670/951 804/671/951
f 804/671/951 805/672/951 770/669/951
f 803/673/19 802/674/19 801/675/19
f 801/675/19 800/676/19 805/677/19
f 805/677/19 804/678/19 799/679/19
f 801/675/19 805/677/19 799/679/19
f 803/673/19 801/675/19 799/679/19
f 798/680/19 803/673/19 799/679/19
f 777/681/937 768/682/952 769/683/953
f 769/683/953 806/684/954 777/681/937
f 807/685/955 808/686/956 809/687/957
f 809/687/958 810/688/959 807/685/955
f 811/689/960 778/690/961 781/691/962
f 781/691/962 812/692/963 811/689/964
f 808/693/956 811/694/965 812/695/966
f 812/695/966 809/696/967 808/693/956
f 813/697/968 814/698/969 815/699/970
f 815/699/970 816/700/971 813/697/968
f 817/701/972 818/702/973 819/703/974
f 819/703/974 820/704/975 817/701/972
f 821/705/976 822/706/977 823/707/978
f 823/707/979 824/708/980 821/705/976
f 822/709/977 817/710/981 820/711/982
f 820/711/983 823/712/984 822/709/977
f 825/617/985 821/618/985 824/619/985
f 824/619/986 826/620/986 825/617/986
f 786/713/987 810/714/988 809/715/957
f 809/715/957 783/716/989 786/713/990
f 812/717/963 781/718/962 783/719/991
f 809/720/992 812/721/993 783/722/991
f 785/723/994 816/724/995 815/725/996
f 815/725/996 786/726/997 785/723/994
f 820/727/983 819/728/998 785/729/994
f 785/729/999 784/730/1000 820/727/983
f 824/731/980 823/732/979 784/733/1001
f 823/734/984 820/735/983 784/736/1002
f 826/621/1003 824/622/1003 784/623/1003
f 784/623/1004 787/624/1004 826/621/1004
f 827/617/1005 828/618/1005 829/619/1005
f 829/619/1006 830/620/1006 827/617/1006
f 830/737/1007 829/738/1007 796/739/1007
f 796/739/1008 795/740/1008 830/737/1008
f 831/617/84 832/618/84 833/619/84
f 833/619/1009 834/620/1009 831/617/1009
f 834/737/1010 833/738/1010 791/741/1010
f 791/741/1011 794/742/1011 834/737/1011
f 762/743/1012 761/744/1013 835/745/1014
f 835/745/1014 836/746/1015 762/743/1012
f 814/747/1016 813/748/1017 837/749/1018
f 837/749/1018 838/750/1019 814/747/1016
f 776/751/1020 764/752/1021 839/753/1022
f 839/753/1023 840/754/1024 776/751/1025
f 821/755/1026 825/756/1027 841/757/1028
f 841/757/1028 842/758/1029 821/755/1030
f 835/759/1031 750/760/1032 749/761/1033
f 749/761/1033 843/762/1034 835/759/1014
f 749/763/1033 751/764/1035 844/765/1036
f 844/765/1036 843/766/1034 749/763/1033
f 811/767/1037 808/768/1038 845/769/1039
f 845/769/1039 846/770/1040 811/767/1037
f 808/771/1041 807/772/1042 838/773/1019
f 838/773/1019 845/774/1039 808/771/1041
f 764/775/1043 763/776/1044 847/777/1045
f 847/777/1046 839/778/1023 764/775/1043
f 763/769/1044 777/770/1047 848/767/1048
f 848/767/1049 847/768/1050 763/769/1051
f 777/779/1052 806/780/1053 836/781/1015
f 836/781/1015 848/782/1048 777/779/1052
f 818/783/1054 817/784/1055 849/785/1056
f 849/785/1057 837/786/1018 818/783/1058
f 817/765/1059 822/766/1060 850/763/1061
f 850/763/1062 849/764/1057 817/765/1059
f 822/787/1063 821/788/1064 842/789/1065
f 842/789/1066 850/790/1062 822/787/1067
f 778/775/1068 811/776/1069 846/777/1040
f 846/777/1070 851/778/1071 778/775/1072
f 751/787/1073 757/788/1074 852/789/1075
f 852/789/1076 844/790/1036 751/787/1073
f 746/791/881 747/792/1077 758/793/1078
f 750/794/1032 835/795/1014 761/796/1013
f 759/797/1079 769/798/1080 760/799/899
f 762/800/1012 836/801/1015 806/802/1053
f 814/803/1081 838/804/1019 807/805/1042
f 810/806/1082 786/807/997 815/808/1083
f 813/809/1084 818/810/1058 837/811/1018
f 816/812/995 785/813/994 819/814/998
f 750/815/1085 761/816/1086 758/817/1078
f 758/817/1078 747/818/1087 750/815/1085
f 762/819/1088 806/820/1089 769/821/1090
f 769/821/1090 759/822/1091 762/819/901
f 814/823/1092 807/824/955 810/825/1093
f 810/825/1094 815/826/1095 814/823/1092
f 818/823/1096 813/824/968 816/825/1097
f 816/825/1097 819/826/1098 818/823/1096
f 853/577/1099 854/578/1100 855/579/1101
f 855/579/1101 856/580/1102 853/577/1099
f 854/581/1100 853/582/1103 772/583/1104
f 772/583/1104 771/584/1105 854/581/1106
f 854/585/1107 771/586/1108 857/587/1109
f 857/587/1109 855/588/1110 854/585/1100
f 857/591/1109 771/592/1108 775/593/1111
f 857/591/1109 775/593/1111 774/594/1112
f 857/591/1109 774/594/1112 776/595/1113
f 772/596/928 858/597/1114 859/598/1115
f 859/598/1116 718/599/929 772/596/1117
f 860/600/1118 861/601/1119 859/602/1120
f 859/602/1121 858/603/1122 860/600/1118
f 862/604/1123 729/605/1124 723/606/1125
f 862/604/1123 723/606/1126 726/607/1127
f 719/608/1128 862/604/1123 726/607/1127
f 863/609/1129 719/610/1130 718/611/929
f 718/611/929 864/612/1131 863/609/1129
f 862/613/1132 719/614/1128 863/615/1133
f 863/615/1129 865/616/1134 862/613/1132
f 865/681/1134 863/682/1129 864/683/1131
f 864/683/1131 866/684/1135 865/681/1134
f 867/685/1136 868/686/1137 869/687/1138
f 869/687/1138 870/688/1139 867/685/1136
f 871/689/1140 825/690/1141 826/691/1142
f 826/691/1142 872/692/1143 871/689/1144
f 868/693/1145 871/694/1146 872/695/1147
f 872/695/1148 869/696/1149 868/693/1137
f 873/697/1150 874/698/1151 875/699/1152
f 875/699/1152 876/700/1153 873/697/1150
f 877/701/1154 878/702/1155 879/703/1156
f 879/703/1156 880/704/1157 877/701/1154
f 828/705/1158 881/706/1159 882/707/1160
f 882/707/1160 829/708/1161 828/705/1162
f 881/709/1159 877/710/1163 880/711/1157
f 880/711/1157 882/712/1164 881/709/1165
f 788/713/1166 870/714/1167 869/715/1138
f 869/715/1138 787/716/1168 788/713/1166
f 872/717/1143 826/718/1142 787/719/1169
f 869/720/1149 872/721/1147 787/722/1170
f 797/723/1171 876/724/1172 875/725/1152
f 875/725/1173 788/726/1174 797/723/1175
f 880/727/1157 879/728/1176 797/729/1175
f 797/729/1171 796/730/1177 880/727/1157
f 829/731/1161 882/732/1160 796/733/1177
f 882/734/1160 880/735/1178 796/736/1177
f 861/743/1179 860/744/1180 883/745/1181
f 883/745/1181 884/746/1182 861/743/1183
f 874/747/1184 873/748/1185 885/749/1186
f 885/749/1186 886/750/1187 874/747/1184
f 730/751/1188 729/752/1189 887/753/1190
f 887/753/1190 888/754/1191 730/751/1192
f 828/755/1193 827/756/1194 889/757/1195
f 889/757/1196 890/758/1197 828/755/1193
f 883/759/1198 856/760/1199 855/761/1200
f 855/761/1200 891/762/1201 883/759/1181
f 855/763/1200 857/764/1202 892/765/1203
f 892/765/1203 891/766/1201 855/763/1200
f 871/767/1204 868/768/1205 893/769/1206
f 893/769/1206 894/770/1207 871/767/1204
f 868/771/1208 867/772/1209 886/773/1187
f 886/773/1187 893/774/1206 868/771/1208
f 729/775/1210 862/776/1211 895/777/1212
f 895/777/1212 887/778/1190 729/775/1210
f 862/769/1213 865/770/1214 896/767/1215
f 896/767/1215 895/768/1216 862/769/1213
f 865/779/1217 866/780/1218 884/781/1219
f 884/781/1219 896/782/1220 865/779/1217
f 878/783/1221 877/784/1222 897/785/1223
f 897/785/1224 885/786/1186 878/783/1225
f 877/765/1222 881/766/1226 898/763/1227
f 898/763/1227 897/764/1224 877/765/1222
f 881/787/1228 828/788/1229 890/789/1230
f 890/789/1197 898/790/1231 881/787/1228
f 825/775/1232 871/776/1233 894/777/1234
f 894/777/1234 841/778/1028 825/775/1235
f 857/787/1236 776/788/1025 840/789/1237
f 840/789/1024 892/790/1238 857/787/1239
f 772/791/1104 853/792/1240 858/793/1241
f 856/794/1199 883/795/1181 860/796/1180
f 859/797/1242 864/798/1131 718/799/929
f 861/800/1179 884/801/1219 866/802/1218
f 874/803/1184 886/804/1187 867/805/1209
f 870/806/1243 788/807/1244 875/808/1245
f 873/809/1185 878/810/1225 885/811/1186
f 876/812/1172 797/813/1171 879/814/1246
f 856/815/1247 860/816/1248 858/817/1241
f 858/817/1241 853/818/1240 856/815/1247
f 861/819/1249 866/820/1250 864/821/1131
f 864/821/1251 859/822/1252 861/819/1119
f 874/823/1253 867/824/1136 870/825/1254
f 870/825/1255 875/826/1256 874/823/1253
f 878/823/1257 873/824/1150 876/825/1153
f 876/825/1153 879/826/1258 878/823/1257
f 899/577/1259 900/578/1260 901/579/1261
f 901/579/1261 902/580/1262 899/577/1259
f 900/581/1260 899/582/1259 721/583/1263
f 721/583/1263 720/584/1264 900/581/1265
f 900/585/1260 720/586/1266 903/587/1267
f 903/587/1267 901/588/1268 900/585/1260
f 903/591/1269 720/592/1266 725/593/1270
f 903/591/1269 725/593/1270 724/594/1271
f 903/591/1272 724/594/1271 730/595/1273
f 721/596/840 904/597/1274 905/598/1275
f 905/598/1275 727/599/841 721/596/840
f 906/600/1276 907/601/1277 905/602/1278
f 905/602/1278 904/603/1279 906/600/1276
f 908/604/1280 741/605/1281 735/606/1282
f 908/604/1280 735/606/1283 738/607/1284
f 731/608/1285 908/604/1280 738/607/1284
f 909/609/1286 731/610/1285 727/611/1287
f 727/611/841 910/612/1288 909/609/1286
f 908/613/1280 731/614/1289 909/615/1290
f 909/615/1291 911/616/1292 908/613/1293
f 911/681/1292 909/682/1291 910/683/1294
f 910/683/1294 912/684/1295 911/681/1292
f 913/685/1296 914/686/1297 915/687/1298
f 915/687/1298 916/688/1299 913/685/1296
f 917/689/1300 827/690/1301 830/691/1302
f 830/691/1303 918/692/1304 917/689/1305
f 914/693/1306 917/694/1307 918/695/1308
f 918/695/1308 915/696/1309 914/693/1306
f 919/697/1310 920/698/1311 921/699/1312
f 921/699/1313 922/700/1314 919/697/1310
f 923/701/1315 924/702/1316 925/703/1317
f 925/703/1317 926/704/1318 923/701/1315
f 832/705/1319 927/706/1320 928/707/1321
f 928/707/1321 833/708/1322 832/705/1319
f 927/709/1320 923/710/1323 926/711/1318
f 926/711/1318 928/712/1324 927/709/1320
f 793/713/1325 916/714/1326 915/715/1327
f 915/715/1328 795/716/1329 793/713/1330
f 918/717/1331 830/718/1302 795/719/1329
f 915/720/1328 918/721/1332 795/722/1333
f 792/723/1334 922/724/1335 921/725/1313
f 921/725/1312 793/726/1336 792/723/1337
f 926/727/1318 925/728/1338 792/729/1339
f 792/729/1334 791/730/1340 926/727/1341
f 833/731/1342 928/732/1321 791/733/1343
f 928/734/1344 926/735/1341 791/736/1343
f 907/743/1345 906/744/1346 929/745/1347
f 929/745/1347 930/746/1348 907/743/1349
f 920/747/1350 919/748/1351 931/749/1352
f 931/749/1353 932/750/1354 920/747/1350
f 742/751/1355 741/752/1356 933/753/1357
f 933/753/1358 934/754/1359 742/751/1355
f 832/755/1360 831/756/1361 935/757/1362
f 935/757/1362 936/758/1363 832/755/1360
f 929/759/1364 902/760/1365 901/761/1366
f 901/761/1366 937/762/1367 929/759/1347
f 901/763/1366 903/764/1368 938/765/1369
f 938/765/1369 937/766/1370 901/763/1371
f 917/767/1372 914/768/1373 939/769/1374
f 939/769/1374 940/770/1375 917/767/1372
f 914/771/1376 913/772/1377 932/773/1354
f 932/773/1354 939/774/1374 914/771/1376
f 741/775/1378 908/776/1379 941/777/1380
f 941/777/1381 933/778/1358 741/775/1378
f 908/769/1379 911/770/1382 942/767/1383
f 942/767/1384 941/768/1381 908/769/1379
f 911/779/1385 912/780/1386 930/781/1387
f 930/781/1387 942/782/1383 911/779/1385
f 924/783/1388 923/784/1389 943/785/1390
f 943/785/1390 931/786/1352 924/783/1388
f 923/765/1391 927/766/1392 944/763/1393
f 944/763/1394 943/764/1395 923/765/1391
f 927/787/1392 832/788/1396 936/789/1363
f 936/789/1397 944/790/1394 927/787/1398
f 827/775/1194 917/776/1399 940/777/1400
f 940/777/1400 889/778/1195 827/775/1194
f 903/787/1368 730/788/1401 888/789/1191
f 888/789/1191 938/790/1369 903/787/1402
f 721/791/1263 899/792/1403 904/793/1404
f 902/794/1365 929/795/1347 906/796/1346
f 905/797/1275 910/798/1405 727/799/1287
f 907/800/1349 930/801/1387 912/802/1386
f 920/803/1406 932/804/1354 913/805/1377
f 916/806/1407 793/807/1336 921/808/1313
f 919/809/1351 924/810/1408 931/811/1352
f 922/812/1335 792/813/1334 925/814/1409
f 902/815/1410 906/816/1411 904/817/1404
f 904/817/1404 899/818/1403 902/815/1410
f 907/819/1412 912/820/1413 910/821/1414
f 910/821/1414 905/822/1415 907/819/1277
f 920/823/1416 913/824/1296 916/825/1417
f 916/825/1407 921/826/1418 920/823/1416
f 924/823/1419 919/824/1310 922/825/1420
f 922/825/1420 925/826/1421 924/823/1419
f 945/577/1422 946/578/1423 947/579/1424
f 947/579/1424 948/580/1425 945/577/1422
f 946/581/1423 945/582/1422 733/583/1426
f 733/583/1426 732/584/1427 946/581/1428
f 946/585/1429 732/586/1430 949/587/1431
f 949/587/1432 947/588/1433 946/585/1423
f 949/591/1431 732/592/1434 737/593/1435
f 949/591/1431 737/593/1435 736/594/1436
f 949/591/1431 736/594/1436 742/595/1437
f 733/596/856 950/597/1438 951/598/1439
f 951/598/1439 739/599/857 733/596/1426
f 952/600/1440 953/601/1441 951/602/1442
f 951/602/1442 950/603/1443 952/600/1440
f 954/604/1444 756/605/1445 752/606/1446
f 954/604/1444 752/606/1447 755/607/1448
f 744/608/1449 954/604/1444 755/607/1448
f 955/609/1450 744/610/1449 739/611/857
f 739/611/857 956/612/1451 955/609/1450
f 954/613/1444 744/614/1452 955/615/1453
f 955/615/1454 957/616/1455 954/613/1456
f 957/681/1455 955/682/1457 956/683/1451
f 956/683/1451 958/684/1458 957/681/1455
f 959/685/1459 960/686/1460 961/687/1461
f 961/687/1462 962/688/1463 959/685/1459
f 963/689/1464 831/690/1465 834/691/1466
f 834/691/1466 964/692/1467 963/689/1468
f 960/693/1469 963/694/1470 964/695/1471
f 964/695/1467 961/696/1472 960/693/1469
f 965/697/1473 966/698/1474 967/699/1475
f 967/699/1475 968/700/1476 965/697/1473
f 969/701/1477 970/702/1478 971/703/1479
f 971/703/1479 972/704/1480 969/701/1477
f 779/705/1481 973/706/1482 974/707/1483
f 974/707/1483 780/708/1484 779/705/1481
f 973/709/1482 969/710/1485 972/711/1480
f 972/711/1480 974/712/1486 973/709/1482
f 790/713/1487 962/714/1488 961/715/1461
f 961/715/1461 794/716/1489 790/713/1487
f 964/717/1467 834/718/1466 794/719/1490
f 961/720/1491 964/721/1467 794/722/1490
f 789/723/1492 968/724/1493 967/725/1494
f 967/725/1494 790/726/1495 789/723/1496
f 972/727/1480 971/728/1497 789/729/1498
f 789/729/1492 782/730/1499 972/727/1500
f 780/731/1484 974/732/1483 782/733/1501
f 974/734/1486 972/735/1480 782/736/1501
f 953/743/1502 952/744/1503 975/745/1504
f 975/745/1504 976/746/1505 953/743/1506
f 966/747/1507 965/748/1508 977/749/1509
f 977/749/1509 978/750/1510 966/747/1507
f 757/751/1511 756/752/1512 979/753/1513
f 979/753/1513 852/754/1076 757/751/1511
f 779/755/1514 778/756/1072 851/757/1515
f 851/757/1515 980/758/1516 779/755/1517
f 975/759/1518 948/760/1519 947/761/1520
f 947/761/1520 981/762/1521 975/759/1504
f 947/763/1520 949/764/1522 982/765/1523
f 982/765/1523 981/766/1524 947/763/1525
f 963/767/1526 960/768/1527 983/769/1528
f 983/769/1528 984/770/1529 963/767/1526
f 960/771/1530 959/772/1531 978/773/1510
f 978/773/1510 983/774/1528 960/771/1530
f 756/775/1532 954/776/1533 985/777/1534
f 985/777/1534 979/778/1535 756/775/1532
f 954/769/1536 957/770/1537 986/767/1538
f 986/767/1539 985/768/1534 954/769/1536
f 957/779/1540 958/780/1541 976/781/1542
f 976/781/1542 986/782/1538 957/779/1540
f 970/783/1543 969/784/1544 987/785/1545
f 987/785/1546 977/786/1509 970/783/1543
f 969/765/1547 973/766/1548 988/763/1549
f 988/763/1550 987/764/1546 969/765/1547
f 973/787/1548 779/788/1514 980/789/1516
f 980/789/1551 988/790/1552 973/787/1553
f 831/775/1554 963/776/1555 984/777/1556
f 984/777/1556 935/778/1362 831/775/1554
f 949/787/1522 742/788/1557 934/789/1558
f 934/789/1359 982/790/1559 949/787/1560
f 733/791/1426 945/792/1561 950/793/1562
f 948/794/1519 975/795/1504 952/796/1503
f 951/797/1442 956/798/1563 739/799/857
f 953/800/1506 976/801/1542 958/802/1541
f 966/803/1507 978/804/1510 959/805/1531
f 962/806/1564 790/807/1487 967/808/1494
f 965/809/1565 970/810/1543 977/811/1509
f 968/812/1493 789/813/1492 971/814/1566
f 948/815/1567 952/816/1568 950/817/1562
f 950/817/1562 945/818/1561 948/815/1567
f 953/819/1569 958/820/1570 956/821/1571
f 956/821/1571 951/822/1572 953/819/1441
f 966/823/1573 959/824/1574 962/825/1575
f 962/825/1576 967/826/1577 966/823/1573
f 970/823/1578 965/824/1473 968/825/1579
f 968/825/1579 971/826/1580 970/823/1578
f 989/827/1581 990/828/1581 991/829/1582
f 991/829/1583 992/830/1583 989/827/1584
f 993/831/1585 994/832/1585 995/833/1585
f 995/833/1586 996/834/1586 993/831/1586
f 997/835/1587 998/836/1587 999/837/1587
f 999/837/1587 1000/838/1587 997/835/1587
f 1001/839/1588 1002/840/1588 1003/841/1588
f 1003/841/1589 1004/842/1589 1001/839/1589
f 1005/843/1590 1006/844/1590 1007/845/1590
f 1007/845/1590 1008/846/1590 1005/843/1590
f 1009/847/77 1010/848/77 1011/849/77
f 1011/849/77 1012/850/77 1009/847/77
f 1013/851/1591 1014/852/1591 1015/853/1592
f 1015/853/1593 1016/854/1593 1013/851/190
f 1017/855/1594 1018/856/1594 1019/857/1594
f 1019/857/1594 1020/858/1594 1017/855/1594
f 1014/859/1595 991/860/1595 990/861/1595
f 990/861/1596 1015/862/1596 1014/859/1596
f 994/863/1597 989/864/1597 992/865/1597
f 992/865/1598 995/866/1598 994/863/1598
f 998/867/1599 993/868/1599 996/869/1599
f 996/869/1600 999/870/1600 998/867/1600
f 1020/871/1601 997/872/1601 1000/873/1601
f 1000/873/464 1017/874/464 1020/871/464
f 1018/875/1602 1003/876/1602 1002/877/1602
f 1002/877/1603 1019/878/1603 1018/875/1603
f 1006/879/1604 1001/880/1604 1004/881/1604
f 1004/881/1605 1007/882/1605 1006/879/1605
f 1010/883/1606 1005/884/1606 1008/885/1606
f 1008/885/1607 1011/886/1607 1010/883/1607
f 1016/887/1608 1009/888/1608 1012/889/1608
f 1012/889/1609 1013/890/1609 1016/887/1609
f 1017/891/1610 1000/892/1611 1021/893/1612
f 1021/893/1612 1022/894/1613 1017/891/1614
f 1000/895/1615 999/896/1616 1023/897/1617
f 1023/897/1618 1021/898/1619 1000/895/1615
f 999/899/1620 996/900/1621 1024/901/1622
f 1024/901/1622 1023/902/1617 999/899/1616
f 996/903/1623 995/904/1624 1025/905/1625
f 1025/905/1625 1024/906/1626 996/903/1621
f 995/891/1627 992/892/1628 1026/893/1629
f 1026/893/1629 1025/894/1625 995/891/1630
f 992/907/1631 991/908/1632 1027/897/1633
f 1027/897/1633 1026/898/1629 992/907/1631
f 991/899/1634 1014/900/1635 1028/901/1636
f 1028/901/1637 1027/902/1633 991/899/1634
f 1014/909/1635 1013/904/1638 1029/905/1639
f 1029/905/1639 1028/906/1640 1014/909/1635
f 1013/891/1641 1012/892/1642 1030/910/1643
f 1030/910/1643 1029/894/1639 1013/891/1641
f 1012/895/1642 1011/908/1644 1031/897/1645
f 1031/897/1645 1030/898/1646 1012/895/1642
f 1011/899/1647 1008/900/1648 1032/901/1649
f 1032/901/1649 1031/902/1645 1011/899/1647
f 1008/909/1650 1007/904/1651 1033/905/1652
f 1033/905/1653 1032/906/1654 1008/909/1650
f 1007/891/1655 1004/892/1656 1034/893/1657
f 1034/893/1657 1033/894/1653 1007/891/1655
f 1004/895/1656 1003/908/1658 1035/897/1659
f 1035/897/1659 1034/898/1660 1004/895/1656
f 1003/899/1661 1018/900/1662 1036/901/1663
f 1036/901/1663 1035/902/1659 1003/899/1658
f 1018/909/1664 1017/904/1610 1022/905/1665
f 1022/905/1665 1036/906/1666 1018/909/1664
f 1022/911/1667 1037/912/1667 1038/913/1668
f 1038/913/1669 1036/914/1669 1022/911/1670
f 1034/914/1657 1035/911/1659 1039/912/1671
f 1039/912/1672 1040/913/1673 1034/914/1657
f 1038/915/1674 1039/916/1674 1035/917/1674
f 1035/917/1674 1036/918/1674 1038/915/1674
f 1041/915/1675 1037/916/1675 1022/917/1675
f 1022/917/1676 1021/918/1676 1041/915/1676
f 1033/911/1677 1042/912/1677 1043/913/1678
f 1043/913/1679 1032/914/1679 1033/911/1680
f 1030/914/1681 1031/911/1645 1044/912/1682
f 1044/912/1683 1045/913/1684 1030/914/1685
f 1043/915/1686 1044/916/1686 1031/917/1686
f 1031/917/1686 1032/918/1686 1043/915/1686
f 1040/915/1687 1042/916/1687 1033/917/1687
f 1033/917/1688 1034/918/1688 1040/915/1688
f 1029/911/1689 1046/912/1689 1047/913/1690
f 1047/913/1691 1028/914/1691 1029/911/1692
f 1026/914/1629 1027/911/1633 1048/912/1693
f 1048/912/1694 1049/913/1695 1026/914/1696
f 1047/915/1697 1048/916/1697 1027/917/1697
f 1027/917/1697 1028/918/1697 1047/915/1697
f 1045/915/1698 1046/916/1698 1029/917/1698
f 1029/917/1698 1030/918/1698 1045/915/1698
f 1025/911/1699 1050/912/1585 1051/913/1700
f 1051/913/1701 1024/914/1700 1025/911/1702
f 1021/914/1612 1023/911/1617 1052/912/169
f 1052/912/1703 1041/913/1704 1021/914/1612
f 1051/915/1705 1052/916/1705 1023/917/1705
f 1023/917/1705 1024/918/1705 1051/915/1705
f 1049/915/466 1050/916/466 1025/917/466
f 1025/917/1706 1026/918/1706 1049/915/1706
f 1053/919/1707 1054/920/1708 1055/921/1709
f 1055/921/1709 1056/922/1710 1053/919/1711
f 1057/923/1712 1058/924/1713 1059/925/1714
f 1059/925/1714 1060/926/1715 1057/923/1716
f 1055/927/442 1061/928/442 1062/929/442
f 1062/929/442 1056/930/442 1055/927/442
f 1059/927/454 1063/928/454 1064/929/454
f 1064/929/454 1060/930/454 1059/927/454
f 1065/931/1717 1066/932/1717 1067/933/1717
f 1067/933/1717 1068/934/1717 1065/931/1717
f 1069/935/1718 1070/936/1719 1071/937/1720
f 1071/937/1720 1072/938/1721 1069/935/1718
f 1068/939/1722 1067/940/1723 1073/941/1724
f 1073/941/1724 1074/942/1725 1068/939/1722
f 1075/943/442 1076/944/442 1077/945/442
f 1077/945/442 1078/946/442 1075/943/442
f 1079/947/454 1080/948/454 1081/949/454
f 1081/949/454 1082/950/454 1079/947/454
f 1058/951/1713 1053/952/1726 1056/953/1727
f 1056/953/1727 1059/954/1728 1058/951/1713
f 1083/955/1729 1057/956/1716 1060/957/1715
f 1060/957/1715 1084/958/1730 1083/955/1729
f 1059/959/1731 1056/960/1731 1062/961/1731
f 1062/961/1731 1063/962/1731 1059/959/1731
f 1084/959/1732 1060/960/1732 1064/961/1732
f 1064/961/1732 1085/962/1732 1084/959/1732
f 1066/963/1733 1086/964/1733 1087/965/1733
f 1087/965/1734 1067/966/1734 1066/963/1734
f 1070/967/1719 1068/968/1735 1074/969/1725
f 1074/969/1725 1071/970/1720 1070/967/1719
f 1067/971/1723 1087/972/1736 1088/973/1737
f 1088/973/1737 1073/974/1724 1067/971/1723
f 1078/975/1738 1089/976/1738 1090/977/1738
f 1090/977/1738 1075/978/1738 1078/975/1738
f 1082/979/1739 1077/980/1739 1076/981/1739
f 1076/981/1739 1079/982/1739 1082/979/1739
f 1091/983/1740 1081/984/1740 1080/985/1740
f 1080/985/1740 1092/986/1740 1091/983/1740
f 1093/987/1741 1094/988/1741 1095/989/1741
f 1095/989/1741 1096/990/1741 1093/987/1741
f 1097/987/1742 1098/988/1742 1099/989/1742
f 1099/989/1742 1100/990/1742 1097/987/1742
f 1062/991/1743 1061/992/1743 1101/993/1743
f 1101/993/1744 1094/994/1744 1062/991/1744
f 1061/992/1745 1102/995/1745 1103/996/1745
f 1103/996/1745 1101/993/1745 1061/992/1745
f 1078/997/1746 1077/998/1746 1095/999/1746
f 1095/999/1747 1104/1000/1747 1078/997/1747
f 1077/1001/1748 1082/1002/1748 1096/1003/1748
f 1096/1003/1748 1095/1004/1748 1077/1001/1748
f 1082/1002/1749 1081/1005/1749 1099/1006/1749
f 1099/1006/1749 1096/1003/1749 1082/1002/1749
f 1081/1007/1750 1091/1008/1750 1100/1009/1750
f 1100/1009/1751 1099/1010/1751 1081/1007/1751
f 1085/1011/1752 1064/1012/1752 1098/1013/1752
f 1098/1013/1753 1097/1014/1753 1085/1011/1753
f 1064/1012/1754 1063/1015/1754 1093/1016/1754
f 1093/1016/1754 1098/1013/1754 1064/1012/1754
f 1063/1017/1755 1062/991/1755 1094/994/1755
f 1094/994/1755 1093/1018/1755 1063/1017/1755
f 1071/1019/1756 1076/1020/1756 1075/1021/1756
f 1075/1021/1757 1072/1022/1757 1071/1019/1757
f 1073/1023/1758 1080/1024/1758 1079/1025/1758
f 1079/1025/1759 1074/1026/1759 1073/1023/1759
f 1080/1027/1760 1073/1028/1760 1088/1029/1760
f 1088/1029/1761 1092/1030/1761 1080/1027/1761
f 1076/1031/1762 1071/1032/1762 1074/1033/1762
f 1074/1033/1762 1079/1034/1762 1076/1031/1762
f 1072/1035/1763 1075/1036/1763 1090/1037/1763
f 1090/1037/1764 1105/1038/1764 1072/1035/1764
f 1106/919/1765 1107/920/1766 1108/921/1767
f 1108/921/1767 1109/922/1768 1106/919/1769
f 1110/923/1770 1111/924/1771 1112/925/1772
f 1112/925/1772 1113/926/1773 1110/923/1770
f 1108/927/444 1114/928/444 1115/929/444
f 1115/929/444 1109/930/444 1108/927/444
f 1112/927/452 1116/928/452 1102/929/452
f 1102/929/452 1113/930/452 1112/927/452
f 1117/1039/1774 1118/1040/1775 1119/1041/1776
f 1119/1041/1776 1120/1042/1777 1117/1039/1778
f 1121/1043/1779 1122/1044/1780 1105/1045/1781
f 1105/1045/1781 1123/1046/1782 1121/1043/1783
f 1124/943/444 1125/944/444 1126/945/444
f 1126/945/444 1127/946/444 1124/943/444
f 1128/947/452 1090/948/452 1089/949/452
f 1089/949/452 1129/950/452 1128/947/452
f 1111/951/1784 1106/952/1785 1109/953/1786
f 1109/953/1786 1112/954/1787 1111/951/1784
f 1054/955/1788 1110/956/1789 1113/957/1773
f 1113/957/1773 1055/958/1790 1054/955/1788
f 1112/959/1791 1109/960/1791 1115/961/1791
f 1115/961/1791 1116/962/1791 1112/959/1791
f 1055/959/1792 1113/960/1792 1102/961/1792
f 1102/961/1792 1061/962/1792 1055/959/1792
f 1118/1047/1775 1121/1048/1783 1123/1049/1782
f 1123/1049/1782 1119/1050/1793 1118/1047/1775
f 1122/1051/1780 1069/1052/1718 1072/1053/1721
f 1072/1053/1721 1105/1054/1781 1122/1051/1780
f 1129/979/1794 1126/980/1794 1125/981/1794
f 1125/981/1794 1128/982/1794 1129/979/1794
f 1130/987/461 1131/988/461 1132/989/461
f 1132/989/461 1133/990/461 1130/987/461
f 1101/987/1795 1103/988/1795 1134/989/1795
f 1134/989/1796 1104/990/1796 1101/987/1796
f 1115/991/1797 1114/992/1797 1135/993/1797
f 1135/993/1798 1131/994/1798 1115/991/1798
f 1127/997/1799 1126/998/1799 1132/999/1799
f 1132/999/1800 1136/1000/1800 1127/997/1800
f 1126/1001/1801 1129/1002/1801 1133/1003/1801
f 1133/1003/1802 1132/1004/1802 1126/1001/1802
f 1129/1002/1803 1089/1005/1803 1134/1006/1803
f 1134/1006/1803 1133/1003/1803 1129/1002/1803
f 1089/1007/1804 1078/1008/1804 1104/1009/1804
f 1104/1009/1805 1134/1010/1805 1089/1007/1805
f 1102/1012/1806 1116/1015/1806 1130/1016/1806
f 1130/1016/1807 1103/1013/1807 1102/1012/1807
f 1116/1017/1808 1115/991/1808 1131/994/1808
f 1131/994/1808 1130/1018/1808 1116/1017/1808
f 1119/1055/1809 1125/1056/1809 1124/1057/1809
f 1124/1057/1810 1120/1058/1810 1119/1055/1810
f 1105/1059/1811 1090/1060/1811 1128/1061/1811
f 1128/1061/1812 1123/1062/1812 1105/1059/1812
f 1125/1063/1813 1119/1032/1813 1123/1033/1813
f 1123/1033/1813 1128/1064/1813 1125/1063/1813
f 1137/919/1814 1083/920/1729 1084/921/1815
f 1084/921/1815 1138/922/1816 1137/919/1817
f 1139/923/1818 1140/924/1819 1141/925/1820
f 1141/925/1820 1142/926/1821 1139/923/1822
f 1084/927/448 1085/928/448 1143/929/448
f 1143/929/448 1138/930/448 1084/927/448
f 1141/927/189 1144/928/189 1145/929/189
f 1145/929/189 1142/930/189 1141/927/189
f 1146/1065/1823 1147/1066/1823 1087/1067/1823
f 1087/1067/1823 1086/1068/1823 1146/1065/1823
f 1148/1069/1824 1149/1070/1824 1150/1071/1824
f 1150/1071/1824 1151/1072/1824 1148/1069/1824
f 1087/1073/1736 1147/1074/1825 1152/1075/1826
f 1152/1075/1826 1088/1076/1737 1087/1073/1736
f 1151/1077/1827 1150/1078/1828 1153/1079/1829
f 1153/1079/1829 1154/1080/1830 1151/1077/1827
f 1092/943/448 1155/944/448 1156/945/448
f 1156/945/448 1091/946/448 1092/943/448
f 1157/947/189 1158/948/189 1159/949/189
f 1159/949/189 1160/950/189 1157/947/189
f 1140/951/1819 1137/952/1814 1138/953/1831
f 1138/953/1816 1141/954/1820 1140/951/1819
f 1161/955/1832 1139/956/1818 1142/957/1821
f 1142/957/1821 1162/958/1833 1161/955/1832
f 1141/959/1834 1138/960/1834 1143/961/1834
f 1143/961/1834 1144/962/1834 1141/959/1834
f 1162/959/1835 1142/960/1835 1145/961/1835
f 1145/961/1835 1163/962/1835 1162/959/1835
f 1146/1081/1836 1148/1082/1836 1151/1083/1836
f 1151/1083/1836 1147/1084/1836 1146/1081/1836
f 1149/1085/1837 1164/1086/1837 1165/1087/1837
f 1165/1087/1837 1150/1088/1837 1149/1085/1837
f 1147/1089/1825 1151/1090/1827 1154/1091/1838
f 1154/1091/1838 1152/1092/1839 1147/1089/1825
f 1150/1093/1828 1165/1094/1840 1166/1095/1841
f 1166/1095/1841 1153/1096/1829 1150/1093/1828
f 1160/979/1842 1156/980/1842 1155/981/1842
f 1155/981/1842 1157/982/1842 1160/979/1842
f 1167/983/1843 1159/984/1843 1158/985/1843
f 1158/985/1843 1168/986/1843 1167/983/1843
f 1169/987/199 1170/988/199 1171/989/199
f 1171/989/199 1172/990/199 1169/987/199
f 1173/987/1844 1174/988/1844 1175/989/1844
f 1175/989/1844 1176/990/1844 1173/987/1844
f 1143/991/1845 1085/992/1845 1097/993/1845
f 1097/993/1846 1170/994/1846 1143/991/1846
f 1091/997/1847 1156/998/1847 1171/999/1847
f 1171/999/1848 1100/1000/1848 1091/997/1848
f 1156/1001/1849 1160/1002/1849 1172/1003/1849
f 1172/1003/1850 1171/1004/1850 1156/1001/1850
f 1160/1002/1851 1159/1005/1851 1175/1006/1851
f 1175/1006/1851 1172/1003/1851 1160/1002/1851
f 1159/1007/1852 1167/1008/1852 1176/1009/1852
f 1176/1009/1853 1175/1010/1853 1159/1007/1853
f 1163/1011/1854 1145/1012/1854 1174/1013/1854
f 1174/1013/1855 1173/1014/1855 1163/1011/1855
f 1145/1012/1856 1144/1015/1856 1169/1016/1856
f 1169/1016/1856 1174/1013/1856 1145/1012/1856
f 1144/1017/1857 1143/991/1857 1170/994/1857
f 1170/994/1857 1169/1018/1857 1144/1017/1857
f 1152/1055/1858 1155/1056/1858 1092/1057/1858
f 1092/1057/1859 1088/1058/1859 1152/1055/1859
f 1153/1097/1860 1158/1098/1860 1157/1099/1860
f 1157/1099/1861 1154/1100/1861 1153/1097/1861
f 1158/1027/1862 1153/1101/1862 1166/1102/1862
f 1166/1102/1863 1168/1103/1863 1158/1027/1863
f 1155/1104/1864 1152/1032/1864 1154/1105/1864
f 1154/1105/1864 1157/1106/1864 1155/1104/1864
f 1177/919/1865 1161/920/1866 1162/921/1867
f 1162/921/1867 1178/922/1868 1177/919/1865
f 1179/923/1869 1180/924/1870 1181/925/1871
f 1181/925/1871 1182/926/1872 1179/923/1869
f 1162/927/446 1163/928/446 1183/929/446
f 1183/929/446 1178/930/446 1162/927/446
f 1181/927/460 1184/928/460 1185/929/460
f 1185/929/460 1182/930/460 1181/927/460
f 1165/1107/1840 1186/1108/1873 1187/1109/1874
f 1187/1109/1874 1166/1110/1841 1165/1107/1875
f 1188/1111/1876 1189/1112/1877 1190/1113/1878
f 1190/1113/1878 1191/1114/1879 1188/1111/1876
f 1168/943/446 1192/944/446 1193/945/446
f 1193/945/446 1167/946/446 1168/943/446
f 1194/947/460 1195/948/460 1196/949/460
f 1196/949/460 1197/950/460 1194/947/460
f 1180/951/1880 1177/952/1881 1178/953/1868
f 1178/953/1868 1181/954/1871 1180/951/1870
f 1107/955/1882 1179/956/1869 1182/957/1872
f 1182/957/1872 1108/958/1883 1107/955/1884
f 1181/959/1885 1178/960/1885 1183/961/1885
f 1183/961/1886 1184/962/1886 1181/959/1886
f 1108/959/1887 1182/960/1887 1185/961/1887
f 1185/961/1887 1114/962/1887 1108/959/1887
f 1186/1115/1873 1188/1116/1876 1191/1117/1888
f 1191/1117/1879 1187/1118/1874 1186/1115/1873
f 1189/1119/1889 1117/1120/1774 1120/1121/1890
f 1120/1121/1890 1190/1122/1878 1189/1119/1889
f 1197/979/1891 1193/980/1891 1192/981/1891
f 1192/981/1891 1194/982/1891 1197/979/1891
f 1127/983/1892 1196/984/1892 1195/985/1892
f 1195/985/1892 1124/986/1892 1127/983/1892
f 1198/987/1893 1199/988/1893 1200/989/1893
f 1200/989/1893 1201/990/1893 1198/987/1893
f 1135/987/1894 1202/988/1894 1203/989/1894
f 1203/989/1894 1136/990/1894 1135/987/1894
f 1183/991/1895 1163/992/1895 1173/993/1895
f 1173/993/1896 1199/994/1896 1183/991/1896
f 1167/997/1897 1193/998/1897 1200/999/1897
f 1200/999/1898 1176/1000/1898 1167/997/1898
f 1193/1001/1899 1197/1002/1899 1201/1003/1899
f 1201/1003/1899 1200/1004/1899 1193/1001/1899
f 1197/1002/1900 1196/1005/1900 1203/1006/1900
f 1203/1006/1900 1201/1003/1900 1197/1002/1900
f 1196/1007/1901 1127/1008/1901 1136/1009/1901
f 1136/1009/1902 1203/1010/1902 1196/1007/1902
f 1114/1011/1903 1185/1012/1903 1202/1013/1903
f 1202/1013/1904 1135/1014/1904 1114/1011/1904
f 1185/1012/1905 1184/1015/1905 1198/1016/1905
f 1198/1016/1905 1202/1013/1905 1185/1012/1905
f 1184/1017/1906 1183/991/1906 1199/994/1906
f 1199/994/1906 1198/1018/1906 1184/1017/1906
f 1187/1055/1907 1192/1056/1907 1168/1057/1907
f 1168/1057/1908 1166/1058/1908 1187/1055/1908
f 1190/1123/1909 1195/1124/1909 1194/1125/1909
f 1194/1125/1910 1191/1126/1910 1190/1123/1910
f 1195/1027/1911 1190/1101/1911 1120/1102/1911
f 1120/1102/1912 1124/1103/1912 1195/1027/1912
f 1192/1127/1913 1187/1032/1913 1191/1105/1913
f 1191/1105/1914 1194/1128/1914 1192/1127/1914
f 989/1129/1915 1083/1130/1915 1137/1131/1915
f 1137/1131/1916 990/1132/1916 989/1129/1916
f 993/1133/1917 1058/1134/1917 1057/1135/1918
f 1057/1135/1919 994/1136/1919 993/1133/1920
f 997/1137/1921 1054/1138/1921 1053/1139/1921
f 1053/1139/1922 998/1140/1922 997/1137/1922
f 1001/1141/1923 1107/1142/1923 1106/1143/1924
f 1106/1143/1925 1002/1144/1925 1001/1141/1926
f 1005/1145/1927 1180/1146/1927 1179/1147/1928
f 1179/1147/1929 1006/1148/1930 1005/1145/1931
f 1010/1149/1932 1009/1150/1933 1161/1151/1933
f 1161/1151/1934 1177/1152/1934 1010/1149/1934
f 1139/1153/1818 1016/1154/1935 1015/1155/1936
f 1015/1155/1937 1140/1156/1819 1139/1153/1938
f 1111/1157/1771 1110/1158/1770 1020/1159/1939
f 1020/1159/1940 1019/1160/1941 1111/1157/1771
f 1057/1161/1942 1083/1162/1942 989/1163/1942
f 989/1163/1943 994/1164/1943 1057/1161/1943
f 1015/1165/1944 990/1166/1944 1137/1167/1944
f 1137/1167/1945 1140/1168/1945 1015/1165/1945
f 1053/1169/1946 1058/1170/1946 993/1171/1946
f 993/1171/1947 998/1172/1947 1053/1169/1947
f 1110/1173/1948 1054/1174/1948 997/1175/1948
f 997/1175/1949 1020/1176/1949 1110/1173/1949
f 1179/1177/1950 1107/1178/1950 1001/1179/1950
f 1001/1179/1951 1006/1180/1951 1179/1177/1951
f 1019/1181/1952 1002/1182/1952 1106/1183/1952
f 1106/1183/1953 1111/1184/1953 1019/1181/1953
f 1177/1185/1954 1180/1186/1954 1005/1187/1954
f 1005/1187/1955 1010/1188/1955 1177/1185/1955
f 1139/1189/1956 1161/1190/1956 1009/1191/1956
f 1009/1191/1957 1016/1192/1957 1139/1189/1957
f 1204/1193/1958 1205/1194/1958 1206/1195/1958
f 1204/1193/1959 1206/1196/1959 1207/1197/1959
f 1207/1197/1960 1208/1198/1960 1204/1193/1960
f 1205/1194/1961 1204/1193/1961 1208/1198/1961
f 1208/1198/1962 1209/1199/1962 1205/1194/1962
f 1206/1200/1963 1205/1194/1963 1209/1199/1963
f 1209/1199/1964 1207/1201/1964 1206/1200/1964
f 1210/1193/1965 1211/1194/1965 1212/1195/1965
f 1210/1193/1966 1212/1196/1966 1213/1197/1966
f 1213/1197/1967 1214/1198/1967 1210/1193/1967
f 1211/1194/1968 1210/1193/1968 1214/1198/1968
f 1214/1198/1968 1215/1199/1968 1211/1194/1968
f 1212/1200/1969 1211/1194/1969 1215/1199/1969
f 1215/1199/1970 1213/1201/1970 1212/1200/1970
f 1216/1193/1971 1217/1194/1971 1218/1195/1971
f 1216/1193/1972 1218/1196/1972 1219/1197/1972
f 1219/1197/1973 1220/1198/1973 1216/1193/1973
f 1217/1194/1974 1216/1193/1974 1220/1198/1974
f 1220/1198/1974 1221/1199/1974 1217/1194/1974
f 1218/1200/1975 1217/1194/1975 1221/1199/1975
f 1221/1199/1976 1219/1201/1976 1218/1200/1976
f 1222/931/1977 1223/932/1977 1189/933/1977
f 1189/933/1977 1188/934/1977 1222/931/1977
f 1223/963/1978 1224/964/1978 1117/965/1978
f 1117/965/1978 1189/966/1978 1223/963/1978
f 1225/1065/1979 1118/1066/1979 1117/1067/1979
f 1117/1067/1979 1224/1068/1979 1225/1065/1979
f 1226/1069/1980 1227/1070/1980 1122/1071/1980
f 1122/1071/1980 1121/1072/1980 1226/1069/1980
f 1225/1081/1981 1226/1082/1981 1121/1083/1981
f 1121/1083/1981 1118/1084/1981 1225/1081/1981
f 1227/1085/1982 1228/1086/1982 1069/1087/1982
f 1069/1087/1982 1122/1088/1982 1227/1085/1982
f 1229/1202/442 1228/1203/442 1230/1204/442
f 1230/1204/442 1231/1205/442 1229/1202/442
f 1066/1202/454 1065/1203/454 1232/1204/454
f 1232/1204/454 1233/1205/454 1066/1202/454
f 1146/1202/448 1086/1203/448 1234/1204/448
f 1234/1204/448 1235/1205/448 1146/1202/448
f 1149/1202/189 1148/1203/189 1236/1204/189
f 1236/1204/189 1237/1205/189 1149/1202/189
f 1238/1202/446 1164/1203/446 1239/1204/446
f 1239/1204/446 1240/1205/446 1238/1202/446
f 1223/1202/460 1222/1203/460 1241/1204/460
f 1241/1204/460 1242/1205/460 1223/1202/460
f 1225/1202/444 1224/1203/444 1243/1204/444
f 1243/1204/444 1244/1205/444 1225/1202/444
f 1227/1202/452 1226/1203/452 1245/1204/452
f 1245/1204/452 1246/1205/452 1227/1202/452
f 1065/1206/1741 1229/1207/1741 1231/1208/1741
f 1231/1208/1741 1232/1209/1741 1065/1206/1741
f 1228/1206/464 1227/1207/464 1246/1208/464
f 1246/1208/464 1230/1209/464 1228/1206/464
f 1086/1206/466 1066/1207/466 1233/1208/466
f 1233/1208/466 1234/1209/466 1086/1206/466
f 1148/1206/199 1146/1207/199 1235/1208/199
f 1235/1208/199 1236/1209/199 1148/1206/199
f 1164/1206/202 1149/1207/202 1237/1208/202
f 1237/1208/202 1239/1209/202 1164/1206/202
f 1222/1206/1893 1238/1207/1893 1240/1208/1893
f 1240/1208/1893 1241/1209/1893 1222/1206/1893
f 1224/1206/1983 1223/1207/1983 1242/1208/1983
f 1242/1208/1983 1243/1209/1983 1224/1206/1983
f 1226/1206/461 1225/1207/461 1244/1208/461
f 1244/1208/461 1245/1209/461 1226/1206/461
f 1231/1210/1984 1230/1211/1984 1247/1212/1984
f 1247/1212/1984 1248/1213/1984 1231/1210/1984
f 1233/1214/1985 1232/1215/1985 1249/1216/1985
f 1249/1216/1985 1250/1217/1985 1233/1214/1985
f 1235/1210/1986 1234/1211/1986 1251/1212/1986
f 1251/1212/1986 1252/1213/1986 1235/1210/1986
f 1237/1214/1987 1236/1215/1987 1253/1216/1987
f 1253/1216/1987 1254/1217/1987 1237/1214/1987
f 1240/1210/1988 1239/1211/1988 1255/1212/1988
f 1255/1212/1988 1256/1213/1988 1240/1210/1988
f 1242/1214/1989 1241/1215/1989 1257/1216/1989
f 1257/1216/1989 1258/1217/1989 1242/1214/1989
f 1244/1210/1990 1243/1211/1990 1259/1212/1990
f 1259/1212/1990 1260/1213/1990 1244/1210/1990
f 1246/1214/1991 1245/1215/1991 1261/1216/1991
f 1261/1216/1991 1262/1217/1991 1246/1214/1991
f 1232/1218/1992 1231/1219/1992 1248/1220/1992
f 1248/1220/1992 1249/1221/1992 1232/1218/1992
f 1230/1222/1993 1246/1223/1993 1262/1224/1993
f 1262/1224/1993 1247/1225/1993 1230/1222/1993
f 1234/1222/1994 1233/1223/1994 1250/1224/1994
f 1250/1224/1994 1251/1225/1994 1234/1222/1994
f 1236/1218/1995 1235/1219/1995 1252/1220/1995
f 1252/1220/1995 1253/1221/1995 1236/1218/1995
f 1239/1222/1996 1237/1223/1996 1254/1224/1996
f 1254/1224/1996 1255/1225/1996 1239/1222/1996
f 1241/1218/1997 1240/1219/1997 1256/1220/1997
f 1256/1220/1997 1257/1221/1997 1241/1218/1997
f 1243/1222/1998 1242/1223/1998 1258/1224/1998
f 1258/1224/1998 1259/1225/1998 1243/1222/1998
f 1245/1218/1999 1244/1219/1999 1260/1220/1999
f 1260/1220/1999 1261/1221/1999 1245/1218/1999
f 1262/1226/35 1261/1227/35 1260/1228/35
f 1260/1228/35 1259/1229/35 1258/1230/35
f 1258/1230/35 1257/1231/35 1256/1232/35
f 1260/1228/35 1258/1230/35 1256/1232/35
f 1256/1232/35 1255/1233/35 1254/1234/35
f 1254/1234/35 1253/1235/35 1252/1236/35
f 1256/1232/35 1254/1234/35 1252/1236/35
f 1252/1236/35 1251/1237/35 1250/1238/35
f 1250/1238/35 1249/1239/35 1248/1240/35
f 1252/1236/35 1250/1238/35 1248/1240/35
f 1256/1232/35 1252/1236/35 1248/1240/35
f 1260/1228/35 1256/1232/35 1248/1240/35
f 1262/1226/35 1260/1228/35 1248/1240/35
f 1247/1241/35 1262/1226/35 1248/1240/35
f 1229/1065/2000 1070/1066/2000 1069/1067/2000
f 1069/1067/2000 1228/1068/2000 1229/1065/2000
f 1229/1081/2001 1065/1082/2001 1068/1083/2001
f 1068/1083/2002 1070/1084/2002 1229/1081/2002
f 1238/1065/2003 1186/1066/2003 1165/1067/2003
f 1165/1067/2003 1164/1068/2003 1238/1065/2003
f 1238/1081/2004 1222/1082/2004 1188/1083/2004
f 1188/1083/2004 1186/1084/2004 1238/1081/2004
f 1263/1242/2005 1264/1243/2005 1265/1244/2005
f 1265/1244/2006 1266/1245/2006 1263/1242/2006
f 1267/1246/2007 1268/1247/2007 1269/1248/2007
f 1269/1248/2007 1270/1249/2007 1267/1246/2007
f 1267/1250/2008 1270/1251/2009 1265/1252/2010
f 1265/1252/2010 1264/1253/2011 1267/1250/2012
f 1268/1254/2013 1263/1255/2014 1266/1256/2015
f 1266/1256/2015 1269/1257/2016 1268/1254/2017
f 1271/1242/2018 1272/1243/2018 1273/1244/2018
f 1273/1244/2019 1274/1245/2019 1271/1242/2019
f 1275/1246/2020 1276/1247/2020 1277/1248/2020
f 1277/1248/2020 1278/1249/2020 1275/1246/2020
f 1275/1250/2021 1278/1251/2022 1273/1252/2023
f 1273/1252/2023 1272/1253/2024 1275/1250/2025
f 1276/1254/2026 1271/1255/2027 1274/1256/2028
f 1274/1256/2028 1277/1257/2029 1276/1254/2026
f 1279/1242/2030 1280/1243/2030 1281/1244/2030
f 1281/1244/2031 1282/1245/2031 1279/1242/2031
f 1283/1246/2032 1284/1247/2032 1285/1248/2032
f 1285/1248/2032 1286/1249/2032 1283/1246/2032
f 1283/1250/2033 1286/1251/2034 1281/1252/2035
f 1281/1252/2035 1280/1253/2036 1283/1250/2037
f 1284/1254/2038 1279/1255/2039 1282/1256/2040
f 1282/1256/2040 1285/1257/2041 1284/1254/2042
f 1287/1242/2043 1288/1243/2043 1289/1244/2043
f 1289/1244/2044 1290/1245/2044 1287/1242/2044
f 1291/1246/2045 1292/1247/2045 1293/1248/2045
f 1293/1248/2045 1294/1249/2045 1291/1246/2045
f 1291/1250/2046 1294/1251/2047 1289/1252/2048
f 1289/1252/2048 1288/1253/2049 1291/1250/2050
f 1292/1254/2051 1287/1255/2052 1290/1256/2053
f 1290/1256/2053 1293/1257/2054 1292/1254/2055
f 1295/1258/2056 1296/1259/2056 1297/1260/2056
f 1297/1260/2056 1298/1261/2056 1295/1258/2056
f 1270/1262/2057 1269/1263/2057 1295/1264/2057
f 1295/1264/2057 1298/1265/2057 1270/1262/2057
f 1269/1266/2058 1266/1267/2058 1296/1268/2058
f 1296/1268/2059 1295/1269/2059 1269/1266/2059
f 1297/1269/2060 1265/1266/2060 1270/1267/2060
f 1270/1267/2061 1298/1268/2061 1297/1269/2061
f 1266/1262/2062 1265/1263/2062 1297/1264/2062
f 1297/1264/2062 1296/1265/2062 1266/1262/2062
f 1299/1258/2063 1300/1259/2063 1301/1260/2063
f 1301/1260/2063 1302/1261/2063 1299/1258/2063
f 1278/1262/2064 1277/1263/2064 1299/1264/2064
f 1299/1264/2064 1302/1265/2064 1278/1262/2064
f 1277/1266/2065 1274/1267/2065 1300/1268/2065
f 1300/1268/2066 1299/1269/2066 1277/1266/2066
f 1301/1269/2067 1273/1266/2067 1278/1267/2067
f 1278/1267/2068 1302/1268/2068 1301/1269/2068
f 1274/1262/2069 1273/1263/2069 1301/1264/2069
f 1301/1264/2069 1300/1265/2069 1274/1262/2069
f 1303/1258/2070 1304/1259/2070 1305/1260/2070
f 1305/1260/2070 1306/1261/2070 1303/1258/2070
f 1286/1262/2071 1285/1263/2071 1303/1264/2071
f 1303/1264/2071 1306/1265/2071 1286/1262/2071
f 1285/1266/2072 1282/1267/2072 1304/1268/2072
f 1304/1268/2073 1303/1269/2073 1285/1266/2073
f 1305/1269/2074 1281/1266/2074 1286/1267/2074
f 1286/1267/2075 1306/1268/2075 1305/1269/2075
f 1282/1262/2076 1281/1263/2076 1305/1264/2076
f 1305/1264/2076 1304/1265/2076 1282/1262/2076
f 1307/1258/2077 1308/1259/2077 1309/1260/2077
f 1309/1260/2077 1310/1261/2077 1307/1258/2077
f 1294/1262/2078 1293/1263/2078 1307/1264/2078
f 1307/1264/2078 1310/1265/2078 1294/1262/2078
f 1293/1266/2079 1290/1267/2079 1308/1268/2079
f 1308/1268/2080 1307/1269/2080 1293/1266/2080
f 1309/1269/2081 1289/1266/2081 1294/1267/2081
f 1294/1267/2082 1310/1268/2082 1309/1269/2082
f 1290/1262/2083 1289/1263/2083 1309/1264/2083
f 1309/1264/2083 1308/1265/2083 1290/1262/2083
f 1311/1270/2084 1312/1271/2085 1313/1271/2086 1314/1272/2086
f 1315/1273/2087 1316/1274/2088 1317/1274/2089 1318/1275/2089
f 1319/1276/2090 1320/1277/2091 1321/1278/2092 1322/1279/2092
f 1323/1280/2093 1324/1281/2094 1325/1281/2095 1326/1282/2095
f 1329/1274/2096 1316/1274/2097 1315/1273/2098 1330/1283/2099
f 1311/1284/2100 1328/1284/2101 1327/1285/2102 1312/1286/2103
f 1331/1287/2104 1320/1287/2091 1319/1288/2105 1332/1289/2106
f 1323/1290/2107 1334/1290/2108 1333/1291/2109 1324/1292/2110
f 1321/1278/2111 1320/1277/2111 1311/1270/2111 1314/1272/2111 9/1293/2111
f 1321/1278/2111 1320/1277/2111 1311/1270/2111 1314/1272/2111 9/1293/2111
f 10/1294/2112 9/1295/2112 1314/1296/2112 1313/1297/2112
f 10/1294/2112 9/1295/2112 1314/1296/2112 1313/1297/2112
f 1313/1297/2113 1312/1286/2113 1315/1273/2113 1318/1275/2113 10/1294/2113
f 1313/1297/2113 1312/1286/2113 1315/1273/2113 1318/1275/2113 10/1294/2113
f 1311/1270/2100 1320/1277/2114 1331/1298/2104 1328/1299/2115
f 1315/1273/2098 1312/1286/2085 1327/1285/2102 1330/1283/2099
f 70/1300/2116 10/1301/2116 1318/1302/2116 1317/1303/2116
f 70/1300/2116 10/1301/2116 1318/1302/2116 1317/1303/2116
f 1317/1303/2117 1316/1304/2117 1323/1280/2117 1326/1282/2117 70/1300/2117
f 1317/1303/2117 1316/1304/2117 1323/1280/2117 1326/1282/2117 70/1300/2117
f 1323/1280/2093 1316/1304/2097 1329/1305/2096 1334/1306/2118
f 1319/1288/2105 1324/1292/2094 1333/1291/2109 1332/1289/2119
f 9/1293/2120 67/1307/2120 1322/1279/2120 1321/1278/2120
f 9/1293/2120 67/1307/2120 1322/1279/2120 1321/1278/2120
f 1325/1308/2121 1324/1292/2121 1319/1288/2121 1322/1309/2121 67/1310/2121
f 1325/1308/2121 1324/1292/2121 1319/1288/2121 1322/1309/2121 67/1310/2121
f 67/1310/2122 70/1311/2122 1326/1312/2122 1325/1308/2122
f 67/1310/2122 70/1311/2122 1326/1312/2122 1325/1308/2122
